nombre	raiz_externa
String.Slice.Model.positionsFrom_endPos	_private.Init.Data.String.Lemmas.Iterate.0.String.Slice.Model.positionsFrom.eq_1
String.Slice.Pattern.Model.CharPred.isLongestRevMatchAtChain_startPos_endPos_iff_toList	_private.Init.Data.String.Lemmas.Pattern.Pred.0.String.Slice.Pattern.Model.CharPred.isLongestRevMatchAtChain_startPos_endPos_iff_toList._simp_1_1
String.Pos.lt_ofSliceTo_iff	_private.Init.Data.String.Lemmas.Order.0.String.Pos.lt_ofSliceTo_iff.match_1_1
String.Pos.find?_bool_eq_none_iff	_private.Init.Data.String.Lemmas.Pattern.Find.Pred.0.String.Pos.find?_bool_eq_none_iff._simp_1_2
String.Pos.find?_bool_eq_none_iff	_private.Init.Data.String.Lemmas.Pattern.Find.Pred.0.String.Pos.find?_bool_eq_none_iff._simp_1_4
String.Pos.find?_bool_eq_none_iff	_private.Init.Data.String.Lemmas.Pattern.Find.Pred.0.String.Pos.find?_bool_eq_none_iff._simp_1_6
String.Slice.Pos.skipWhile_cast	_private.Init.Data.String.Lemmas.Pattern.TakeDrop.Basic.0.String.Slice.Pos.skipWhile.eq_1
String.apply_eq_true_of_skipSuffixWhile_le_bool	_private.Init.Data.String.Lemmas.Pattern.TakeDrop.Pred.0.String.apply_eq_true_of_skipSuffixWhile_le_bool._simp_1_1
String.startsWith_dropWhile	_private.Init.Data.String.Lemmas.Pattern.TakeDrop.Basic.0.String.startsWith_dropWhile._simp_1_1
String.Pos.lt_endPos_iff	_private.Init.Data.String.Lemmas.Order.0.String.Pos.lt_endPos_iff._simp_1_1
String.startsWith_slice_iff	_private.Init.Data.String.Lemmas.Pattern.TakeDrop.String.0.String.startsWith_slice_iff._simp_1_1
String.Slice.Pattern.Model.ForwardStringSearcher.matchesAt_iff_matchesAt_toSlice	_private.Init.Data.String.Lemmas.Pattern.String.Basic.0.String.Slice.Pattern.Model.ForwardStringSearcher.matchesAt_iff_matchesAt_toSlice._simp_1_1
String.Slice.Pattern.Model.ForwardStringSearcher.matchesAt_iff_matchesAt_toSlice	_private.Init.Data.String.Lemmas.Pattern.String.Basic.0.String.Slice.Pattern.Model.ForwardStringSearcher.matchesAt_iff_matchesAt_toSlice._simp_1_2
String.startsWith_prop_eq_head?	_private.Init.Data.String.Lemmas.Pattern.TakeDrop.Pred.0.String.startsWith_prop_eq_head?._simp_1_1
String.Slice.copy_sliceFrom_cast	_private.Init.Data.String.Lemmas.Splits.0.String.Slice.copy_sliceFrom_cast._simp_1_1
String.toList_split_bool	Std.Iter.toList
String.Slice.Pos.ofSlice_le_iff	_private.Init.Data.String.Lemmas.Order.0.String.Slice.Pos.ofSlice_le_iff._simp_1_1
String.Slice.Pos.ofSlice_le_iff	_private.Init.Data.String.Lemmas.Order.0.String.Slice.Pos.ofSlice_le_iff._simp_1_2
String.Slice.Pos.ofSlice_le_iff	Classical.not_forall._simp_1
String.Pos.ofSliceTo_lt_iff	_private.Init.Data.String.Lemmas.Order.0.String.Pos.ofSliceTo_lt_iff._simp_1_2
String.Slice.Pattern.Model.Char.not_revMatchesAt_of_get_ne	_private.Init.Data.String.Lemmas.Pattern.Char.0.String.Slice.Pattern.Model.Char.not_revMatchesAt_of_get_ne._simp_1_1
String.Slice.Pattern.Model.ForwardStringSearcher.isLongestMatchAtChain_iff	_private.Init.Data.String.Lemmas.Pattern.String.Basic.0.String.Slice.Pattern.Model.ForwardStringSearcher.isLongestMatchAtChain_iff._simp_1_1
String.Slice.Pattern.Model.ForwardStringSearcher.isLongestMatchAtChain_iff	_private.Init.Data.String.Lemmas.Pattern.String.Basic.0.String.Slice.Pattern.Model.ForwardStringSearcher.isLongestMatchAtChain_iff._simp_1_2
String.startsWith_string_eq_false_iff	_private.Init.Data.String.Lemmas.Pattern.TakeDrop.String.0.String.startsWith_string_eq_false_iff._simp_1_1
String.Slice.Pos.apply_revSkipWhile_bool_eq_false	_private.Init.Data.String.Lemmas.Pattern.TakeDrop.Pred.0.String.Slice.Pos.apply_revSkipWhile_bool_eq_false._simp_1_1
String.Slice.Pattern.Model.CharPred.Decidable.instLawfulToBackwardSearcherModelForallCharPropDefaultBackwardSearcherForallBoolDecide	Std.Iter.toList
String.Slice.Pattern.Model.CharPred.Decidable.instLawfulToBackwardSearcherModelForallCharPropDefaultBackwardSearcherForallBoolDecide	_private.Init.Data.String.Lemmas.Pattern.Pred.0.String.Slice.Pattern.Model.CharPred.Decidable.instLawfulToBackwardSearcherModelForallCharPropDefaultBackwardSearcherForallBoolDecide._simp_1
String.Slice.Pattern.Model.CharPred.Decidable.revMatchesAt_iff	_private.Init.Data.String.Lemmas.Pattern.Pred.0.String.Slice.Pattern.Model.CharPred.Decidable.revMatchesAt_iff._simp_1_1
String.Slice.Pattern.Model.CharPred.Decidable.revMatchesAt_iff	_private.Init.Data.String.Lemmas.Pattern.Pred.0.String.Slice.Pattern.Model.CharPred.Decidable.revMatchesAt_iff._simp_1_2
String.Slice.beq_list_eq_false_iff	_private.Init.Data.String.Lemmas.Slice.0.String.Slice.beq_list_eq_false_iff._simp_1_2
String.startsWith_slice_eq_false_iff	_private.Init.Data.String.Lemmas.Pattern.TakeDrop.String.0.String.startsWith_slice_eq_false_iff._simp_1_1
String.Slice.Pattern.Model.CharPred.Decidable.revMatchAt?_eq	_private.Init.Data.String.Lemmas.Pattern.Pred.0.String.Slice.Pattern.Model.CharPred.Decidable.revMatchAt?_eq._simp_1_2
String.Slice.Pattern.Model.CharPred.Decidable.revMatchAt?_eq	_private.Init.Data.String.Lemmas.Pattern.Pred.0.String.Slice.Pattern.Model.CharPred.Decidable.revMatchAt?_eq._simp_1_1
String.Slice.Pattern.Model.LawfulToForwardSearcherModel.isValidSearchFrom_toList	Std.Iter.toList
Char.instLawfulHasSize_1	Fin.instLawfulHasSize_1
Char.instLawfulHasSize_1	_private.Init.Data.Range.Polymorphic.Char.0.Char.map
Char.instLawfulHasSize_1	_private.Init.Data.Range.Polymorphic.Char.0.Char.instPreservesLEFinNumCodePointsMap
Char.instLawfulHasSize_1	_private.Init.Data.Range.Polymorphic.Char.0.Char.instPreservesRxoSizeFinNumCodePointsMap
String.Slice.Pattern.Model.Pos.skip?_eq_none_iff	_private.Init.Data.String.Lemmas.Pattern.TakeDrop.Basic.0.String.Slice.Pattern.Model.Pos.skip?_eq_none_iff._simp_1_1
String.Slice.Pattern.Model.Pos.skip?_eq_none_iff	_private.Init.Data.String.Lemmas.Pattern.TakeDrop.Basic.0.String.Slice.Pattern.Model.Pos.skip?_eq_none_iff._simp_1_2
String.endsWith_dropEndWhile	_private.Init.Data.String.Lemmas.Pattern.TakeDrop.Basic.0.String.endsWith_dropEndWhile._simp_1_1
String.Pos.Splits.rotateLeft	_private.Init.Data.String.Lemmas.Splits.0.String.Pos.Splits.rotateLeft._proof_1
String.posGE_le_iff	_private.Init.Data.String.FindPos.0.String.posGE._proof_1
String.posGE_le_iff	_private.Init.Data.String.Lemmas.FindPos.0.String.posGE_le_iff._simp_1_2
String.Slice.Pattern.Model.Pos.le_skipWhile_of_isLongestMatchAtChain	_private.Init.Data.String.Lemmas.Pattern.TakeDrop.Basic.0.String.Slice.Pos.skipWhile.eq_1
String.Slice.Pattern.Model.Pos.le_skipWhile_of_isLongestMatchAtChain	Std.not_lt
String.Slice.foldr_eq_foldr_toList	Std.Iterators.Types.Map.instIteratorLoop
String.Slice.foldr_eq_foldr_toList	_private.Init.Data.String.Lemmas.Iterate.0.String.Slice.foldr.eq_1
String.Slice.foldr_eq_foldr_toList	Std.Iter.toList
String.Slice.foldr_eq_foldr_toList	Std.Iter.foldl_toList
String.Slice.foldr_eq_foldr_toList	Std.instLawfulIteratorLoopDefaultImplementation
String.Pos.nextn_add_one	_private.Init.Data.String.Lemmas.Basic.0.String.Pos.nextn_add_one._simp_1_1
Char.succ?_eq	_private.Init.Data.Char.Ordinal.0.Char.succ?._proof_1
Char.succ?_eq	_private.Init.Data.Char.Ordinal.0.Char.succ?_eq._proof_1_9
Char.succ?_eq	_private.Init.Data.Char.Ordinal.0.Char.succ?_eq._proof_1_8
Char.succ?_eq	_private.Init.Data.Char.Ordinal.0.Char.succ?_eq._proof_1_5
Char.succ?_eq	_private.Init.Data.Char.Ordinal.0.Char.succ?._proof_3
Char.succ?_eq	_private.Init.Data.Char.Ordinal.0.Char.succ?_eq._proof_1_15
Char.succ?_eq	_private.Init.Data.Char.Ordinal.0.Char.succ?_eq._proof_1_14
Char.succ?_eq	_private.Init.Data.Char.Ordinal.0.Char.succ?_eq._proof_1_13
Char.succ?_eq	_private.Init.Data.Char.Ordinal.0.Char.succ?_eq._proof_1_12
Char.succ?_eq	_private.Init.Data.Char.Ordinal.0.Char.succ?_eq._proof_1_17
String.Slice.Pattern.Model.isLongestMatchAt_cast_iff	_private.Init.Data.String.Lemmas.Pattern.Basic.0.String.Slice.Pattern.Model.isLongestMatchAt_cast_iff._simp_1_1
String.Slice.Pattern.Model.LawfulToForwardSearcherModel.mk	Std.Iter.toList
String.Slice.Pattern.Model.matchesAt_iff_exists_isMatch	_private.Init.Data.String.Lemmas.Pattern.Basic.0.String.Slice.Pattern.Model.matchesAt_iff_exists_isMatch.match_1_1
String.Slice.Pattern.Model.matchesAt_iff_exists_isMatch	_private.Init.Data.String.Lemmas.Pattern.Basic.0.String.Slice.Pattern.Model.matchesAt_iff_exists_isMatch.match_1_3
String.startsWith_char_eq_false_iff_get	_private.Init.Data.String.Lemmas.Pattern.TakeDrop.Char.0.String.startsWith_char_eq_false_iff_get._simp_1_1
String.startsWith_char_eq_false_iff_get	_private.Init.Data.String.Lemmas.Pattern.TakeDrop.Char.0.String.startsWith_char_eq_false_iff_get._simp_1_2
String.Slice.find?_char_eq_some_iff	_private.Init.Data.String.Lemmas.Pattern.Find.Char.0.String.Slice.find?_char_eq_some_iff._proof_1_4
String.Pos.Raw.isValidUTF8_extract_iff	Classical.or_iff_not_imp_left
String.Slice.Model.positionsFrom	_private.Init.Data.String.Lemmas.Iterate.0.String.Slice.Model.positionsFrom._proof_1
String.Slice.Model.positionsFrom	_private.Init.Data.String.Lemmas.Iterate.0.String.Slice.Model.positionsFrom._proof_2
String.Pos.Raw.isValid_iff_isSome_utf8DecodeChar?	_private.Init.Data.String.Basic.0.String.Pos.Raw.isValid_iff_isSome_utf8DecodeChar?._simp_1_1
String.Slice.Pattern.Model.LawfulToBackwardSearcherModel.recOn	Std.Iter.toList
String.toList_append	_private.Init.Data.String.Basic.0.String.toList_append._simp_1_1
String.toList_positions	Std.Iter.toList
String.Slice.endsWith_char_eq_false_iff_forall_append	_private.Init.Data.String.Lemmas.Pattern.TakeDrop.Char.0.String.Slice.endsWith_char_eq_false_iff_forall_append._simp_1_2
String.Slice.find?_eq_none_iff	Std.LawfulIteratorLoop
String.Slice.Pattern.Model.LawfulToForwardSearcherModel.defaultImplementation	Std.Iter.toList
String.Slice.Pattern.Model.LawfulToForwardSearcherModel.defaultImplementation	Std.Iter.toList_eq_match_step
String.Pos.sliceFrom	_private.Init.Data.String.Basic.0.String.Pos.sliceFrom._proof_1
String.Pos.ofSlice_lt_iff	_private.Init.Data.String.Lemmas.Order.0.String.Pos.ofSlice_lt_iff._simp_1_2
String.Pos.ofSlice_lt_iff	Classical.not_forall._simp_1
String.Slice.Pattern.Model.LawfulBackwardPatternModel.skipSuffix?_eq_none_iff	_private.Init.Data.String.Lemmas.Pattern.Basic.0.String.Slice.Pattern.Model.LawfulBackwardPatternModel.skipSuffix?_eq_none_iff._simp_1_1
String.Slice.Pattern.Model.CharPred.Decidable.isRevMatch_iff_isRevMatch_decide	_private.Init.Data.String.Lemmas.Pattern.Pred.0.String.Slice.Pattern.Model.CharPred.Decidable.isRevMatch_iff_isRevMatch_decide.match_1_1
String.Slice.Pattern.Model.CharPred.Decidable.isRevMatch_iff_isRevMatch_decide	_private.Init.Data.String.Lemmas.Pattern.Pred.0.String.Slice.Pattern.Model.CharPred.Decidable.isRevMatch_iff_isRevMatch_decide.match_1_3
Char.succ?.fun_cases_unfolding	_private.Init.Data.Char.Ordinal.0.Char.succ?._proof_1
Char.succ?.fun_cases_unfolding	_private.Init.Data.Char.Ordinal.0.Char.succ?._proof_3
Char.succ?.fun_cases_unfolding	_private.Init.Data.Char.Ordinal.0.Char.succ?.eq_def
String.Slice.Pos.find?_char_eq_some_iff_splits	_private.Init.Data.String.Lemmas.Pattern.Find.Char.0.String.Slice.Pos.find?_char_eq_some_iff_splits._simp_1_1
String.Slice.endsWith_bool_eq_false_iff_get	_private.Init.Data.String.Lemmas.Pattern.TakeDrop.Pred.0.String.Slice.endsWith_bool_eq_false_iff_get._simp_1_1
String.Slice.endsWith_bool_eq_false_iff_get	_private.Init.Data.String.Lemmas.Pattern.TakeDrop.Pred.0.String.Slice.endsWith_bool_eq_false_iff_get._simp_1_2
String.Slice.Pos.revSkip?_char_eq_none_iff	_private.Init.Data.String.Lemmas.Pattern.TakeDrop.Char.0.String.Slice.Pos.revSkip?_char_eq_none_iff._simp_1_1
String.Slice.Pos.revSkip?_char_eq_none_iff	_private.Init.Data.String.Lemmas.Pattern.TakeDrop.Char.0.String.Slice.Pos.revSkip?_char_eq_none_iff._simp_1_2
ByteArray.extract_append_size_add	Array.extract_append
ByteArray.utf8Size_utf8DecodeChar	UInt8.isUTF8FirstByte_getElem_zero_utf8EncodeChar
ByteArray.utf8Size_utf8DecodeChar	_private.Init.Data.String.Decode.0.Char.utf8ByteSize_getElem_utf8EncodeChar
String.Pos.ofSliceTo_ne_endPos	_private.Init.Data.String.Lemmas.Order.0.String.Pos.ofSliceTo_ne_endPos._simp_1_1
String.Pos.ofSliceTo_ne_endPos	_private.Init.Data.String.Lemmas.Order.0.String.Pos.ofSliceTo_ne_endPos._simp_1_2
String.Slice.ByteIterator.instIteratorLoopUInt8OfMonad	Std.IteratorLoop.defaultImplementation
String.find?_char_eq_some_iff	_private.Init.Data.String.Lemmas.Pattern.Find.Char.0.String.find?_char_eq_some_iff._simp_1_2
String.find?_char_eq_some_iff	_private.Init.Data.String.Lemmas.Pattern.Find.Char.0.String.find?_char_eq_some_iff._simp_1_4
String.find?_char_eq_some_iff	_private.Init.Data.String.Lemmas.Pattern.Find.Char.0.String.find?_char_eq_some_iff._simp_1_5
String.endsWith_bool_iff_get	_private.Init.Data.String.Lemmas.Pattern.TakeDrop.Pred.0.String.endsWith_bool_iff_get._simp_1_1
String.endsWith_bool_iff_get	_private.Init.Data.String.Lemmas.Pattern.TakeDrop.Pred.0.String.endsWith_bool_iff_get._simp_1_2
String.startsWith_bool_eq_head?	_private.Init.Data.String.Lemmas.Pattern.TakeDrop.Pred.0.String.startsWith_bool_eq_head?._simp_1_1
String.Slice.Pattern.Model.matchesAt_iff_matchesAt_ofSliceFrom	_private.Init.Data.String.Lemmas.Pattern.Basic.0.String.Slice.Pattern.Model.matchesAt_iff_matchesAt_ofSliceFrom._simp_1_1
String.Slice.Pattern.Model.CharPred.Decidable.matchesAt_iff	_private.Init.Data.String.Lemmas.Pattern.Pred.0.String.Slice.Pattern.Model.CharPred.Decidable.matchesAt_iff._simp_1_1
String.Slice.Pattern.Model.CharPred.Decidable.matchesAt_iff	_private.Init.Data.String.Lemmas.Pattern.Pred.0.String.Slice.Pattern.Model.CharPred.Decidable.matchesAt_iff._simp_1_2
String.Slice.Pos.Splits.splits_rotateRight	_private.Init.Data.String.Lemmas.Splits.0.String.Slice.Pos.Splits.rotateRight._proof_1
String.Slice.Pos.revSkipWhile_prop_eq_self_iff_get	_private.Init.Data.String.Lemmas.Pattern.TakeDrop.Pred.0.String.Slice.Pos.revSkipWhile_prop_eq_self_iff_get._simp_1_1
String.Pos.ofSliceTo_prev	_private.Init.Data.String.Lemmas.FindPos.0.String.Pos.ofSliceTo_prev._simp_1_1
String.Pos.ofSliceTo_prev	_private.Init.Data.String.Lemmas.FindPos.0.String.Pos.ofSliceTo_prev._simp_1_2
String.Pos.ofSliceTo_prev	_private.Init.Data.String.Lemmas.FindPos.0.String.Pos.ofSliceTo_prev._simp_1_3
String.Slice.Pattern.Model.LawfulToBackwardSearcherModel.rec	Std.Iter.toList
String.Slice.Pos.skip?_bool_eq_none_iff	_private.Init.Data.String.Lemmas.Pattern.TakeDrop.Pred.0.String.Slice.Pos.skip?_bool_eq_none_iff._simp_1_1
String.Slice.Pos.skip?_bool_eq_none_iff	_private.Init.Data.String.Lemmas.Pattern.TakeDrop.Pred.0.String.Slice.Pos.skip?_bool_eq_none_iff._simp_1_2
String.Slice.Pattern.Model.IsLongestMatch.le_of_isMatch	Std.not_lt
String.Slice.endsWith_char_iff_exists_append	_private.Init.Data.String.Lemmas.Pattern.TakeDrop.Char.0.String.Slice.endsWith_char_iff_exists_append._simp_1_1
String.Slice.Pattern.Model.BackwardStringSearcher.instLawfulBackwardPatternModel	_private.Init.Data.String.Lemmas.Pattern.String.ForwardPattern.0.String.Slice.Pattern.BackwardSliceSearcher.isSome_skipSuffix?
String.Slice.Pattern.Model.BackwardStringSearcher.instLawfulBackwardPatternModel	_private.Init.Data.String.Lemmas.Pattern.String.ForwardPattern.0.String.Slice.Pattern.Model.BackwardSliceSearcher.instLawfulBackwardPatternModel._simp_1
String.Slice.Pattern.Model.BackwardStringSearcher.instLawfulBackwardPatternModel	_private.Init.Data.String.Lemmas.Pattern.String.ForwardPattern.0.String.Slice.Pattern.Model.BackwardStringSearcher.instLawfulBackwardPatternModel._simp_1
String.Slice.Pattern.Model.CharPred.Decidable.isLongestRevMatchAt_iff_isLongestRevMatchAt_decide	_private.Init.Data.String.Lemmas.Pattern.Pred.0.String.Slice.Pattern.Model.CharPred.Decidable.isLongestRevMatchAt_iff_isLongestRevMatchAt_decide._simp_1_1
String.Slice.Pattern.Model.CharPred.Decidable.isLongestRevMatchAt_iff_isLongestRevMatchAt_decide	_private.Init.Data.String.Lemmas.Pattern.Pred.0.String.Slice.Pattern.Model.CharPred.Decidable.isLongestRevMatchAt_iff_isLongestRevMatchAt_decide._simp_1_2
String.back_eq	_private.Init.Data.String.Lemmas.Search.0.String.back_eq._simp_1_1
String.Pos.slice_ofSlice	_private.Init.Data.String.Basic.0.String.Pos.slice_ofSlice._simp_1_1
String.Slice.Pattern.Model.IsMatch.exists_isLongestMatch	Classical.propDecidable
String.Slice.dropWhile_copy	_private.Init.Data.String.Lemmas.Pattern.TakeDrop.Basic.0.String.Slice.dropWhile_copy._simp_1_1
String.Slice.endsWith_dropEndWhile	_private.Init.Data.String.Lemmas.Pattern.TakeDrop.Basic.0.String.Slice.endsWith_dropEndWhile._simp_1_1
String.Slice.endsWith_dropEndWhile	_private.Init.Data.String.Lemmas.Pattern.TakeDrop.Basic.0.String.Slice.endsWith_dropEndWhile._simp_1_2
String.length_push	_private.Init.Data.String.Length.0.String.length_push._simp_1_1
String.Slice.Pattern.Model.LawfulForwardPatternModel.skipPrefix?_eq_none_iff	_private.Init.Data.String.Lemmas.Pattern.Basic.0.String.Slice.Pattern.Model.LawfulForwardPatternModel.skipPrefix?_eq_none_iff._simp_1_1
String.forIn_eq_forIn_toList	Std.Iterators.Types.Map.instIteratorLoop
String.forIn_eq_forIn_toList	Std.Iter.toList
String.forIn_eq_forIn_toList	Std.Iter.forIn_toList
String.forIn_eq_forIn_toList	Std.instLawfulIteratorLoopDefaultImplementation
String.Slice.Pattern.Model.CharPred.Decidable.not_matchesAt_of_get	_private.Init.Data.String.Lemmas.Pattern.Pred.0.String.Slice.Pattern.Model.CharPred.Decidable.not_matchesAt_of_get._simp_1_1
String.Slice.Pattern.BackwardSliceSearcher.skipSuffix?_of_isEmpty	_private.Init.Data.String.Lemmas.Pattern.String.ForwardPattern.0.String.Slice.Pattern.BackwardSliceSearcher.skipSuffix?_of_isEmpty._simp_1_1
String.endsWith_prop_iff_get	_private.Init.Data.String.Lemmas.Pattern.TakeDrop.Pred.0.String.endsWith_prop_iff_get._simp_1_1
String.endsWith_prop_iff_get	_private.Init.Data.String.Lemmas.Pattern.TakeDrop.Pred.0.String.endsWith_prop_iff_get._simp_1_2
String.Slice.Pattern.Model.endsWith_iff	Classical.not_not
String.Pos.lt_ofSliceFrom_iff	_private.Init.Data.String.Lemmas.Order.0.String.Pos.lt_ofSliceFrom_iff._simp_1_2
String.Slice.Pattern.Model.revMatchesAt_iff_revMatchesAt_ofSliceTo	_private.Init.Data.String.Lemmas.Pattern.Basic.0.String.Slice.Pattern.Model.revMatchesAt_iff_revMatchesAt_ofSliceTo._simp_1_1
String.Pos.Raw.isValid_append	List.take_eq_take_min
String.all_bool_eq	_private.Init.Data.String.Lemmas.Pattern.TakeDrop.Pred.0.String.all_bool_eq._simp_1_1
String.Slice.Pattern.Model.ForwardSliceSearcher.isLongestMatchAt_iff_extract	_private.Init.Data.String.Lemmas.Pattern.String.Basic.0.String.Slice.Pattern.Model.ForwardSliceSearcher.isLongestMatchAt_iff_extract.match_1_1
String.Slice.Pattern.Model.ForwardSliceSearcher.isLongestMatchAt_iff_extract	_private.Init.Data.String.Lemmas.Pattern.String.Basic.0.String.Slice.Pattern.Model.ForwardSliceSearcher.isLongestMatchAt_iff_extract._proof_1_5
String.Pos.Raw.isValid_iff_exists_take_toList	_private.Init.Data.String.Basic.0.String.Pos.Raw.isValid_iff_exists_take_toList._simp_1_1
String.Slice.Pattern.Model.isLongestRevMatchAt_iff_isLongestRevMatchAt_ofSliceTo	_private.Init.Data.String.Lemmas.Pattern.Basic.0.String.Slice.Pattern.Model.isLongestRevMatch_of_eq
String.Pos.revSkip?_prop_eq_some_iff	_private.Init.Data.String.Lemmas.Pattern.TakeDrop.Pred.0.String.Pos.revSkip?_prop_eq_some_iff._simp_1_1
String.Slice.Pattern.Model.ForwardSliceSearcher.revMatchesAt_iff_splits	_private.Init.Data.String.Lemmas.Pattern.String.Basic.0.String.Slice.Pattern.Model.ForwardSliceSearcher.revMatchesAt_iff_splits._simp_1_1
String.Slice.Pattern.Model.ForwardSliceSearcher.revMatchesAt_iff_splits	_private.Init.Data.String.Lemmas.Pattern.String.Basic.0.String.Slice.Pattern.Model.ForwardSliceSearcher.revMatchesAt_iff_splits._simp_1_2
String.Slice.Pattern.Model.ForwardSliceSearcher.revMatchesAt_iff_splits	_private.Init.Data.String.Lemmas.Pattern.String.Basic.0.String.Slice.Pattern.Model.ForwardSliceSearcher.revMatchesAt_iff_splits.match_1_3
String.Slice.Pattern.Model.ForwardSliceSearcher.revMatchesAt_iff_splits	_private.Init.Data.String.Lemmas.Pattern.String.Basic.0.String.Slice.Pattern.Model.ForwardSliceSearcher.revMatchesAt_iff_splits.match_1_5
String.Slice.foldr	Std.Iterators.Types.Map.instIteratorLoop
String.Pos.revSkip?_bool_eq_some_iff	_private.Init.Data.String.Lemmas.Pattern.TakeDrop.Pred.0.String.Pos.revSkip?_bool_eq_some_iff._simp_1_1
String.Pos.eq_next_of_next?_eq_some	_private.Init.Data.String.Termination.0.String.Pos.eq_next_of_next?_eq_some._simp_1_1
String.Pos.slice_le_iff	_private.Init.Data.String.Lemmas.Order.0.String.Pos.slice_le_iff._simp_1_1
String.Pos.slice_le_iff	Classical.imp_iff_left_iff._simp_1
String.Pos.ofSliceTo	_private.Init.Data.String.Basic.0.String.Pos.ofSliceTo._proof_1
String.Slice.Pattern.Model.Pos.skipWhile_eq_self	_private.Init.Data.String.Lemmas.Pattern.TakeDrop.Basic.0.String.Slice.Pos.skipWhile.eq_1
String.Slice.Pos.sliceFrom_lt_iff	_private.Init.Data.String.Lemmas.Order.0.String.Slice.Pos.sliceFrom_lt_iff._simp_1_2
String.Slice.foldl_eq_foldl_toList	Std.Iterators.Types.Map.instIteratorLoop
String.Slice.foldl_eq_foldl_toList	_private.Init.Data.String.Lemmas.Iterate.0.String.Slice.foldl.eq_1
String.Slice.foldl_eq_foldl_toList	Std.Iter.toList
String.Slice.foldl_eq_foldl_toList	Std.Iter.foldl_toList
String.Slice.foldl_eq_foldl_toList	Std.instLawfulIteratorLoopDefaultImplementation
String.Slice.Pattern.Model.CharPred.Decidable.isLongestMatchAt_iff	_private.Init.Data.String.Lemmas.Pattern.Pred.0.String.Slice.Pattern.Model.CharPred.Decidable.isLongestMatchAt_iff._simp_1_1
String.Slice.Pattern.Model.CharPred.Decidable.isLongestMatchAt_iff	_private.Init.Data.String.Lemmas.Pattern.Pred.0.String.Slice.Pattern.Model.CharPred.Decidable.isLongestMatchAt_iff._simp_1_2
String.Slice.Pos.remainingBytes_inj	_private.Init.Data.String.Termination.0.String.Slice.Pos.remainingBytes_inj._proof_1_3
String.startsWith_prop_eq_false_iff_get	_private.Init.Data.String.Lemmas.Pattern.TakeDrop.Pred.0.String.startsWith_prop_eq_false_iff_get._simp_1_1
String.startsWith_prop_eq_false_iff_get	_private.Init.Data.String.Lemmas.Pattern.TakeDrop.Pred.0.String.startsWith_prop_eq_false_iff_get._simp_1_2
String.Pos.ofCopy	_private.Init.Data.String.Basic.0.String.Pos.ofCopy._proof_1
String.isEmpty_dropEndWhile	_private.Init.Data.String.Lemmas.Pattern.TakeDrop.Basic.0.String.isEmpty_dropEndWhile._simp_1_1
String.Slice.Pattern.Model.revMatchAt?	Classical.propDecidable
String.Slice.Pattern.Model.revMatchAt?	Exists.choose
String.Slice.toList_split_char	Std.Iter.toList
String.Slice.toList_split_char	_private.Init.Data.String.Lemmas.Pattern.Split.Char.0.String.Slice.toList_split_char._simp_1_1
String.Slice.Pos.le_slice_iff	_private.Init.Data.String.Lemmas.Order.0.String.Slice.Pos.le_slice_iff._simp_1_1
String.Slice.Pos.le_slice_iff	Classical.imp_iff_left_iff._simp_1
String.toList_revPositions	Std.Iter.toList
ByteArray.set_eq_push_extract_append_extract	Array.set_eq_push_extract_append_extract
String.length_eq_zero_iff	_private.Init.Data.String.Lemmas.Length.0.String.length_eq_zero_iff._simp_1_1
String.Slice.Pattern.Model.Char.matchesAt_iff_matchesAt_beq	_private.Init.Data.String.Lemmas.Pattern.Char.0.String.Slice.Pattern.Model.Char.matchesAt_iff_matchesAt_beq._simp_1_1
String.Slice.Pattern.Model.Char.matchesAt_iff_matchesAt_beq	_private.Init.Data.String.Lemmas.Pattern.Char.0.String.Slice.Pattern.Model.Char.matchesAt_iff_matchesAt_beq._simp_1_2
String.Slice.get_skipSuffixWhile_char_ne	_private.Init.Data.String.Lemmas.Pattern.TakeDrop.Char.0.String.Slice.get_skipSuffixWhile_char_ne._simp_1_1
String.Pos.sliceFrom_lt_sliceFrom_iff	_private.Init.Data.String.Lemmas.Order.0.String.Pos.sliceFrom_lt_sliceFrom_iff._proof_1_6
String.Slice.Pos.Splits.rotateRight	_private.Init.Data.String.Lemmas.Splits.0.String.Slice.Pos.Splits.rotateRight._proof_1
String.Slice.Pattern.ForwardSliceSearcher.skipPrefix?.fun_cases_unfolding	_private.Init.Data.String.Lemmas.Pattern.String.ForwardPattern.0.String.Slice.Pattern.ForwardSliceSearcher.skipPrefix?.eq_def
String.Slice.Pattern.Model.isRevMatch_iff	_private.Init.Data.String.Lemmas.Pattern.Basic.0.String.Slice.Pattern.Model.isRevMatch_iff.match_1_1
String.skipSuffix?_prop_eq_some_iff	_private.Init.Data.String.Lemmas.Pattern.TakeDrop.Pred.0.String.skipSuffix?_prop_eq_some_iff._simp_1_2
String.skipSuffix?_prop_eq_some_iff	_private.Init.Data.String.Lemmas.Pattern.TakeDrop.Pred.0.String.skipSuffix?_prop_eq_some_iff._simp_1_1
String.startsWith_bool_eq_false_iff_get	_private.Init.Data.String.Lemmas.Pattern.TakeDrop.Pred.0.String.startsWith_bool_eq_false_iff_get._simp_1_1
String.startsWith_bool_eq_false_iff_get	_private.Init.Data.String.Lemmas.Pattern.TakeDrop.Pred.0.String.startsWith_bool_eq_false_iff_get._simp_1_2
String.Pos.ofSliceTo_next	_private.Init.Data.String.Lemmas.Order.0.String.Pos.ofSliceTo_next._simp_1_1
String.Pos.ofSliceTo_next	_private.Init.Data.String.Lemmas.Order.0.String.Pos.ofSliceTo_next._simp_1_2
String.Pos.ofSliceTo_next	_private.Init.Data.String.Lemmas.Order.0.String.Pos.ofSliceTo_next._simp_1_3
String.Pos.ofSliceTo_next	_private.Init.Data.String.Lemmas.Order.0.String.Pos.ofSliceTo_next._simp_1_4
String.Slice.Pattern.Model.ForwardSliceSearcher.isLongestRevMatchAtChain_iff	_private.Init.Data.String.Lemmas.Pattern.String.Basic.0.String.Slice.Pattern.Model.ForwardSliceSearcher.isLongestRevMatchAtChain_iff.match_1_1
String.Slice.Pattern.Model.ForwardSliceSearcher.isLongestRevMatchAtChain_iff	_private.Init.Data.String.Lemmas.Pattern.String.Basic.0.String.Slice.Pattern.Model.ForwardSliceSearcher.isLongestRevMatchAtChain_iff._simp_1_5
String.Slice.revAll_congr	Std.instLawfulEqOrdOfLawfulOrderOrdOfAntisymmLe
String.Slice.Pattern.Model.Pos.skip?_eq_some_iff	_private.Init.Data.String.Lemmas.Pattern.TakeDrop.Basic.0.String.Slice.Pattern.Model.Pos.skip?_eq_some_iff._simp_1_2
String.Slice.Pattern.Model.Pos.skip?_eq_some_iff	_private.Init.Data.String.Lemmas.Pattern.TakeDrop.Basic.0.String.Slice.Pattern.Model.Pos.skip?_eq_some_iff._simp_1_3
String.Slice.Pos.instLawfulOrderBEq	_private.Init.Data.String.OrderInstances.0.String.Slice.Pos.instLawfulOrderBEq._proof_1
String.endsWith_prop_eq_false_iff_get	_private.Init.Data.String.Lemmas.Pattern.TakeDrop.Pred.0.String.endsWith_prop_eq_false_iff_get._simp_1_1
String.endsWith_prop_eq_false_iff_get	_private.Init.Data.String.Lemmas.Pattern.TakeDrop.Pred.0.String.endsWith_prop_eq_false_iff_get._simp_1_2
String.Pos.le_skipWhile	_private.Init.Data.String.Lemmas.Pattern.TakeDrop.Basic.0.String.Pos.le_skipWhile._simp_1_1
String.Slice.contains_slice_iff	_private.Init.Data.String.Lemmas.Pattern.Find.String.0.String.Slice.contains_eq_true_of_isEmpty
String.Slice.contains_slice_iff	_private.Init.Data.String.Lemmas.Pattern.Find.String.0.String.Slice.contains_slice_iff._simp_1_1
String.Slice.contains_slice_iff	Std.instLawfulIteratorLoopDefaultImplementation
String.Slice.contains_slice_iff	_private.Init.Data.String.Lemmas.Pattern.Find.String.0.String.Slice.contains_slice_iff._simp_1_2
String.Slice.contains_slice_iff	_private.Init.Data.String.Lemmas.Pattern.Find.String.0.String.Slice.contains_slice_iff._simp_1_3
Char.instLawfulUpwardEnumerableLT	Fin.instLawfulUpwardEnumerableLT
Char.instLawfulUpwardEnumerableLT	_private.Init.Data.Range.Polymorphic.Char.0.Char.map
Char.instLawfulUpwardEnumerableLT	_private.Init.Data.Range.Polymorphic.Char.0.Char.instPreservesLEFinNumCodePointsMap
String.Slice.cast_skipPrefixWhile	_private.Init.Data.String.Lemmas.Pattern.TakeDrop.Basic.0.String.Slice.cast_skipPrefixWhile._simp_1_1
String.singleton_append_inj	_private.Init.Data.String.Lemmas.Basic.0.String.singleton_append_inj._simp_1_1
String.fromUTF8?	instDecidableIsValidUTF8
String.Slice.Pos.sliceFrom_le_sliceFrom_iff	_private.Init.Data.String.Lemmas.Order.0.String.Slice.Pos.sliceFrom_le_sliceFrom_iff._proof_1_3
String.Slice.posLT_eq_iff	_private.Init.Data.String.Lemmas.FindPos.0.String.Slice.posLT_eq_iff._simp_1_1
String.find?_prop_eq_some_iff	_private.Init.Data.String.Lemmas.Pattern.Find.Pred.0.String.find?_prop_eq_some_iff._simp_1_1
String.Slice.PosIterator.instIteratorLoopSubtypePosNeEndPosOfMonad	Std.IteratorLoop.defaultImplementation
String.apply_skipPrefixWhile_prop	_private.Init.Data.String.Lemmas.Pattern.TakeDrop.Pred.0.String.apply_skipPrefixWhile_prop._simp_1_1
String.Slice.Pattern.Model.find?_eq_some_iff	Std.LawfulIteratorLoop
String.Slice.Pattern.Model.find?_eq_some_iff	Std.Iter.toList
String.Slice.Pattern.Model.find?_eq_some_iff	Std.Iter.findSome?_toList
String.Slice.Pattern.Model.find?_eq_some_iff	_private.Init.Data.String.Lemmas.Pattern.Find.Basic.0.String.Slice.Pattern.Model.find?_eq_some_iff._proof_1_7
String.Slice.Pattern.Model.find?_eq_some_iff	_private.Init.Data.String.Lemmas.Pattern.Find.Basic.0.String.Slice.Pattern.Model.find?_eq_some_iff._proof_1_8
String.Slice.Pos.lt_sliceFrom_iff	_private.Init.Data.String.Lemmas.Order.0.String.Slice.Pos.lt_sliceFrom_iff._simp_1_1
String.Slice.le_posLE_iff	Std.le_iff_lt_or_eq
String.Pos.Splits.prevn	_private.Init.Data.String.Lemmas.Splits.0.String.Pos.Splits.prevn._simp_1_1
String.Slice.Subslice.cast	_private.Init.Data.String.Subslice.0.String.Slice.Subslice.cast._proof_1
String.Slice.Pattern.Model.isMatch_sliceTo_iff	_private.Init.Data.String.Lemmas.Pattern.Basic.0.String.Slice.Pattern.Model.isMatch_sliceTo_iff._simp_1_1
String.Slice.Pattern.Model.ForwardStringSearcher.matchesAt_iff_toSlice	_private.Init.Data.String.Lemmas.Pattern.String.Basic.0.String.Slice.Pattern.Model.ForwardStringSearcher.matchesAt_iff_toSlice._simp_1_1
String.Slice.Pattern.Model.ForwardStringSearcher.matchesAt_iff_toSlice	_private.Init.Data.String.Lemmas.Pattern.String.Basic.0.String.Slice.Pattern.Model.ForwardStringSearcher.matchesAt_iff_toSlice._simp_1_2
String.Slice.find?_prop_eq_some_iff_splits	_private.Init.Data.String.Lemmas.Pattern.Find.Pred.0.String.Slice.find?_prop_eq_some_iff_splits._simp_1_1
String.Slice.mem_toList_copy_iff_exists_get	_private.Init.Data.String.Lemmas.Iterate.0.String.Slice.mem_toList_copy_iff_exists_get._simp_1_1
String.Slice.Pattern.Model.LawfulToBackwardSearcherModel.mk	Std.Iter.toList
ByteArray.extract_zero_size	Array.extract_eq_self_iff._simp_1
String.Slice.skipSuffixWhile_eq_endPos_iff	_private.Init.Data.String.Lemmas.Pattern.TakeDrop.Basic.0.String.Slice.skipSuffixWhile_eq_endPos_iff._simp_1_1
String.endsWith_char_eq_false_iff_forall_append	_private.Init.Data.String.Lemmas.Pattern.TakeDrop.Char.0.String.endsWith_char_eq_false_iff_forall_append._simp_1_2
String.Slice.Pattern.Model.ForwardStringSearcher.instLawfulForwardPatternModel	_private.Init.Data.String.Lemmas.Pattern.String.ForwardPattern.0.String.Slice.Pattern.ForwardSliceSearcher.isSome_skipPrefix?
String.Slice.Pattern.Model.ForwardStringSearcher.instLawfulForwardPatternModel	_private.Init.Data.String.Lemmas.Pattern.String.ForwardPattern.0.String.Slice.Pattern.Model.ForwardSliceSearcher.instLawfulForwardPatternModel._simp_1
String.Slice.Pattern.Model.ForwardStringSearcher.instLawfulForwardPatternModel	_private.Init.Data.String.Lemmas.Pattern.String.ForwardPattern.0.String.Slice.Pattern.Model.ForwardStringSearcher.instLawfulForwardPatternModel._simp_1
String.Slice.Pattern.Model.CharPred.Decidable.isMatch_iff_isMatch_decide	_private.Init.Data.String.Lemmas.Pattern.Pred.0.String.Slice.Pattern.Model.CharPred.Decidable.isMatch_iff_isMatch_decide.match_1_1
String.Slice.Pattern.Model.CharPred.Decidable.isMatch_iff_isMatch_decide	_private.Init.Data.String.Lemmas.Pattern.Pred.0.String.Slice.Pattern.Model.CharPred.Decidable.isMatch_iff_isMatch_decide.match_1_3
ByteArray.extract_eq_extract_left	_private.Init.Data.ByteArray.Lemmas.0.ByteArray.extract_eq_extract_left._simp_1_2
String.Slice.Pattern.Model.CharPred.isLongestMatchAt_iff	_private.Init.Data.String.Lemmas.Pattern.Pred.0.String.Slice.Pattern.Model.CharPred.isLongestMatchAt_iff._simp_1_1
String.Slice.Pattern.Model.CharPred.isLongestMatchAt_iff	_private.Init.Data.String.Lemmas.Pattern.Pred.0.String.Slice.Pattern.Model.CharPred.isLongestMatchAt_iff._simp_1_2
Char.instLawfulHasSize_2	Fin.instLawfulHasSize_2
Char.instLawfulHasSize_2	_private.Init.Data.Range.Polymorphic.Char.0.Char.map
Char.instLawfulHasSize_2	_private.Init.Data.Range.Polymorphic.Char.0.Char.instPreservesRxiSizeFinNumCodePointsMap
String.Pos.sliceFrom_lt_iff	_private.Init.Data.String.Lemmas.Order.0.String.Pos.sliceFrom_lt_iff._simp_1_2
String.Slice.toList_revPositionsFrom	Std.Iter.toList
String.Slice.toList_revPositionsFrom	Std.Iter.toList_eq_match_step
String.Slice.Pattern.Model.ForwardSliceSearcher.isMatch_iff	_private.Init.Data.String.Lemmas.Pattern.String.Basic.0.String.Slice.Pattern.Model.ForwardSliceSearcher.isMatch_iff._simp_1_1
String.Slice.Pos.Splits.rotateLeft	_private.Init.Data.String.Lemmas.Splits.0.String.Slice.Pos.Splits.rotateLeft._proof_1
String.Slice.Pos.skipWhile_bool_eq_self_iff_get	_private.Init.Data.String.Lemmas.Pattern.TakeDrop.Pred.0.String.Slice.Pos.skipWhile_bool_eq_self_iff_get._simp_1_1
String.Slice.Pos.skipWhile_bool_eq_self_iff_get	_private.Init.Data.String.Lemmas.Pattern.TakeDrop.Pred.0.String.Slice.Pos.skipWhile_bool_eq_self_iff_get._simp_1_2
String.Slice.Pattern.Model.split_eq_split_decide	_private.Init.Data.String.Lemmas.Pattern.Split.Basic.0.String.Slice.Pattern.Model.split._unary._proof_3
String.Slice.Pattern.Model.split_eq_split_decide	_private.Init.Data.String.Lemmas.Pattern.Split.Basic.0.String.Slice.Pattern.Model.split._unary._proof_8
String.Slice.Pattern.Model.split_eq_split_decide	_private.Init.Data.String.Lemmas.Pattern.Split.Basic.0.String.Slice.Pattern.Model.split._proof_1
String.Slice.Pattern.Model.split_eq_split_decide	_private.Init.Data.String.Lemmas.Pattern.Split.Basic.0.String.Slice.Pattern.Model.split._proof_2
String.Slice.Pattern.Model.split_eq_split_decide	_private.Init.Data.String.Lemmas.Pattern.Split.Basic.0.String.Slice.Pattern.Model.split._proof_3
String.Slice.Pattern.Model.split_eq_split_decide	_private.Init.Data.String.Lemmas.Pattern.Split.Pred.0.String.Slice.Pattern.Model.split.eq_1
String.Slice.Pattern.Model.split_eq_split_decide	_private.Init.Data.String.Lemmas.Pattern.Split.Basic.0.String.Slice.Pattern.Model.split._unary._proof_5
String.Slice.Pattern.Model.split_eq_split_decide	_private.Init.Data.String.Lemmas.Pattern.Split.Basic.0.String.Slice.Pattern.Model.split._unary._proof_9
String.Pos.revSkipWhile_bool_eq_self_iff_get	_private.Init.Data.String.Lemmas.Pattern.TakeDrop.Pred.0.String.Pos.revSkipWhile_bool_eq_self_iff_get._simp_1_1
String.Pos.revSkipWhile_bool_eq_self_iff_get	_private.Init.Data.String.Lemmas.Pattern.TakeDrop.Pred.0.String.Pos.revSkipWhile_bool_eq_self_iff_get._simp_1_2
String.Slice.Pos.slice_lt_slice_iff	_private.Init.Data.String.Lemmas.Order.0.String.Slice.Pos.slice_lt_slice_iff._proof_1_5
String.Slice.Pattern.Model.matchAt?_eq_none_iff	Exists.choose
String.Slice.Pattern.Model.matchAt?_eq_none_iff	Classical.not_not._simp_1
String.Slice.Pattern.Model.matchAt?_eq_none_iff	_private.Init.Data.String.Lemmas.Pattern.Basic.0.String.Slice.Pattern.Model.matchAt?_eq_none_iff.match_1_2
String.startsWith_char_iff_get	_private.Init.Data.String.Lemmas.Pattern.TakeDrop.Char.0.String.startsWith_char_iff_get._simp_1_1
String.startsWith_char_iff_get	_private.Init.Data.String.Lemmas.Pattern.TakeDrop.Char.0.String.startsWith_char_iff_get._simp_1_2
Char.lt_iff_ofOrdinal_lt	_private.Init.Data.Char.Ordinal.0.Char.lt_iff_ofOrdinal_lt._simp_1_2
String.skipPrefix?_char_eq_some_iff	_private.Init.Data.String.Lemmas.Pattern.TakeDrop.Char.0.String.skipPrefix?_char_eq_some_iff._simp_1_2
String.skipPrefix?_char_eq_some_iff	_private.Init.Data.String.Lemmas.Pattern.TakeDrop.Char.0.String.skipPrefix?_char_eq_some_iff._simp_1_1
String.utf8EncodeChar_eq_utf8EncodeCharFast	Nat.and_two_pow_sub_one_eq_mod
String.copy_sliceTo_cast	_private.Init.Data.String.Lemmas.Splits.0.String.copy_sliceTo_cast._simp_1_1
String.Slice.find?_prop_eq_some_iff	_private.Init.Data.String.Lemmas.Pattern.Find.Pred.0.String.Slice.find?_prop_eq_some_iff._simp_1_1
String.Pos.sliceTo_lt_iff	_private.Init.Data.String.Lemmas.Order.0.String.Pos.sliceTo_lt_iff._simp_1_1
String.Pos.sliceTo_le_iff	_private.Init.Data.String.Lemmas.Order.0.String.Pos.sliceTo_le_iff._simp_1_1
String.Slice.Pattern.Model.matchesAt_cast_iff	_private.Init.Data.String.Lemmas.Pattern.Basic.0.String.Slice.Pattern.Model.matchesAt_cast_iff._simp_1_1
String.Slice.Pattern.Model.matchesAt_cast_iff	_private.Init.Data.String.Lemmas.Pattern.Basic.0.String.Slice.Pattern.Model.matchesAt_cast_iff.match_1_2
String.Slice.Pattern.Model.matchesAt_cast_iff	_private.Init.Data.String.Lemmas.Pattern.Basic.0.String.Slice.Pattern.Model.matchesAt_cast_iff.match_1_4
String.Slice.Pattern.Model.revMatchesAt_iff_exists_isRevMatch	_private.Init.Data.String.Lemmas.Pattern.Basic.0.String.Slice.Pattern.Model.revMatchesAt_iff_exists_isRevMatch.match_1_1
String.Slice.Pattern.Model.revMatchesAt_iff_exists_isRevMatch	_private.Init.Data.String.Lemmas.Pattern.Basic.0.String.Slice.Pattern.Model.revMatchesAt_iff_exists_isRevMatch.match_1_3
String.startsWith_string_iff	_private.Init.Data.String.Lemmas.Pattern.TakeDrop.String.0.String.startsWith_string_iff._simp_1_1
String.Pos.ofSliceFrom_le_iff	_private.Init.Data.String.Lemmas.Order.0.String.Pos.ofSliceFrom_le_iff.match_1_1
String.Pos.toSetOfLE	_private.Init.Data.String.Modify.0.String.Pos.toSetOfLE._proof_1
String.join_append	_private.Init.Data.String.Lemmas.Intercalate.0.String.join_append._simp_1_1
String.Slice.Pattern.Model.CharPred.Decidable.isValidRevSearchFrom_iff_isValidRevSearchFrom_decide	_private.Init.Data.String.Lemmas.Pattern.Pred.0.String.Slice.Pattern.Model.CharPred.Decidable.isValidRevSearchFrom_iff_isValidRevSearchFrom_decide._simp_1_1
String.Slice.Pattern.Model.CharPred.Decidable.isValidRevSearchFrom_iff_isValidRevSearchFrom_decide	_private.Init.Data.String.Lemmas.Pattern.Pred.0.String.Slice.Pattern.Model.CharPred.Decidable.isValidRevSearchFrom_iff_isValidRevSearchFrom_decide._simp_1_2
String.Slice.Pattern.Model.CharPred.Decidable.isValidRevSearchFrom_iff_isValidRevSearchFrom_decide	_private.Init.Data.String.Lemmas.Pattern.Pred.0.String.Slice.Pattern.Model.CharPred.Decidable.isValidRevSearchFrom_iff_isValidRevSearchFrom_decide._simp_1_3
String.Slice.Pattern.Model.CharPred.Decidable.isValidRevSearchFrom_iff_isValidRevSearchFrom_decide	_private.Init.Data.String.Lemmas.Pattern.Pred.0.String.Slice.Pattern.Model.CharPred.Decidable.isValidRevSearchFrom_iff_isValidRevSearchFrom_decide._simp_1_4
String.Slice.Pos.ofSlice_prev	_private.Init.Data.String.Lemmas.FindPos.0.String.Slice.Pos.ofSlice_prev._simp_1_2
String.posLT_eq_iff	_private.Init.Data.String.Lemmas.FindPos.0.String.posLT_eq_iff._simp_1_1
String.Slice.Pattern.Model.Pos.revSkipWhile_eq_self_iff	_private.Init.Data.String.Lemmas.Pattern.TakeDrop.Basic.0.String.Slice.Pattern.Model.Pos.revSkipWhile_eq_self_iff._simp_1_1
String.Slice.Pattern.Model.Pos.skipWhile_eq_iff	_private.Init.Data.String.Lemmas.Pattern.TakeDrop.Basic.0.String.Slice.Pattern.Model.Pos.skipWhile_eq_iff.match_1_3
String.Slice.Pattern.Model.Pos.skipWhile_eq_iff	Std.not_lt
String.Slice.Pattern.Model.isLongestRevMatchAt_endPos_iff	_private.Init.Data.String.Lemmas.Pattern.Basic.0.String.Slice.Pattern.Model.isLongestRevMatchAt_endPos_iff._simp_1_1
String.Slice.Pattern.Model.isLongestRevMatchAt_endPos_iff	_private.Init.Data.String.Lemmas.Pattern.Basic.0.String.Slice.Pattern.Model.isLongestRevMatch_of_eq
String.Slice.revAll_char_iff	_private.Init.Data.String.Lemmas.Pattern.TakeDrop.Char.0.String.Slice.revAll_char_iff._simp_1_1
String.Slice.revAll_char_iff	_private.Init.Data.String.Lemmas.Pattern.TakeDrop.Char.0.String.Slice.revAll_char_iff._simp_1_2
String.Slice.Pattern.Model.Char.isLongestRevMatchAtChain_startPos_endPos_iff_toList	_private.Init.Data.String.Lemmas.Pattern.Char.0.String.Slice.Pattern.Model.Char.isLongestRevMatchAtChain_startPos_endPos_iff_toList._simp_1_1
String.Slice.Pattern.Model.Char.isLongestRevMatchAtChain_startPos_endPos_iff_toList	_private.Init.Data.String.Lemmas.Pattern.Char.0.String.Slice.Pattern.Model.Char.isLongestRevMatchAtChain_startPos_endPos_iff_toList._simp_1_2
String.Slice.Pattern.Model.ForwardSliceSearcher.exists_revMatchesAt_iff_eq_append	_private.Init.Data.String.Lemmas.Pattern.String.Basic.0.String.Slice.Pattern.Model.ForwardSliceSearcher.exists_revMatchesAt_iff_eq_append._simp_1_1
String.Pos.lt_ofSlice_iff	_private.Init.Data.String.Lemmas.Order.0.String.Pos.lt_ofSlice_iff.match_1_1
String.Pos.lt_ofSlice_iff	_private.Init.Data.String.Lemmas.Order.0.String.Pos.lt_ofSlice_iff._simp_1_3
String.Slice.endsWith_prop_eq_false_iff_get	_private.Init.Data.String.Lemmas.Pattern.TakeDrop.Pred.0.String.Slice.endsWith_prop_eq_false_iff_get._simp_1_1
String.toFormat	Std.Iter.toList
String.Slice.Pattern.Model.matchAt?.fun_cases_unfolding	Exists.choose
String.Slice.Pattern.Model.matchAt?.fun_cases_unfolding	Classical.propDecidable
String.Slice.Pattern.Model.matchAt?.fun_cases_unfolding	_private.Init.Data.String.Lemmas.Pattern.Basic.0.String.Slice.Pattern.Model.matchAt?.eq_def
String.Slice.Pattern.Model.Char.isLongestMatch_iff_isLongestMatch_beq	_private.Init.Data.String.Lemmas.Pattern.Char.0.String.Slice.Pattern.Model.Char.isLongestMatch_iff_isLongestMatch_beq._simp_1_1
String.Slice.Pattern.Model.Char.isLongestMatch_iff_isLongestMatch_beq	_private.Init.Data.String.Lemmas.Pattern.Char.0.String.Slice.Pattern.Model.Char.isLongestMatch_iff_isLongestMatch_beq._simp_1_2
String.Slice.Pattern.Model.Char.isLongestMatchAtChain_startPos_endPos_iff_toList	_private.Init.Data.String.Lemmas.Pattern.Char.0.String.Slice.Pattern.Model.Char.isLongestMatchAtChain_startPos_endPos_iff_toList._simp_1_1
String.Slice.Pattern.Model.Char.isLongestMatchAtChain_startPos_endPos_iff_toList	_private.Init.Data.String.Lemmas.Pattern.Char.0.String.Slice.Pattern.Model.Char.isLongestMatchAtChain_startPos_endPos_iff_toList._simp_1_2
ByteArray.utf8DecodeChar?_utf8EncodeChar_append	_private.Init.Data.String.Decode.0.ByteArray.utf8DecodeChar?.parseFirstByte_utf8EncodeChar_eq_done
ByteArray.utf8DecodeChar?_utf8EncodeChar_append	_private.Init.Data.String.Decode.0.utf8DecodeChar?_append_eq_assemble₁
ByteArray.utf8DecodeChar?_utf8EncodeChar_append	_private.Init.Data.String.Decode.0.ByteArray.utf8DecodeChar?.assemble₁_eq_some_iff_utf8EncodeChar_eq
ByteArray.utf8DecodeChar?_utf8EncodeChar_append	_private.Init.Data.String.Decode.0.utf8DecodeChar?_append_eq_assemble₂
ByteArray.utf8DecodeChar?_utf8EncodeChar_append	_private.Init.Data.String.Decode.0.ByteArray.utf8DecodeChar?.parseFirstByte_utf8EncodeChar_eq_oneMore
ByteArray.utf8DecodeChar?_utf8EncodeChar_append	_private.Init.Data.String.Decode.0.ByteArray.utf8DecodeChar?.assemble₂_eq_some_iff_utf8EncodeChar_eq
ByteArray.utf8DecodeChar?_utf8EncodeChar_append	_private.Init.Data.String.Decode.0.utf8DecodeChar?_append_eq_assemble₃
ByteArray.utf8DecodeChar?_utf8EncodeChar_append	_private.Init.Data.String.Decode.0.ByteArray.utf8DecodeChar?.parseFirstByte_utf8EncodeChar_eq_twoMore
ByteArray.utf8DecodeChar?_utf8EncodeChar_append	_private.Init.Data.String.Decode.0.ByteArray.utf8DecodeChar?.assemble₃_eq_some_iff_utf8EncodeChar_eq
ByteArray.utf8DecodeChar?_utf8EncodeChar_append	_private.Init.Data.String.Decode.0.utf8DecodeChar?_append_eq_assemble₄
ByteArray.utf8DecodeChar?_utf8EncodeChar_append	_private.Init.Data.String.Decode.0.ByteArray.utf8DecodeChar?.parseFirstByte_utf8EncodeChar_eq_threeMore
ByteArray.utf8DecodeChar?_utf8EncodeChar_append	_private.Init.Data.String.Decode.0.ByteArray.utf8DecodeChar?.assemble₄_eq_some_iff_utf8EncodeChar_eq
String.Slice.forIn_eq_forIn_chars	Std.Iterators.Types.Map.instIteratorLoop
String.Slice.endsWith_char_eq_false_iff_get	_private.Init.Data.String.Lemmas.Pattern.TakeDrop.Char.0.String.Slice.endsWith_char_eq_false_iff_get._simp_1_1
String.Slice.endsWith_char_eq_false_iff_get	_private.Init.Data.String.Lemmas.Pattern.TakeDrop.Char.0.String.Slice.endsWith_char_eq_false_iff_get._simp_1_2
String.Slice.Pos.sliceTo_lt_iff	_private.Init.Data.String.Lemmas.Order.0.String.Slice.Pos.sliceTo_lt_iff._simp_1_1
String.front?_eq_get?	_private.Init.Data.String.Lemmas.Search.0.String.front?_eq_get?._simp_1_1
String.front?_eq_get?	_private.Init.Data.String.Lemmas.Search.0.String.front?_eq_get?._simp_1_2
String.Slice.Pos.find?_bool_eq_none_iff	_private.Init.Data.String.Lemmas.Pattern.Find.Pred.0.String.Slice.Pos.find?_bool_eq_none_iff._proof_1_2
String.Slice.toList_revPositions	Std.Iter.toList
String.toList_split_intercalate	Std.Iter.toList
String.Slice.Pattern.Model.Char.revMatchesAt_iff_splits	_private.Init.Data.String.Lemmas.Pattern.Char.0.String.Slice.Pattern.Model.Char.revMatchesAt_iff_splits._simp_1_1
String.Pos.le_ofSliceTo_iff	_private.Init.Data.String.Lemmas.Order.0.String.Pos.le_ofSliceTo_iff.match_1_1
String.Slice.Pos.skipWhile_prop_eq_self_iff_get	_private.Init.Data.String.Lemmas.Pattern.TakeDrop.Pred.0.String.Slice.Pos.skipWhile_prop_eq_self_iff_get._simp_1_1
String.Pos.prev_eq_iff	_private.Init.Data.String.Lemmas.FindPos.0.String.Pos.prev_eq_iff._simp_1_1
String.Slice.Pattern.Model.eq_append_of_dropPrefix?_eq_some	_private.Init.Data.String.Lemmas.Pattern.TakeDrop.Basic.0.String.Slice.Pattern.Model.eq_append_of_dropPrefix?_eq_some._simp_1_2
Char.instIsAlwaysFinite_2	Fin.instIsAlwaysFinite_2
Char.instIsAlwaysFinite_2	_private.Init.Data.Range.Polymorphic.Char.0.Char.map
String.copy_sliceFrom_eq_iff_exists_splits	_private.Init.Data.String.Lemmas.Splits.0.String.copy_sliceFrom_eq_iff_exists_splits._simp_1_1
String.copy_sliceFrom_eq_iff_exists_splits	_private.Init.Data.String.Lemmas.Splits.0.String.copy_sliceFrom_eq_iff_exists_splits._simp_1_2
String.Slice.startsWith_dropWhile	_private.Init.Data.String.Lemmas.Pattern.TakeDrop.Basic.0.String.Slice.startsWith_dropWhile._simp_1_1
String.Slice.startsWith_dropWhile	_private.Init.Data.String.Lemmas.Pattern.TakeDrop.Basic.0.String.Slice.startsWith_dropWhile._simp_1_2
String.Pos.skipWhile_bool_eq_self_iff_get	_private.Init.Data.String.Lemmas.Pattern.TakeDrop.Pred.0.String.Pos.skipWhile_bool_eq_self_iff_get._simp_1_1
String.Pos.skipWhile_bool_eq_self_iff_get	_private.Init.Data.String.Lemmas.Pattern.TakeDrop.Pred.0.String.Pos.skipWhile_bool_eq_self_iff_get._simp_1_2
String.Slice.Pattern.Model.CharPred.instLawfulForwardPatternModelForallCharBool	_private.Init.Data.String.Lemmas.Pattern.Pred.0.String.Slice.Pattern.Model.CharPred.instLawfulForwardPatternModelForallCharBool._simp_1
String.front?_eq	_private.Init.Data.String.Lemmas.Search.0.String.front?_eq._simp_1_1
String.Slice.Pattern.Model.Char.instLawfulBackwardPatternModelChar	_private.Init.Data.String.Lemmas.Pattern.Char.0.String.Slice.Pattern.Model.Char.instLawfulBackwardPatternModelChar._simp_1
String.Pos.prevn_add_one	_private.Init.Data.String.Lemmas.FindPos.0.String.Pos.toSlice_prev._simp_1
String.Pos.skip?_bool_eq_some_iff	_private.Init.Data.String.Lemmas.Pattern.TakeDrop.Pred.0.String.Pos.skip?_bool_eq_some_iff._simp_1_1
String.Pos.le_nextn	_private.Init.Data.String.Basic.0.String.Pos.le_nextn._simp_1_2
String.all_takeWhile	_private.Init.Data.String.Lemmas.Pattern.TakeDrop.Basic.0.String.all_takeWhile._simp_1_1
String.push_inj	_private.Init.Data.String.Lemmas.Basic.0.String.push_inj._simp_1_1
String.Slice.SplitIterator.instIteratorLoopIdSubsliceOfMonad	Std.IteratorLoop.defaultImplementation
String.Slice.Pattern.Model.Char.isLongestRevMatch_iff_isLongestRevMatch_beq	_private.Init.Data.String.Lemmas.Pattern.Char.0.String.Slice.Pattern.Model.Char.isLongestRevMatch_iff_isLongestRevMatch_beq._simp_1_1
String.Slice.Pattern.Model.Char.isLongestRevMatch_iff_isLongestRevMatch_beq	_private.Init.Data.String.Lemmas.Pattern.Char.0.String.Slice.Pattern.Model.Char.isLongestRevMatch_iff_isLongestRevMatch_beq._simp_1_2
String.Slice.endsWith_bool_iff_get	_private.Init.Data.String.Lemmas.Pattern.TakeDrop.Pred.0.String.Slice.endsWith_bool_iff_get._simp_1_1
String.Slice.endsWith_bool_iff_get	_private.Init.Data.String.Lemmas.Pattern.TakeDrop.Pred.0.String.Slice.endsWith_bool_iff_get._simp_1_2
String.Slice.Pos.revSkipWhile_char_eq_revSkipWhile_beq	_private.Init.Data.String.Lemmas.Pattern.Char.0.String.Slice.Pos.revSkipWhile_char_eq_revSkipWhile_beq._simp_1_5
String.Slice.Pattern.toList_splitToSubslice_eq_modelSplit	Std.Iter.toList
String.Slice.Pattern.toList_splitToSubslice_eq_modelSplit	_private.Init.Data.String.Lemmas.Pattern.Split.Basic.0.String.Slice.Pattern.Model.toList_splitToSubslice_eq_splitFromSteps
String.Slice.Pattern.toList_splitToSubslice_eq_modelSplit	_private.Init.Data.String.Lemmas.Pattern.Split.Basic.0.String.Slice.Pattern.Model.IsValidSearchFrom.splitFromSteps_eq_extend_split
String.skipPrefixWhile_eq_startPos	_private.Init.Data.String.Lemmas.Pattern.TakeDrop.Basic.0.String.skipPrefixWhile_eq_startPos._simp_1_1
String.skipPrefixWhile_eq_startPos	_private.Init.Data.String.Lemmas.Pattern.TakeDrop.Basic.0.String.skipPrefixWhile_eq_startPos._simp_1_2
String.skipPrefixWhile_eq_startPos	_private.Init.Data.String.Lemmas.Pattern.TakeDrop.Basic.0.String.skipPrefixWhile_eq_startPos._simp_1_3
String.Pos.sliceTo_ofSliceTo	_private.Init.Data.String.Basic.0.String.Pos.sliceTo_ofSliceTo._simp_1_1
String.Pos.apply_revSkipWhile_prop	_private.Init.Data.String.Lemmas.Pattern.TakeDrop.Pred.0.String.Pos.apply_revSkipWhile_prop._simp_1_1
String.startsWith_char_iff_exists_append	_private.Init.Data.String.Lemmas.Pattern.TakeDrop.Char.0.String.startsWith_char_iff_exists_append._simp_1_1
String.startsWith_char_iff_exists_append	_private.Init.Data.String.Lemmas.Pattern.TakeDrop.Char.0.String.startsWith_char_iff_exists_append._simp_1_2
String.Slice.Pattern.Model.ForwardSliceSearcher.offset_of_isLongestMatchAt	_private.Init.Data.String.Lemmas.Pattern.String.Basic.0.String.Slice.Pattern.Model.ForwardSliceSearcher.offset_of_isLongestMatchAt._proof_1_2
String.front_eq	_private.Init.Data.String.Lemmas.Search.0.String.front_eq._simp_1_1
String.Pos.sliceFrom_le_sliceFrom_iff	_private.Init.Data.String.Lemmas.Order.0.String.Pos.sliceFrom_le_sliceFrom_iff._proof_1_4
String.Slice.Pattern.Model.isRevMatch_iff_exists_splits	_private.Init.Data.String.Lemmas.Pattern.Basic.0.String.Slice.Pattern.Model.isRevMatch_iff_exists_splits.match_1_1
String.Slice.Pattern.Model.Pos.revSkip?_eq_revMatchAt?	_private.Init.Data.String.Lemmas.Pattern.TakeDrop.Basic.0.String.Slice.Pattern.Model.Pos.revSkip?_eq_revMatchAt?._simp_1_1
ByteArray.validateUTF8At_eq_isSome_utf8DecodeChar?	_private.Init.Data.String.Decode.0.ByteArray.utf8DecodeChar?.verify₁_eq_isSome_assemble₁
ByteArray.validateUTF8At_eq_isSome_utf8DecodeChar?	_private.Init.Data.String.Decode.0.ByteArray.utf8DecodeChar?.verify₃_eq_isSome_assemble₃
String.Slice.startsWith_char_iff_exists_append	_private.Init.Data.String.Lemmas.Pattern.TakeDrop.Char.0.String.Slice.startsWith_char_iff_exists_append._simp_1_3
String.Slice.startsWith_char_iff_exists_append	_private.Init.Data.String.Lemmas.Pattern.TakeDrop.Char.0.String.Slice.startsWith_char_iff_exists_append.match_1_4
String.Slice.startsWith_char_iff_exists_append	_private.Init.Data.String.Lemmas.Pattern.TakeDrop.Char.0.String.Slice.startsWith_char_iff_exists_append.match_1_6
String.Slice.Pattern.Model.LawfulToForwardSearcherModel.recOn	Std.Iter.toList
String.Slice.Pattern.Model.split_eq_of_not_matchesAt	_private.Init.Data.String.Lemmas.Pattern.Split.Basic.0.String.Slice.Pattern.Model.split._proof_1
String.Slice.Pattern.Model.split_eq_of_not_matchesAt	_private.Init.Data.String.Lemmas.Pattern.Split.Basic.0.String.Slice.Pattern.Model.split._proof_2
String.Slice.Pattern.Model.split_eq_of_not_matchesAt	_private.Init.Data.String.Lemmas.Pattern.Split.Basic.0.String.Slice.Pattern.Model.split._proof_3
String.Slice.Pattern.Model.split_eq_of_not_matchesAt	_private.Init.Data.String.Lemmas.Pattern.Split.Basic.0.String.Slice.Pattern.Model.split.eq_1
String.Slice.Pattern.Model.split_eq_of_not_matchesAt	Std.not_lt
String.back?_eq	_private.Init.Data.String.Lemmas.Search.0.String.back?_eq._simp_1_1
String.Slice.Pattern.Model.Char.isMatch_iff	_private.Init.Data.String.Lemmas.Pattern.Char.0.String.Slice.Pattern.Model.Char.isMatch_iff._simp_1_1
String.Slice.Pattern.Model.Char.isMatch_iff	_private.Init.Data.String.Lemmas.Pattern.Char.0.String.Slice.Pattern.Model.Char.isMatch_iff._simp_1_2
String.Slice.Pattern.Model.Char.isMatch_iff	_private.Init.Data.String.Lemmas.Pattern.Char.0.String.Slice.Pattern.Model.Char.isMatch_iff._simp_1_3
String.Slice.Pattern.Model.Char.isMatch_iff	_private.Init.Data.String.Lemmas.Pattern.Char.0.String.Slice.Pattern.Model.Char.isMatch_iff.match_1_4
Char.succ?	_private.Init.Data.Char.Ordinal.0.Char.succ?._proof_1
Char.succ?	_private.Init.Data.Char.Ordinal.0.Char.succ?._proof_3
String.Slice.Pattern.Model.Char.matchesAt_iff	_private.Init.Data.String.Lemmas.Pattern.Char.0.String.Slice.Pattern.Model.Char.matchesAt_iff._simp_1_1
String.Slice.Pattern.Model.Char.matchesAt_iff	_private.Init.Data.String.Lemmas.Pattern.Char.0.String.Slice.Pattern.Model.Char.matchesAt_iff._simp_1_2
ByteArray.utf8DecodeChar?_eq_utf8DecodeChar?_extract	_private.Init.Data.String.Decode.0.ByteArray.utf8DecodeChar?_eq_utf8DecodeChar?_extract._proof_1_4
ByteArray.utf8DecodeChar?_eq_utf8DecodeChar?_extract	_private.Init.Data.String.Decode.0.ByteArray.utf8DecodeChar?_eq_utf8DecodeChar?_extract._proof_1_5
ByteArray.utf8DecodeChar?_eq_utf8DecodeChar?_extract	_private.Init.Data.String.Decode.0.ByteArray.utf8DecodeChar?_eq_utf8DecodeChar?_extract._proof_1_6
ByteArray.utf8DecodeChar?_eq_utf8DecodeChar?_extract	_private.Init.Data.String.Decode.0.ByteArray.utf8DecodeChar?_eq_utf8DecodeChar?_extract._proof_1_7
String.le_total	List.le_total
String.Slice.forIn_eq_forIn_toList	Std.Iterators.Types.Map.instIteratorLoop
String.Slice.forIn_eq_forIn_toList	Std.Iter.toList
String.Slice.forIn_eq_forIn_toList	Std.Iter.forIn_toList
String.Slice.forIn_eq_forIn_toList	Std.instLawfulIteratorLoopDefaultImplementation
String.Slice.Pattern.Model.startsWith_iff	Classical.not_not
ByteArray.utf8EncodeChar_utf8DecodeChar	_private.Init.Data.String.Decode.0.ByteArray.utf8EncodeChar_utf8DecodeChar._simp_1_2
String.posGE_eq_posGE_toSlice	_private.Init.Data.String.FindPos.0.String.posGE._proof_1
String.Pos.ofSlice_prev	_private.Init.Data.String.Lemmas.FindPos.0.String.Pos.ofSlice_prev._simp_1_1
String.Pos.ofSlice_prev	_private.Init.Data.String.Lemmas.FindPos.0.String.Pos.ofSlice_prev._simp_1_2
String.Pos.ofSlice_prev	_private.Init.Data.String.Lemmas.FindPos.0.String.Pos.ofSlice_prev._simp_1_3
String.isEmpty_takeWhile_dropWhile	_private.Init.Data.String.Lemmas.Pattern.TakeDrop.Basic.0.String.isEmpty_takeWhile_dropWhile._simp_1_1
String.Model.revPositionsFrom_eq_cons	_private.Init.Data.String.Lemmas.Iterate.0.String.Model.revPositionsFrom._proof_4
String.Model.revPositionsFrom_eq_cons	_private.Init.Data.String.Lemmas.Iterate.0.String.Model.revPositionsFrom.eq_1
String.Slice.Pattern.Model.ForwardSliceSearcher.revMatchesAt_iff_isLongestRevMatchAt	_private.Init.Data.String.Lemmas.Pattern.String.Basic.0.String.Slice.Pattern.Model.ForwardSliceSearcher.revMatchesAt_iff_isLongestRevMatchAt.match_1_1
String.Slice.Pattern.Model.ForwardSliceSearcher.revMatchesAt_iff_isLongestRevMatchAt	_private.Init.Data.String.Lemmas.Pattern.String.Basic.0.String.Slice.Pattern.Model.ForwardSliceSearcher.revMatchesAt_iff_isLongestRevMatchAt.match_1_3
String.Pos.apply_revSkipWhile_bool_eq_false	_private.Init.Data.String.Lemmas.Pattern.TakeDrop.Pred.0.String.Pos.apply_revSkipWhile_bool_eq_false._simp_1_1
String.Slice.Pattern.Model.CharPred.Decidable.isLongestRevMatch_iff	_private.Init.Data.String.Lemmas.Pattern.Pred.0.String.Slice.Pattern.Model.CharPred.Decidable.isLongestRevMatch_iff._simp_1_1
String.Slice.Pattern.Model.CharPred.Decidable.isLongestRevMatch_iff	_private.Init.Data.String.Lemmas.Pattern.Pred.0.String.Slice.Pattern.Model.CharPred.Decidable.isLongestRevMatch_iff._simp_1_2
String.Pos.eq_prev_of_prev?_eq_some	_private.Init.Data.String.Termination.0.String.Pos.eq_prev_of_prev?_eq_some._simp_1_1
String.Slice.Pos.le_sliceFrom_iff	_private.Init.Data.String.Lemmas.Order.0.String.Slice.Pos.le_sliceFrom_iff._simp_1_1
String.Pos.get?_eq_none_iff	_private.Init.Data.String.Lemmas.Slice.0.String.Pos.get?_eq_none_iff._simp_1_1
String.Slice.Pos.posLE_offset	_private.Init.Data.String.Lemmas.FindPos.0.String.Slice.Pos.posLE_offset._simp_1_1
String.Slice.Pos.get_skipWhile_char_ne	_private.Init.Data.String.Lemmas.Pattern.TakeDrop.Char.0.String.Slice.Pos.get_skipWhile_char_ne._simp_1_1
String.Slice.Pos.posGE_offset	_private.Init.Data.String.Lemmas.FindPos.0.String.Slice.Pos.posGE_offset._simp_1_1
String.Slice.Pattern.Model.CharPred.Decidable.isRevMatch_iff	_private.Init.Data.String.Lemmas.Pattern.Pred.0.String.Slice.Pattern.Model.CharPred.Decidable.isRevMatch_iff._simp_1_1
String.Slice.Pattern.Model.CharPred.Decidable.isRevMatch_iff	_private.Init.Data.String.Lemmas.Pattern.Pred.0.String.Slice.Pattern.Model.CharPred.Decidable.isRevMatch_iff._simp_1_2
String.Slice.skipSuffix?_prop_eq_some_iff	_private.Init.Data.String.Lemmas.Pattern.TakeDrop.Pred.0.String.Slice.skipSuffix?_prop_eq_some_iff._simp_1_1
String.Slice.Pattern.Model.ForwardSliceSearcher.offset_of_isLongestRevMatchAt	_private.Init.Data.String.Lemmas.Pattern.String.Basic.0.String.Slice.Pattern.Model.ForwardSliceSearcher.offset_of_isLongestRevMatchAt._proof_1_2
String.Slice.Pattern.Model.eq_append_of_dropSuffix?_eq_some	_private.Init.Data.String.Lemmas.Pattern.TakeDrop.Basic.0.String.Slice.Pattern.Model.eq_append_of_dropSuffix?_eq_some._simp_1_2
String.Pos.Splits.rotateRight	_private.Init.Data.String.Lemmas.Splits.0.String.Pos.Splits.rotateRight._proof_1
String.Slice.Pos.sliceFrom_inj	_private.Init.Data.String.Basic.0.String.Slice.Pos.sliceFrom_inj._proof_1_4
String.Slice.Pos.revSkip?_bool_eq_some_iff	_private.Init.Data.String.Lemmas.Pattern.TakeDrop.Pred.0.String.Slice.Pos.revSkip?_bool_eq_some_iff._simp_1_1
String.Slice.Pos.revSkip?_bool_eq_some_iff	_private.Init.Data.String.Lemmas.Pattern.TakeDrop.Pred.0.String.Slice.Pos.revSkip?_bool_eq_some_iff._simp_1_2
String.Slice.startsWith_char_eq_false_iff_forall_append	_private.Init.Data.String.Lemmas.Pattern.TakeDrop.Char.0.String.Slice.startsWith_char_eq_false_iff_forall_append._simp_1_2
String.startsWith_char_eq_false_iff_forall_append	_private.Init.Data.String.Lemmas.Pattern.TakeDrop.Char.0.String.startsWith_char_eq_false_iff_forall_append._simp_1_2
String.Slice.Pattern.Model.isLongestRevMatch_iff	_private.Init.Data.String.Lemmas.Pattern.Basic.0.String.Slice.Pattern.Model.isLongestRevMatch_iff.match_1_1
String.Slice.Pattern.Model.isLongestRevMatch_iff	_private.Init.Data.String.Lemmas.Pattern.Basic.0.String.Slice.Pattern.Model.isLongestRevMatch_iff.match_1_3
String.Slice.Pattern.Model.Char.isLongestRevMatchAtChain_iff	_private.Init.Data.String.Lemmas.Pattern.Char.0.String.Slice.Pattern.Model.Char.isLongestRevMatchAtChain_iff._simp_1_1
String.Slice.Pattern.Model.Char.isLongestRevMatchAtChain_iff	_private.Init.Data.String.Lemmas.Pattern.Char.0.String.Slice.Pattern.Model.Char.isLongestRevMatchAtChain_iff._simp_1_2
String.Slice.cast_skipSuffixWhile	_private.Init.Data.String.Lemmas.Pattern.TakeDrop.Basic.0.String.Slice.cast_skipSuffixWhile._simp_1_1
Char.instTransOrd	Std.TransOrd.compareOfLessAndEq_of_antisymm_of_trans_of_total_of_not_le
String.Slice.Pos.skip?_char_eq_none_iff	_private.Init.Data.String.Lemmas.Pattern.TakeDrop.Char.0.String.Slice.Pos.skip?_char_eq_none_iff._simp_1_1
String.Slice.Pos.skip?_char_eq_none_iff	_private.Init.Data.String.Lemmas.Pattern.TakeDrop.Char.0.String.Slice.Pos.skip?_char_eq_none_iff._simp_1_2
String.Slice.Pattern.Model.CharPred.Decidable.not_revMatchesAt_of_get	_private.Init.Data.String.Lemmas.Pattern.Pred.0.String.Slice.Pattern.Model.CharPred.Decidable.not_revMatchesAt_of_get._simp_1_1
String.Pos.slice_inj	_private.Init.Data.String.Basic.0.String.Pos.slice_inj._proof_1_2
String.endsWith_char_eq_false_iff_get	_private.Init.Data.String.Lemmas.Pattern.TakeDrop.Char.0.String.endsWith_char_eq_false_iff_get._simp_1_1
String.endsWith_char_eq_false_iff_get	_private.Init.Data.String.Lemmas.Pattern.TakeDrop.Char.0.String.endsWith_char_eq_false_iff_get._simp_1_2
String.Pos.Raw.isValid_copy_iff	_private.Init.Data.String.Basic.0.String.Pos.Raw.isValid_copy_iff.match_1_1
String.Slice.skip?_startPos	_private.Init.Data.String.Lemmas.Pattern.TakeDrop.Basic.0.String.Slice.skip?_startPos._simp_1_2
String.Slice.skip?_startPos	_private.Init.Data.String.Lemmas.Pattern.TakeDrop.Basic.0.String.Slice.skip?_startPos._simp_1_1
ByteArray.extract_eq_empty_iff	_private.Init.Data.ByteArray.Lemmas.0.ByteArray.extract_eq_empty_iff._proof_1_1
String.skipSuffix?_bool_eq_some_iff	_private.Init.Data.String.Lemmas.Pattern.TakeDrop.Pred.0.String.skipSuffix?_bool_eq_some_iff._simp_1_2
String.skipSuffix?_bool_eq_some_iff	_private.Init.Data.String.Lemmas.Pattern.TakeDrop.Pred.0.String.skipSuffix?_bool_eq_some_iff._simp_1_1
String.Slice.find?_bool_eq_some_iff	_private.Init.Data.String.Lemmas.Pattern.Find.Pred.0.String.Slice.find?_bool_eq_some_iff._proof_1_4
String.Pos.apply_of_revSkipWhile_le_prop	_private.Init.Data.String.Lemmas.Pattern.TakeDrop.Pred.0.String.Pos.apply_of_revSkipWhile_le_prop._simp_1_1
String.Slice.Pattern.Model.Char.revMatchAt?_eq_revMatchAt?_beq	_private.Init.Data.String.Lemmas.Pattern.Char.0.String.Slice.Pattern.Model.Char.revMatchAt?_eq_revMatchAt?_beq._simp_1_2
String.Slice.Pattern.Model.ForwardStringSearcher.revMatchesAt_iff_toSlice	_private.Init.Data.String.Lemmas.Pattern.String.Basic.0.String.Slice.Pattern.Model.ForwardStringSearcher.revMatchesAt_iff_toSlice._simp_1_1
String.Slice.Pattern.Model.ForwardStringSearcher.revMatchesAt_iff_toSlice	_private.Init.Data.String.Lemmas.Pattern.String.Basic.0.String.Slice.Pattern.Model.ForwardStringSearcher.revMatchesAt_iff_toSlice._simp_1_2
String.startsWith_prop_iff_get	_private.Init.Data.String.Lemmas.Pattern.TakeDrop.Pred.0.String.startsWith_prop_iff_get._simp_1_1
String.startsWith_prop_iff_get	_private.Init.Data.String.Lemmas.Pattern.TakeDrop.Pred.0.String.startsWith_prop_iff_get._simp_1_2
String.isEmpty_takeEndWhile_dropEndWhile	_private.Init.Data.String.Lemmas.Pattern.TakeDrop.Basic.0.String.isEmpty_takeEndWhile_dropEndWhile._simp_1_1
String.Pos.apply_eq_true_of_revSkipWhile_le_bool	_private.Init.Data.String.Lemmas.Pattern.TakeDrop.Pred.0.String.Pos.apply_eq_true_of_revSkipWhile_le_bool._simp_1_1
String.Slice.Pattern.Model.ForwardStringSearcher.isValidRevSearchFrom_iff_isValidRevSearchFrom_toSlice	_private.Init.Data.String.Lemmas.Pattern.String.Basic.0.String.Slice.Pattern.Model.ForwardStringSearcher.isValidRevSearchFrom_iff_isValidRevSearchFrom_toSlice._simp_1_1
String.Slice.Pattern.Model.ForwardStringSearcher.isValidRevSearchFrom_iff_isValidRevSearchFrom_toSlice	_private.Init.Data.String.Lemmas.Pattern.String.Basic.0.String.Slice.Pattern.Model.ForwardStringSearcher.isValidRevSearchFrom_iff_isValidRevSearchFrom_toSlice._simp_1_2
String.Slice.Pattern.Model.ForwardStringSearcher.isValidRevSearchFrom_iff_isValidRevSearchFrom_toSlice	_private.Init.Data.String.Lemmas.Pattern.String.Basic.0.String.Slice.Pattern.Model.ForwardStringSearcher.isValidRevSearchFrom_iff_isValidRevSearchFrom_toSlice._simp_1_3
String.Slice.Pattern.Model.ForwardStringSearcher.isValidRevSearchFrom_iff_isValidRevSearchFrom_toSlice	_private.Init.Data.String.Lemmas.Pattern.String.Basic.0.String.Slice.Pattern.Model.ForwardStringSearcher.isValidRevSearchFrom_iff_isValidRevSearchFrom_toSlice._simp_1_4
String.Slice.Pattern.Model.ForwardStringSearcher.exists_matchesAt_iff_eq_append	_private.Init.Data.String.Lemmas.Pattern.String.Basic.0.String.Slice.Pattern.Model.ForwardStringSearcher.exists_matchesAt_iff_eq_append._simp_1_1
String.Slice.Pos.revSkipWhile_string_eq_revSkipWhile_toSlice	_private.Init.Data.String.Lemmas.Pattern.String.ForwardPattern.0.String.Slice.Pos.revSkipWhile_string_eq_revSkipWhile_toSlice._simp_1_5
String.Slice.Pos.find?_char_eq_some_iff	_private.Init.Data.String.Lemmas.Pattern.Find.Char.0.String.Slice.Pos.find?_char_eq_some_iff._proof_1_4
String.posGE	_private.Init.Data.String.FindPos.0.String.posGE._proof_1
String.Slice.Pos.Splits.offset_eq_decreaseBy	_private.Init.Data.String.Lemmas.Splits.0.String.Slice.Pos.Splits.offset_eq_decreaseBy._simp_1_1
String.Slice.Pos.revSkipWhile_prop_eq_revSkipWhile_decide	_private.Init.Data.String.Lemmas.Pattern.Pred.0.String.Slice.Pos.revSkipWhile_prop_eq_revSkipWhile_decide._simp_1_5
String.Model.positionsFrom_eq_cons	_private.Init.Data.String.Lemmas.Iterate.0.String.Model.positionsFrom.eq_1
String.Pos.le_sliceTo_iff	_private.Init.Data.String.Lemmas.Order.0.String.Pos.le_sliceTo_iff._simp_1_1
String.Pos.le_sliceTo_iff	_private.Init.Data.String.Lemmas.Order.0.String.Pos.le_sliceTo_iff._simp_1_2
Char.instLawfulUpwardEnumerable	Fin.instLawfulUpwardEnumerable
Char.instLawfulUpwardEnumerable	_private.Init.Data.Range.Polymorphic.Char.0.Char.map
String.Slice.Pattern.Model.revMatchesAt_iff_exists_isLongestRevMatch	_private.Init.Data.String.Lemmas.Pattern.Basic.0.String.Slice.Pattern.Model.revMatchesAt_iff_exists_isLongestRevMatch.match_1_1
String.Slice.Pattern.Model.revMatchesAt_iff_exists_isLongestRevMatch	_private.Init.Data.String.Lemmas.Pattern.Basic.0.String.Slice.Pattern.Model.revMatchesAt_iff_exists_isLongestRevMatch.match_1_3
String.Slice.Pattern.Model.revMatchAt?_eq_none_iff	Exists.choose
String.Slice.Pattern.Model.revMatchAt?_eq_none_iff	Classical.not_not._simp_1
String.Slice.Pattern.Model.revMatchAt?_eq_none_iff	_private.Init.Data.String.Lemmas.Pattern.Basic.0.String.Slice.Pattern.Model.revMatchAt?_eq_none_iff.match_1_2
String.Slice.Pos.prevn.induct_unfolding	_private.Init.Data.String.Lemmas.FindPos.0.String.Slice.Pos.prevn.eq_def
String.Slice.Pattern.Model.Pos.skipWhile_eq_self_iff_or	_private.Init.Data.String.Lemmas.Pattern.TakeDrop.Basic.0.String.Slice.Pattern.Model.Pos.skipWhile_eq_self_iff_or._simp_1_1
String.Slice.Pattern.Model.ForwardStringSearcher.matchesAt_iff_isLongestMatchAt	_private.Init.Data.String.Lemmas.Pattern.String.Basic.0.String.Slice.Pattern.Model.ForwardStringSearcher.matchesAt_iff_isLongestMatchAt._simp_1_1
String.Slice.Pattern.Model.Char.isLongestMatchAt_iff	_private.Init.Data.String.Lemmas.Pattern.Char.0.String.Slice.Pattern.Model.Char.isLongestMatchAt_iff._simp_1_1
String.Slice.Pattern.Model.Char.isLongestMatchAt_iff	_private.Init.Data.String.Lemmas.Pattern.Char.0.String.Slice.Pattern.Model.Char.isLongestMatchAt_iff._simp_1_2
String.Pos.le_slice_iff	_private.Init.Data.String.Lemmas.Order.0.String.Pos.le_slice_iff._simp_1_1
String.Pos.le_slice_iff	Classical.imp_iff_left_iff._simp_1
String.Slice.Pattern.Model.Char.isValidSearchFrom_iff_isValidSearchFrom_beq	_private.Init.Data.String.Lemmas.Pattern.Char.0.String.Slice.Pattern.Model.Char.isValidSearchFrom_iff_isValidSearchFrom_beq._simp_1_1
String.Slice.Pattern.Model.Char.isValidSearchFrom_iff_isValidSearchFrom_beq	_private.Init.Data.String.Lemmas.Pattern.Char.0.String.Slice.Pattern.Model.Char.isValidSearchFrom_iff_isValidSearchFrom_beq._simp_1_2
String.Slice.Pattern.Model.Char.isValidSearchFrom_iff_isValidSearchFrom_beq	_private.Init.Data.String.Lemmas.Pattern.Char.0.String.Slice.Pattern.Model.Char.isValidSearchFrom_iff_isValidSearchFrom_beq._simp_1_3
String.Slice.Pattern.Model.Char.isValidSearchFrom_iff_isValidSearchFrom_beq	_private.Init.Data.String.Lemmas.Pattern.Char.0.String.Slice.Pattern.Model.Char.isValidSearchFrom_iff_isValidSearchFrom_beq._simp_1_4
String.length_join	_private.Init.Data.String.Lemmas.Length.0.String.length_join._simp_1_1
String.Slice.Model.revPositionsFrom	_private.Init.Data.String.Lemmas.Iterate.0.String.Slice.Model.revPositionsFrom._proof_2
String.Slice.Model.revPositionsFrom	_private.Init.Data.String.Lemmas.Iterate.0.String.Slice.Model.revPositionsFrom._proof_3
String.Slice.Pattern.Model.posFind?_eq_some_iff	Std.LawfulIteratorLoop
String.Slice.Pattern.Model.posFind?_eq_some_iff	_private.Init.Data.String.Lemmas.Pattern.Find.Basic.0.String.Slice.Pattern.Model.posFind?_eq_some_iff._simp_1_2
String.Slice.Pattern.Model.posFind?_eq_some_iff	_private.Init.Data.String.Lemmas.Pattern.Find.Basic.0.String.Slice.Pattern.Model.posFind?_eq_some_iff._simp_1_3
String.Slice.toList_chars	Std.Iter.toList
String.Slice.toList_chars	Std.Iter.toList_map
String.map_eq_empty	_private.Init.Data.String.Lemmas.Modify.0.String.map_eq_empty._simp_1_1
String.Slice.Pos.skipWhile_char_eq_skipWhile_beq	_private.Init.Data.String.Lemmas.Pattern.Char.0.String.Slice.Pos.skipWhile.eq_1
String.Slice.Pos.skipWhile_char_eq_skipWhile_beq	_private.Init.Data.String.Lemmas.Pattern.Char.0.String.Slice.Pos.skipWhile_char_eq_skipWhile_beq._simp_1_5
String.Slice.Pattern.Model.isLongestMatch_iff	_private.Init.Data.String.Lemmas.Pattern.Basic.0.String.Slice.Pattern.Model.isLongestMatch_iff.match_1_1
String.Slice.Pattern.Model.isLongestMatch_iff	_private.Init.Data.String.Lemmas.Pattern.Basic.0.String.Slice.Pattern.Model.isLongestMatch_iff.match_1_3
String.Pos.skip?_prop_eq_some_iff	_private.Init.Data.String.Lemmas.Pattern.TakeDrop.Pred.0.String.Pos.skip?_prop_eq_some_iff._simp_1_1
String.toList_chars	Std.Iter.toList
String.Slice.intercalate_eq	_private.Init.Data.String.Slice.0.String.Slice.intercalate.go
String.Slice.intercalate_eq	_private.Init.Data.String.Lemmas.Intercalate.0.String.Slice.intercalateGo_append
String.Slice.Pos.revSkip?_char_eq_some_iff	_private.Init.Data.String.Lemmas.Pattern.TakeDrop.Char.0.String.Slice.Pos.revSkip?_char_eq_some_iff._simp_1_1
String.Slice.Pos.revSkip?_char_eq_some_iff	_private.Init.Data.String.Lemmas.Pattern.TakeDrop.Char.0.String.Slice.Pos.revSkip?_char_eq_some_iff._simp_1_2
String.Slice.Pos.instLinearOrderPackage	Std.LinearOrderPackage.ofLE
String.Slice.Pos.apply_skipWhile_bool_eq_false	_private.Init.Data.String.Lemmas.Pattern.TakeDrop.Pred.0.String.Slice.Pos.apply_skipWhile_bool_eq_false._simp_1_1
String.Model.positionsFrom_endPos	_private.Init.Data.String.Lemmas.Iterate.0.String.Model.positionsFrom.eq_1
String.Slice.Pattern.Model.CharPred.isMatch_iff	_private.Init.Data.String.Lemmas.Pattern.Pred.0.String.Slice.Pattern.Model.CharPred.isMatch_iff._simp_1_1
String.Slice.Pattern.Model.CharPred.isMatch_iff	_private.Init.Data.String.Lemmas.Pattern.Pred.0.String.Slice.Pattern.Model.CharPred.isMatch_iff._simp_1_2
String.Slice.Pattern.Model.CharPred.isMatch_iff	_private.Init.Data.String.Lemmas.Pattern.Pred.0.String.Slice.Pattern.Model.CharPred.isMatch_iff._simp_1_3
String.Slice.Pattern.Model.CharPred.isMatch_iff	_private.Init.Data.String.Lemmas.Pattern.Pred.0.String.Slice.Pattern.Model.CharPred.isMatch_iff.match_1_4
String.Pos.skipWhile_prop_eq_self_iff_get	_private.Init.Data.String.Lemmas.Pattern.TakeDrop.Pred.0.String.Pos.skipWhile_prop_eq_self_iff_get._simp_1_1
String.Pos.skipWhile_prop_eq_self_iff_get	_private.Init.Data.String.Lemmas.Pattern.TakeDrop.Pred.0.String.Pos.skipWhile_prop_eq_self_iff_get._simp_1_2
String.toList_split_empty	Std.Iter.toList
String.Slice.Pattern.Model.IsLongestMatch.eq	Std.not_lt
String.Slice.Pattern.Model.matchesAt_iff_exists_isLongestMatch	_private.Init.Data.String.Lemmas.Pattern.Basic.0.String.Slice.Pattern.Model.matchesAt_iff_exists_isLongestMatch.match_1_1
String.Slice.Pattern.Model.matchesAt_iff_exists_isLongestMatch	_private.Init.Data.String.Lemmas.Pattern.Basic.0.String.Slice.Pattern.Model.matchesAt_iff_exists_isLongestMatch.match_1_3
String.Pos.slice_lt_slice_iff	_private.Init.Data.String.Lemmas.Order.0.String.Pos.slice_lt_slice_iff._proof_1_6
ByteArray.isUTF8FirstByte_getElem_zero_utf8EncodeChar_append	UInt8.isUTF8FirstByte_getElem_utf8EncodeChar
String.Slice.Pattern.Model.isRevMatch_cast_iff	_private.Init.Data.String.Lemmas.Pattern.Basic.0.String.Slice.Pattern.Model.isRevMatch_cast_iff._simp_1_1
String.Slice.Pos.lt_next_iff_le	Std.not_lt
ByteArray.extract_append_size_left	Array.extract_append
String.length_map	_private.Init.Data.String.Lemmas.Length.0.String.length_map._simp_1_1
String.Pos.sliceFrom_inj	_private.Init.Data.String.Basic.0.String.Pos.sliceFrom_inj._proof_1_3
String.Pos.get?_eq_some_get	_private.Init.Data.String.Lemmas.Slice.0.String.Pos.get?_eq_some_get._simp_1_1
Char.ordinal	_private.Init.Data.Char.Ordinal.0.Char.ordinal._proof_1
Char.ordinal	_private.Init.Data.Char.Ordinal.0.Char.ordinal._proof_2
String.Slice.Pos.apply_revSkipWhile_prop	_private.Init.Data.String.Lemmas.Pattern.TakeDrop.Pred.0.String.Slice.Pos.apply_revSkipWhile_prop._simp_1_1
String.Slice.Pattern.Model.CharPred.revMatchAt?_eq	_private.Init.Data.String.Lemmas.Pattern.Pred.0.String.Slice.Pattern.Model.CharPred.revMatchAt?_eq._simp_1_2
String.Slice.Pattern.Model.CharPred.revMatchAt?_eq	_private.Init.Data.String.Lemmas.Pattern.Pred.0.String.Slice.Pattern.Model.CharPred.revMatchAt?_eq._simp_1_1
String.Slice.Pattern.Model.isLongestMatchAt_iff_isLongestMatchAt_ofSliceFrom	_private.Init.Data.String.Lemmas.Pattern.Basic.0.String.Slice.Pattern.Model.isLongestMatch_of_eq
String.Slice.takeWhile_eq_self_iff	Std.instLawfulEqOrdOfLawfulOrderOrdOfAntisymmLe
String.Slice.Pattern.Model.ForwardSliceSearcher.matchesAt_iff_isLongestMatchAt	_private.Init.Data.String.Lemmas.Pattern.String.Basic.0.String.Slice.Pattern.Model.ForwardSliceSearcher.matchesAt_iff_isLongestMatchAt.match_1_1
String.Slice.Pattern.Model.ForwardSliceSearcher.matchesAt_iff_isLongestMatchAt	_private.Init.Data.String.Lemmas.Pattern.String.Basic.0.String.Slice.Pattern.Model.ForwardSliceSearcher.matchesAt_iff_isLongestMatchAt.match_1_3
String.Slice.Pos.lt_slice_iff	_private.Init.Data.String.Lemmas.Order.0.String.Slice.Pos.lt_slice_iff._simp_1_1
String.Slice.Pos.lt_slice_iff	Classical.imp_iff_left_iff._simp_1
String.dropEndWhile_dropEndWhile	_private.Init.Data.String.Lemmas.Pattern.TakeDrop.Basic.0.String.dropEndWhile_dropEndWhile._simp_1_1
String.Slice.Pattern.BackwardSliceSearcher.endsWith_of_isEmpty	_private.Init.Data.String.Lemmas.Pattern.String.ForwardPattern.0.String.Slice.Pattern.BackwardSliceSearcher.endsWith_of_isEmpty._simp_1_1
String.Slice.takeEndWhile_eq_self_iff	Std.instLawfulEqOrdOfLawfulOrderOrdOfAntisymmLe
String.Slice.Pos.nextn.induct_unfolding	_private.Init.Data.String.Basic.0.String.Slice.Pos.nextn.eq_def
String.Slice.Pattern.Model.ForwardSliceSearcher.toList_emptyBefore_eq	Std.Iter.toList
String.Slice.Pattern.Model.ForwardSliceSearcher.toList_emptyBefore_eq	Std.Iter.toList_eq_match_step
String.Slice.toList_split_intercalate	Std.Iter.toList
String.endsWith_char_iff_get	_private.Init.Data.String.Lemmas.Pattern.TakeDrop.Char.0.String.endsWith_char_iff_get._simp_1_1
String.endsWith_char_iff_get	_private.Init.Data.String.Lemmas.Pattern.TakeDrop.Char.0.String.endsWith_char_iff_get._simp_1_2
String.Slice.Pattern.Model.CharPred.Decidable.matchesAt_iff_matchesAt_decide	_private.Init.Data.String.Lemmas.Pattern.Pred.0.String.Slice.Pattern.Model.CharPred.Decidable.matchesAt_iff_matchesAt_decide._simp_1_1
String.Slice.Pattern.Model.CharPred.Decidable.matchesAt_iff_matchesAt_decide	_private.Init.Data.String.Lemmas.Pattern.Pred.0.String.Slice.Pattern.Model.CharPred.Decidable.matchesAt_iff_matchesAt_decide._simp_1_2
String.Slice.Pattern.Model.isMatch_iff_exists_splits	_private.Init.Data.String.Lemmas.Pattern.Basic.0.String.Slice.Pattern.Model.isMatch_iff_exists_splits.match_1_1
String.Slice.Pattern.Model.ForwardSliceSearcher.toList_atEnd_eq	Std.Iter.toList
String.Slice.Pattern.Model.ForwardSliceSearcher.toList_atEnd_eq	Std.Iter.toList_eq_match_step
String.Pos.slice_lt_iff	_private.Init.Data.String.Lemmas.Order.0.String.Pos.slice_lt_iff._simp_1_1
String.Pos.slice_lt_iff	Classical.imp_iff_left_iff._simp_1
String.endsWith_bool_eq_getLast?	_private.Init.Data.String.Lemmas.Pattern.TakeDrop.Pred.0.String.endsWith_bool_eq_getLast?._simp_1_1
String.Slice.Pattern.Model.revMatchesAt_cast_iff	_private.Init.Data.String.Lemmas.Pattern.Basic.0.String.Slice.Pattern.Model.revMatchesAt_cast_iff._simp_1_1
String.Slice.Pattern.Model.revMatchesAt_cast_iff	_private.Init.Data.String.Lemmas.Pattern.Basic.0.String.Slice.Pattern.Model.revMatchesAt_cast_iff.match_1_2
String.Slice.Pattern.Model.revMatchesAt_cast_iff	_private.Init.Data.String.Lemmas.Pattern.Basic.0.String.Slice.Pattern.Model.revMatchesAt_cast_iff.match_1_4
String.Slice.contains_bool_eq	Std.instLawfulIteratorLoopDefaultImplementation
String.Slice.contains_bool_eq	_private.Init.Data.String.Lemmas.Pattern.Find.Pred.0.String.Slice.contains_bool_eq._simp_1_1
String.Slice.contains_bool_eq	_private.Init.Data.String.Lemmas.Pattern.Find.Pred.0.String.Slice.contains_bool_eq._simp_1_3
String.Slice.contains_bool_eq	_private.Init.Data.String.Lemmas.Pattern.Find.Pred.0.String.Slice.contains_bool_eq.match_1_4
String.Slice.contains_bool_eq	_private.Init.Data.String.Lemmas.Pattern.Find.Pred.0.String.Slice.contains_bool_eq.match_1_6
String.Pos.Raw.substrEq	_private.Init.Data.String.Basic.0.String.Pos.Raw.substrEq.loop
String.Slice.Pattern.Model.NoSuffixPatternModel.of_length_toList_eq	Nat.right_eq_add._simp_1
String.Slice.Pattern.Model.Char.isLongestRevMatchAt_iff	_private.Init.Data.String.Lemmas.Pattern.Char.0.String.Slice.Pattern.Model.Char.isLongestRevMatchAt_iff._simp_1_1
String.Slice.Pattern.Model.Char.isLongestRevMatchAt_iff	_private.Init.Data.String.Lemmas.Pattern.Char.0.String.Slice.Pattern.Model.Char.isLongestRevMatchAt_iff._simp_1_2
String.Pos.get?_eq_dif	_private.Init.Data.String.Lemmas.Slice.0.String.Pos.get?_eq_dif._simp_1_1
String.Pos.remainingBytes_inj	_private.Init.Data.String.Termination.0.String.Pos.remainingBytes_inj._simp_1_1
String.Pos.remainingBytes_inj	_private.Init.Data.String.Termination.0.String.Pos.remainingBytes_inj._simp_1_3
String.copy_slice_eq_iff_splits	_private.Init.Data.String.Lemmas.Splits.0.String.copy_slice_eq_iff_splits._simp_1_1
String.copy_slice_eq_iff_splits	_private.Init.Data.String.Lemmas.Splits.0.String.copy_slice_eq_iff_splits._simp_1_2
String.Slice.Pattern.Model.CharPred.matchesAt_iff	_private.Init.Data.String.Lemmas.Pattern.Pred.0.String.Slice.Pattern.Model.CharPred.matchesAt_iff._simp_1_1
String.Slice.Pattern.Model.CharPred.matchesAt_iff	_private.Init.Data.String.Lemmas.Pattern.Pred.0.String.Slice.Pattern.Model.CharPred.matchesAt_iff._simp_1_2
String.Slice.revAll_copy	_private.Init.Data.String.Lemmas.Pattern.TakeDrop.Basic.0.String.Slice.revAll_copy._simp_1_1
String.Slice.Pattern.BackwardSliceSearcher.skipSuffix?.fun_cases_unfolding	_private.Init.Data.String.Lemmas.Pattern.String.ForwardPattern.0.String.Slice.Pattern.BackwardSliceSearcher.skipSuffix?.eq_def
String.Slice.Pos.next_eq_nextFast	_private.Init.Data.String.Basic.0.String.Slice.Pos.nextFast._proof_1
String.Slice.Pos.next_eq_nextFast	_private.Init.Data.String.Basic.0.String.Slice.Pos.nextFast._proof_2
String.Slice.Pos.next_eq_nextFast	_private.Init.Data.String.Basic.0.String.Slice.Pos.next_eq_nextFast._proof_1_7
String.Pos.le_sliceFrom_iff	_private.Init.Data.String.Lemmas.Order.0.String.Pos.le_sliceFrom_iff._simp_1_1
String.Pos.wellFounded_gt	_private.Init.Data.String.Termination.0.String.Pos.wellFounded_gt._simp_1_1
String.Slice.Pos.Splits.get_eq_of_singleton	_private.Init.Data.String.Lemmas.Splits.0.String.Slice.Pos.Splits.get_eq_of_singleton._simp_1_1
String.Slice.Pattern.Model.IsLongestRevMatch.le_of_isRevMatch	Std.not_lt
String.Slice.Pos.apply_skipWhile_prop	_private.Init.Data.String.Lemmas.Pattern.TakeDrop.Pred.0.String.Slice.Pos.apply_skipWhile_prop._simp_1_1
String.Slice.revAll_slice_iff	_private.Init.Data.String.Lemmas.Pattern.TakeDrop.String.0.String.Slice.revAll_slice_iff._simp_1_1
String.Slice.revAll_slice_iff	_private.Init.Data.String.Lemmas.Pattern.TakeDrop.String.0.String.Slice.revAll_slice_iff._simp_1_2
String.Pos.getUTF8Byte_offset	_private.Init.Data.String.Lemmas.Order.0.String.Pos.getUTF8Byte_offset._simp_1_1
String.Slice.Pattern.Model.isMatch_cast_iff	_private.Init.Data.String.Lemmas.Pattern.Basic.0.String.Slice.Pattern.Model.isMatch_cast_iff._simp_1_1
String.Slice.Pos.ofSliceTo_next	_private.Init.Data.String.Lemmas.Order.0.String.Slice.Pos.ofSliceTo_next._simp_1_1
String.Slice.Pos.ofSliceTo_next	_private.Init.Data.String.Lemmas.Order.0.String.Slice.Pos.ofSliceTo_next._simp_1_2
String.Pos.Splits.nextn	_private.Init.Data.String.Lemmas.Splits.0.String.Pos.Splits.nextn._simp_1_1
String.Slice.Pattern.Model.Pos.revSkipWhile_eq_iff	_private.Init.Data.String.Lemmas.Pattern.TakeDrop.Basic.0.String.Slice.Pattern.Model.Pos.revSkipWhile_eq_iff.match_1_3
String.Slice.Pattern.Model.Pos.revSkipWhile_eq_iff	Std.not_lt
String.Slice.Pattern.Model.revMatchesAt_iff_exists_isLongestRevMatchAt	_private.Init.Data.String.Lemmas.Pattern.Basic.0.String.Slice.Pattern.Model.revMatchesAt_iff_exists_isLongestRevMatchAt.match_1_1
String.Slice.RevPosIterator.instFiniteSubtypePosNeEndPos	_private.Init.Data.String.Iterate.0.String.Slice.RevPosIterator.finitenessRelation
String.Pos.lt_next_iff_le	Std.not_lt
String.Slice.Pattern.Model.ForwardSliceSearcher.isLongestRevMatchAt_iff	_private.Init.Data.String.Lemmas.Pattern.String.Basic.0.String.Slice.Pattern.Model.ForwardSliceSearcher.isLongestRevMatchAt_iff._simp_1_1
String.Slice.Pattern.Model.ForwardSliceSearcher.isLongestRevMatchAt_iff	_private.Init.Data.String.Lemmas.Pattern.String.Basic.0.String.Slice.Pattern.Model.ForwardSliceSearcher.isLongestRevMatchAt_iff._simp_1_2
String.Slice.Pos.find?_prop_eq_none_iff	_private.Init.Data.String.Lemmas.Pattern.Find.Pred.0.String.Slice.Pos.find?_prop_eq_none_iff._simp_1_1
String.Slice.Pattern.Model.Char.revMatchesAt_iff_revMatchesAt_beq	_private.Init.Data.String.Lemmas.Pattern.Char.0.String.Slice.Pattern.Model.Char.revMatchesAt_iff_revMatchesAt_beq._simp_1_1
String.Slice.Pattern.Model.Char.revMatchesAt_iff_revMatchesAt_beq	_private.Init.Data.String.Lemmas.Pattern.Char.0.String.Slice.Pattern.Model.Char.revMatchesAt_iff_revMatchesAt_beq._simp_1_2
String.toList_copy_take	_private.Init.Data.String.Lemmas.TakeDrop.0.String.toList_copy_take._simp_1_1
String.Slice.slice_eq_self_iff	Nat.add_eq_left._simp_1
String.Slice.slice_eq_self_iff	_private.Init.Data.String.Lemmas.Basic.0.String.Slice.slice_eq_self_iff._proof_1_7
String.Pos.ofSliceFrom_lt_iff	_private.Init.Data.String.Lemmas.Order.0.String.Pos.ofSliceFrom_lt_iff.match_1_1
String.Slice.isEmpty_takeWhile_dropWhile	_private.Init.Data.String.Lemmas.Pattern.TakeDrop.Basic.0.String.Slice.isEmpty_takeWhile_dropWhile._simp_1_1
String.Slice.dropEndWhile_copy	_private.Init.Data.String.Lemmas.Pattern.TakeDrop.Basic.0.String.Slice.dropEndWhile_copy._simp_1_1
String.Slice.Pattern.Model.IsLongestRevMatchAt.sliceFrom	_private.Init.Data.String.Lemmas.Pattern.Basic.0.String.Slice.Pattern.Model.IsLongestRevMatchAt.sliceFrom._simp_1_2
String.Slice.Pattern.Model.IsLongestRevMatchAt.sliceFrom	_private.Init.Data.String.Lemmas.Pattern.Basic.0.String.Slice.Pattern.Model.IsLongestRevMatchAt.sliceFrom._simp_1_1
String.Slice.contains_char_eq	Std.instLawfulIteratorLoopDefaultImplementation
String.Slice.contains_char_eq	_private.Init.Data.String.Lemmas.Pattern.Find.Char.0.String.Slice.contains_char_eq._simp_1_1
String.Slice.contains_char_eq	_private.Init.Data.String.Lemmas.Pattern.Find.Char.0.String.Slice.contains_char_eq._simp_1_2
String.Pos.ofSliceTo_le_iff	_private.Init.Data.String.Lemmas.Order.0.String.Pos.ofSliceTo_le_iff._simp_1_1
String.Pos.ofSliceTo_le_iff	_private.Init.Data.String.Lemmas.Order.0.String.Pos.ofSliceTo_le_iff._simp_1_2
String.Slice.Pos.slice_lt_iff	_private.Init.Data.String.Lemmas.Order.0.String.Slice.Pos.slice_lt_iff._simp_1_1
String.Slice.Pos.slice_lt_iff	Classical.imp_iff_left_iff._simp_1
String.Slice.endsWith_slice_iff	_private.Init.Data.String.Lemmas.Pattern.TakeDrop.String.0.String.Slice.endsWith_slice_iff._simp_1_1
String.Slice.endsWith_slice_iff	_private.Init.Data.String.Lemmas.Pattern.TakeDrop.String.0.String.Slice.endsWith_slice_iff._simp_1_2
String.Slice.endsWith_slice_iff	_private.Init.Data.String.Lemmas.Pattern.TakeDrop.String.0.String.Slice.endsWith_slice_iff._simp_1_3
String.Slice.endsWith_slice_iff	_private.Init.Data.String.Lemmas.Pattern.TakeDrop.String.0.String.Slice.endsWith_slice_iff._simp_1_5
String.Slice.endsWith_slice_iff	_private.Init.Data.String.Lemmas.Pattern.TakeDrop.String.0.String.Slice.endsWith_slice_iff.match_1_7
String.Slice.endsWith_slice_iff	_private.Init.Data.String.Lemmas.Pattern.TakeDrop.String.0.String.Slice.endsWith_slice_iff.match_1_9
String.Slice.dropEndWhile_dropEndWhile	_private.Init.Data.String.Lemmas.Pattern.TakeDrop.Basic.0.String.Slice.dropEndWhile_dropEndWhile._simp_1_1
String.Slice.dropEndWhile_dropEndWhile	_private.Init.Data.String.Lemmas.Pattern.TakeDrop.Basic.0.String.Slice.dropEndWhile_dropEndWhile._simp_1_2
String.Slice.dropEndWhile_dropEndWhile	_private.Init.Data.String.Lemmas.Pattern.TakeDrop.Basic.0.String.Slice.dropEndWhile_dropEndWhile._simp_1_3
String.Slice.Pattern.Model.ForwardSliceSearcher.lawfulToForwardSearcherModel	Std.Iter.toList
String.Slice.Pattern.Model.ForwardSliceSearcher.lawfulToForwardSearcherModel	_private.Init.Data.String.Lemmas.Pattern.String.ForwardSearcher.0.String.Slice.Pattern.Model.ForwardSliceSearcher.Invariants.base
String.Slice.Pattern.Model.ForwardSliceSearcher.lawfulToForwardSearcherModel	_private.Init.Data.String.Lemmas.Pattern.String.ForwardSearcher.0.String.Slice.Pattern.Model.ForwardSliceSearcher.Invariants.start
String.Slice.Pattern.Model.ForwardSliceSearcher.lawfulToForwardSearcherModel	_private.Init.Data.String.Lemmas.Pattern.String.ForwardSearcher.0.String.Slice.Pattern.Model.ForwardSliceSearcher.Invariants.base_start
String.Slice.Pattern.Model.ForwardSliceSearcher.lawfulToForwardSearcherModel	_private.Init.Data.String.Lemmas.Pattern.String.ForwardSearcher.0.String.Slice.Pattern.Model.ForwardSliceSearcher.Invariants.isValidSearchFrom_toList
String.Slice.Pos.next_le_of_lt	_private.Init.Data.String.Basic.0.String.Slice.Pos.next_le_of_lt._proof_1_9
String.Slice.Pos.next_le_of_lt	_private.Init.Data.String.Basic.0.String.Slice.Pos.next_le_of_lt._proof_1_11
String.Slice.Pos.next_le_of_lt	UInt8.isUTF8FirstByte_getElem_utf8EncodeChar
String.Slice.Pos.next_le_of_lt	_private.Init.Data.String.Basic.0.String.Slice.Pos.next_le_of_lt._proof_1_12
String.Slice.Pos.next_le_of_lt	_private.Init.Data.String.Basic.0.String.Slice.Pos.next_le_of_lt._simp_1_10
String.Slice.Pattern.ToForwardSearcher.DefaultForwardSearcher.instIteratorLoopIdSearchStep	Std.IteratorLoop.defaultImplementation
String.Pos.slice_le_slice_iff	_private.Init.Data.String.Lemmas.Order.0.String.Pos.slice_le_slice_iff._proof_1_4
String.Slice.Pos.copy_eq_append_get	_private.Init.Data.String.Basic.0.String.Slice.Pos.copy_eq_append_get._simp_1_1
String.apply_skipSuffixWhile_bool_eq_false	_private.Init.Data.String.Lemmas.Pattern.TakeDrop.Pred.0.String.apply_skipSuffixWhile_bool_eq_false._simp_1_1
Char.lt_iff_ordinal_lt	_private.Init.Data.Char.Ordinal.0.Char.lt_iff_ordinal_lt._simp_1_2
String.Slice.Pos.nextFast	_private.Init.Data.String.Basic.0.String.Slice.Pos.nextFast._proof_1
String.Slice.Pos.nextFast	_private.Init.Data.String.Basic.0.String.Slice.Pos.nextFast._proof_2
String.skipPrefix?_bool_eq_some_iff	_private.Init.Data.String.Lemmas.Pattern.TakeDrop.Pred.0.String.skipPrefix?_bool_eq_some_iff._simp_1_2
String.skipPrefix?_bool_eq_some_iff	_private.Init.Data.String.Lemmas.Pattern.TakeDrop.Pred.0.String.skipPrefix?_bool_eq_some_iff._simp_1_1
String.Slice.Pattern.Model.isLongestRevMatchAt_cast_iff	_private.Init.Data.String.Lemmas.Pattern.Basic.0.String.Slice.Pattern.Model.isLongestRevMatchAt_cast_iff._simp_1_1
String.le_antisymm	List.le_antisymm
String.Slice.Pattern.Model.ForwardStringSearcher.isLongestRevMatchAtChain_iff	_private.Init.Data.String.Lemmas.Pattern.String.Basic.0.String.Slice.Pattern.Model.ForwardStringSearcher.isLongestRevMatchAtChain_iff._simp_1_1
String.Slice.Pattern.Model.ForwardStringSearcher.isLongestRevMatchAtChain_iff	_private.Init.Data.String.Lemmas.Pattern.String.Basic.0.String.Slice.Pattern.Model.ForwardStringSearcher.isLongestRevMatchAtChain_iff._simp_1_2
String.Slice.endsWith_copy	_private.Init.Data.String.Lemmas.Pattern.TakeDrop.Basic.0.String.Slice.endsWith_copy._simp_1_1
String.Slice.Pattern.Model.CharPred.isLongestMatchAtChain_iff	Std.lt_trichotomy
String.Slice.Pattern.Model.CharPred.isLongestMatchAtChain_iff	Std.instTrichotomousLtOfLawfulOrderLTOfTotalOfAntisymmLe
String.Slice.Pattern.Model.CharPred.isLongestMatchAtChain_iff	Std.le_iff_lt_or_eq
String.Slice.Pattern.Model.CharPred.isLongestMatchAtChain_iff	_private.Init.Data.String.Lemmas.Pattern.Pred.0.String.Slice.Pattern.Model.CharPred.isLongestMatchAtChain_iff.match_1_1
String.Slice.startsWith_prop_eq_false_iff_get	_private.Init.Data.String.Lemmas.Pattern.TakeDrop.Pred.0.String.Slice.startsWith_prop_eq_false_iff_get._simp_1_1
String.back?_eq_get?	_private.Init.Data.String.Lemmas.Search.0.String.back?_eq_get?._simp_1_2
String.back?_eq_get?	_private.Init.Data.String.Lemmas.Search.0.String.back?_eq_get?._simp_1_1
String.back?_eq_get?	_private.Init.Data.String.Lemmas.Search.0.String.back?_eq_get?._simp_1_3
String.Slice.sliceFrom_eq_self_iff	Nat.add_eq_left._simp_1
String.toList_split_char	Std.Iter.toList
Char.coe_ordinal	_private.Init.Data.Char.Ordinal.0.Char.coe_ordinal._proof_1_2
String.Slice.Pattern.Internal.memcmpStr_eq_true_iff	Std.not_lt
String.Slice.Pattern.Internal.memcmpStr_eq_true_iff	Classical.not_forall._simp_1
String.Slice.Pattern.Model.LawfulForwardPatternModel.skipPrefix?_sliceFrom_eq_none_iff	Classical.propDecidable
String.Slice.Pattern.Model.LawfulForwardPatternModel.skipPrefix?_sliceFrom_eq_none_iff	_private.Init.Data.String.Lemmas.Pattern.Basic.0.String.Slice.Pattern.Model.LawfulForwardPatternModel.skipPrefix?_sliceFrom_eq_none_iff._simp_1_2
String.Slice.Pattern.Model.LawfulForwardPatternModel.skipPrefix?_sliceFrom_eq_none_iff	_private.Init.Data.String.Lemmas.Pattern.Basic.0.String.Slice.Pattern.Model.LawfulForwardPatternModel.skipPrefix?_sliceFrom_eq_none_iff.match_1_3
String.Slice.Pattern.Model.LawfulForwardPatternModel.skipPrefix?_sliceFrom_eq_none_iff	_private.Init.Data.String.Lemmas.Pattern.Basic.0.String.Slice.Pattern.Model.LawfulForwardPatternModel.skipPrefix?_sliceFrom_eq_none_iff.match_1_5
String.Slice.all_slice_iff	_private.Init.Data.String.Lemmas.Pattern.TakeDrop.String.0.String.Slice.all_slice_iff._simp_1_1
String.Slice.all_slice_iff	_private.Init.Data.String.Lemmas.Pattern.TakeDrop.String.0.String.Slice.all_slice_iff._simp_1_2
String.Slice.apply_skipPrefixWhile_prop	_private.Init.Data.String.Lemmas.Pattern.TakeDrop.Pred.0.String.Slice.apply_skipPrefixWhile_prop._simp_1_1
String.Slice.Pattern.Model.ForwardStringSearcher.isLongestMatchAt_iff_isLongestMatchAt_toSlice	_private.Init.Data.String.Lemmas.Pattern.String.Basic.0.String.Slice.Pattern.Model.ForwardStringSearcher.isLongestMatchAt_iff_isLongestMatchAt_toSlice._simp_1_1
String.Slice.Pattern.Model.ForwardStringSearcher.isLongestMatchAt_iff_isLongestMatchAt_toSlice	_private.Init.Data.String.Lemmas.Pattern.String.Basic.0.String.Slice.Pattern.Model.ForwardStringSearcher.isLongestMatchAt_iff_isLongestMatchAt_toSlice._simp_1_2
String.length_empty	_private.Init.Data.String.Length.0.String.length_empty._simp_1_1
String.Slice.Pattern.Model.Char.isRevMatch_iff_isRevMatch_beq	_private.Init.Data.String.Lemmas.Pattern.Char.0.String.Slice.Pattern.Model.Char.isRevMatch_iff_isRevMatch_beq._simp_1_1
String.Slice.Pattern.Model.Char.isRevMatch_iff_isRevMatch_beq	_private.Init.Data.String.Lemmas.Pattern.Char.0.String.Slice.Pattern.Model.Char.isRevMatch_iff_isRevMatch_beq._simp_1_2
Char.ofOrdinal_le_of_le	_private.Init.Data.Char.Ordinal.0.Char.ofOrdinal_le_of_le._proof_1_5
Char.ofOrdinal_le_of_le	_private.Init.Data.Char.Ordinal.0.Char.ofOrdinal_le_of_le._proof_1_6
Char.ofOrdinal_le_of_le	_private.Init.Data.Char.Ordinal.0.Char.ofOrdinal_le_of_le._proof_1_4
String.revAll_takeEndWhile	_private.Init.Data.String.Lemmas.Pattern.TakeDrop.Basic.0.String.revAll_takeEndWhile._simp_1_1
String.Pos.le_ofSliceFrom_iff	_private.Init.Data.String.Lemmas.Order.0.String.Pos.le_ofSliceFrom_iff._simp_1_1
String.Pos.le_ofSliceFrom_iff	_private.Init.Data.String.Lemmas.Order.0.String.Pos.le_ofSliceFrom_iff._simp_1_2
String.Pos.toModifyOfLE	_private.Init.Data.String.Modify.0.String.Pos.toModifyOfLE._proof_1
String.Slice.Pattern.Model.isRevMatch_sliceFrom_iff	_private.Init.Data.String.Lemmas.Pattern.Basic.0.String.Slice.Pattern.Model.isRevMatch_sliceFrom_iff._simp_1_1
String.Slice.Pattern.Model.posFind?_eq_none_iff	Std.LawfulIteratorLoop
String.Slice.Pattern.Model.posFind?_eq_none_iff	_private.Init.Data.String.Lemmas.Pattern.Find.Basic.0.String.Slice.Pattern.Model.posFind?_eq_none_iff._simp_1_1
String.posGT_eq_posGT_toSlice	_private.Init.Data.String.FindPos.0.String.posGT._proof_1
String.Slice.Pattern.Model.Pos.revSkip?_eq_none_iff	_private.Init.Data.String.Lemmas.Pattern.TakeDrop.Basic.0.String.Slice.Pattern.Model.Pos.revSkip?_eq_none_iff._simp_1_1
String.Slice.Pattern.Model.Pos.revSkip?_eq_none_iff	_private.Init.Data.String.Lemmas.Pattern.TakeDrop.Basic.0.String.Slice.Pattern.Model.Pos.revSkip?_eq_none_iff._simp_1_2
String.Slice.Pattern.Model.matchAt?	Classical.propDecidable
String.Slice.Pattern.Model.matchAt?	Exists.choose
String.Slice.Pos.le_iff_remainingBytes_le	_private.Init.Data.String.Termination.0.String.Slice.Pos.le_iff_remainingBytes_le._proof_1_3
String.Pos.revSkipWhile_prop_eq_self_iff_get	_private.Init.Data.String.Lemmas.Pattern.TakeDrop.Pred.0.String.Pos.revSkipWhile_prop_eq_self_iff_get._simp_1_1
String.Pos.revSkipWhile_prop_eq_self_iff_get	_private.Init.Data.String.Lemmas.Pattern.TakeDrop.Pred.0.String.Pos.revSkipWhile_prop_eq_self_iff_get._simp_1_2
String.Model.mem_positionsFrom	Std.le_iff_lt_or_eq
String.Slice.Pattern.Model.IsLongestMatch.sliceTo	_private.Init.Data.String.Lemmas.Pattern.Basic.0.String.Slice.Pattern.Model.IsLongestMatch.sliceTo._simp_1_1
String.Slice.Pattern.Model.IsLongestMatch.sliceTo	_private.Init.Data.String.Lemmas.Pattern.Basic.0.String.Slice.Pattern.Model.IsLongestMatch.sliceTo._simp_1_2
String.Slice.PosIterator.instFiniteSubtypePosNeEndPos	_private.Init.Data.String.Iterate.0.String.Slice.PosIterator.finitenessRelation
ByteArray.utf8Decode?_utf8Encode_singleton_append	_private.Init.Data.String.Basic.0.ByteArray.utf8Decode?go_eq_utf8Decode?go_extract
String.Slice.Pattern.Model.CharPred.matchAt?_eq	_private.Init.Data.String.Lemmas.Pattern.Pred.0.String.Slice.Pattern.Model.CharPred.matchAt?_eq._simp_1_2
String.Slice.Pattern.Model.CharPred.matchAt?_eq	_private.Init.Data.String.Lemmas.Pattern.Pred.0.String.Slice.Pattern.Model.CharPred.matchAt?_eq._simp_1_1
String.skipPrefixWhile_eq_startPos_iff	_private.Init.Data.String.Lemmas.Pattern.TakeDrop.Basic.0.String.skipPrefixWhile_eq_startPos_iff._simp_1_2
String.skipPrefixWhile_eq_startPos_iff	_private.Init.Data.String.Lemmas.Pattern.TakeDrop.Basic.0.String.skipPrefixWhile_eq_startPos_iff._simp_1_3
String.skipPrefixWhile_eq_startPos_iff	_private.Init.Data.String.Lemmas.Pattern.TakeDrop.Basic.0.String.skipPrefixWhile_eq_startPos_iff._simp_1_1
String.Slice.Pattern.Model.Pos.skipWhile_eq_self_iff	_private.Init.Data.String.Lemmas.Pattern.TakeDrop.Basic.0.String.Slice.Pattern.Model.Pos.skipWhile_eq_self_iff._simp_1_1
String.Slice.beq_list_eq_decide	_private.Init.Data.String.Lemmas.Slice.0.String.Slice.beq_list_eq_decide._simp_1_1
String.Slice.toList_split_prop	Std.Iter.toList
String.Slice.toList_split_prop	_private.Init.Data.String.Lemmas.Pattern.Split.Pred.0.String.Slice.toList_split_prop._simp_1_1
String.Pos.find?_char_eq_none_iff	_private.Init.Data.String.Lemmas.Pattern.Find.Char.0.String.Pos.find?_char_eq_none_iff._simp_1_2
String.Pos.find?_char_eq_none_iff	_private.Init.Data.String.Lemmas.Pattern.Find.Char.0.String.Pos.find?_char_eq_none_iff._simp_1_4
String.Pos.find?_char_eq_none_iff	_private.Init.Data.String.Lemmas.Pattern.Find.Char.0.String.Pos.find?_char_eq_none_iff._simp_1_6
String.Slice.toList_splitToSubslice_prop	Std.Iter.toList
String.isEmpty_takeEndWhile	_private.Init.Data.String.Lemmas.Pattern.TakeDrop.Basic.0.String.isEmpty_takeEndWhile._simp_1_1
String.startsWith_bool_iff_get	_private.Init.Data.String.Lemmas.Pattern.TakeDrop.Pred.0.String.startsWith_bool_iff_get._simp_1_1
String.startsWith_bool_iff_get	_private.Init.Data.String.Lemmas.Pattern.TakeDrop.Pred.0.String.startsWith_bool_iff_get._simp_1_2
String.findAux	_private.Init.Data.String.Search.0.String.findAux._proof_3
String.Internal.ofToSliceWithProof	_private.Init.Data.String.Iterate.0.String.Internal.ofToSliceWithProof.match_1
String.Internal.ofToSliceWithProof	_private.Init.Data.String.Iterate.0.String.Internal.ofToSliceWithProof._proof_1
String.Slice.Pos.startPos_lt_iff	_private.Init.Data.String.Lemmas.Order.0.String.Slice.Pos.startPos_lt_iff._simp_1_1
String.Slice.Pos.ofEqAppend	_private.Init.Data.String.Lemmas.Splits.0.String.Slice.Pos.ofEqAppend._proof_1
String.Slice.Pattern.Model.CharPred.isLongestRevMatchAt_iff	_private.Init.Data.String.Lemmas.Pattern.Pred.0.String.Slice.Pattern.Model.CharPred.isLongestRevMatchAt_iff._simp_1_1
String.Slice.Pattern.Model.CharPred.isLongestRevMatchAt_iff	_private.Init.Data.String.Lemmas.Pattern.Pred.0.String.Slice.Pattern.Model.CharPred.isLongestRevMatchAt_iff._simp_1_2
String.Slice.Pattern.Model.CharPred.Decidable.revMatchAt?_eq_revMatchAt?_decide	_private.Init.Data.String.Lemmas.Pattern.Pred.0.String.Slice.Pattern.Model.CharPred.Decidable.revMatchAt?_eq_revMatchAt?_decide._simp_1_1
String.le_posLE_iff	_private.Init.Data.String.Lemmas.FindPos.0.String.le_posLE_iff._simp_1_2
String.Slice.Pattern.Model.ForwardStringSearcher.isValidSearchFrom_iff_isValidSearchFrom_toSlice	_private.Init.Data.String.Lemmas.Pattern.String.Basic.0.String.Slice.Pattern.Model.ForwardStringSearcher.isValidSearchFrom_iff_isValidSearchFrom_toSlice._simp_1_1
String.Slice.Pattern.Model.ForwardStringSearcher.isValidSearchFrom_iff_isValidSearchFrom_toSlice	_private.Init.Data.String.Lemmas.Pattern.String.Basic.0.String.Slice.Pattern.Model.ForwardStringSearcher.isValidSearchFrom_iff_isValidSearchFrom_toSlice._simp_1_2
String.Slice.Pattern.Model.ForwardStringSearcher.isValidSearchFrom_iff_isValidSearchFrom_toSlice	_private.Init.Data.String.Lemmas.Pattern.String.Basic.0.String.Slice.Pattern.Model.ForwardStringSearcher.isValidSearchFrom_iff_isValidSearchFrom_toSlice._simp_1_3
String.Slice.Pattern.Model.ForwardStringSearcher.isValidSearchFrom_iff_isValidSearchFrom_toSlice	_private.Init.Data.String.Lemmas.Pattern.String.Basic.0.String.Slice.Pattern.Model.ForwardStringSearcher.isValidSearchFrom_iff_isValidSearchFrom_toSlice._simp_1_4
String.Pos.Raw.IsValid.exists	List.isPrefix_of_utf8Encode_append_eq_utf8Encode
String.Slice.Pattern.Model.CharPred.isLongestMatchAtChain_iff_toList	_private.Init.Data.String.Lemmas.Pattern.Pred.0.String.Slice.Pattern.Model.CharPred.isLongestMatchAtChain_iff_toList._simp_1_1
String.Slice.Pattern.Model.CharPred.isLongestMatchAtChain_iff_toList	_private.Init.Data.String.Lemmas.Pattern.Pred.0.String.Slice.Pattern.Model.CharPred.isLongestMatchAtChain_iff_toList._simp_1_2
String.Slice.Pattern.Model.CharPred.isLongestMatchAtChain_iff_toList	_private.Init.Data.String.Lemmas.Pattern.Pred.0.String.Slice.Pattern.Model.CharPred.isLongestMatchAtChain_iff_toList.match_1_4
String.Slice.Pattern.Model.CharPred.isLongestMatchAtChain_iff_toList	_private.Init.Data.String.Lemmas.Pattern.Pred.0.String.Slice.Pattern.Model.CharPred.isLongestMatchAtChain_iff_toList._simp_1_8
String.Slice.Pattern.Model.CharPred.isLongestMatchAtChain_iff_toList	_private.Init.Data.String.Lemmas.Pattern.Pred.0.String.Slice.Pattern.Model.CharPred.isLongestMatchAtChain_iff_toList.match_1_6
String.Slice.Pattern.Model.ForwardStringSearcher.revMatchesAt_iff_revMatchesAt_toSlice	_private.Init.Data.String.Lemmas.Pattern.String.Basic.0.String.Slice.Pattern.Model.ForwardStringSearcher.revMatchesAt_iff_revMatchesAt_toSlice._simp_1_1
String.Slice.Pattern.Model.ForwardStringSearcher.revMatchesAt_iff_revMatchesAt_toSlice	_private.Init.Data.String.Lemmas.Pattern.String.Basic.0.String.Slice.Pattern.Model.ForwardStringSearcher.revMatchesAt_iff_revMatchesAt_toSlice._simp_1_2
String.find?_char_eq_some_iff_splits	_private.Init.Data.String.Lemmas.Pattern.Find.Char.0.String.find?_char_eq_some_iff_splits._simp_1_2
String.Slice.startsWith_char_iff_get	_private.Init.Data.String.Lemmas.Pattern.TakeDrop.Char.0.String.Slice.startsWith_char_iff_get._simp_1_1
String.Slice.startsWith_char_iff_get	_private.Init.Data.String.Lemmas.Pattern.TakeDrop.Char.0.String.Slice.startsWith_char_iff_get._simp_1_2
String.Pos.prevn_le	_private.Init.Data.String.Lemmas.FindPos.0.String.Pos.prevn_le._simp_1_2
String.Slice.Pattern.Model.Char.matchAt?_eq	_private.Init.Data.String.Lemmas.Pattern.Char.0.String.Slice.Pattern.Model.Char.matchAt?_eq._simp_1_2
String.Slice.Pattern.Model.Char.matchAt?_eq	_private.Init.Data.String.Lemmas.Pattern.Char.0.String.Slice.Pattern.Model.Char.matchAt?_eq._simp_1_1
String.Slice.Pattern.Model.Char.not_matchesAt_of_get_ne	_private.Init.Data.String.Lemmas.Pattern.Char.0.String.Slice.Pattern.Model.Char.not_matchesAt_of_get_ne._simp_1_1
String.dropPrefix?_string_empty	_private.Init.Data.String.Lemmas.Pattern.TakeDrop.String.0.String.dropPrefix?_string_empty._simp_1_1
Char.instLawfulUpwardEnumerableLE	Fin.instLawfulUpwardEnumerableLE
Char.instLawfulUpwardEnumerableLE	_private.Init.Data.Range.Polymorphic.Char.0.Char.map
Char.instLawfulUpwardEnumerableLE	_private.Init.Data.Range.Polymorphic.Char.0.Char.instPreservesLEFinNumCodePointsMap
String.Slice.Pattern.Model.LawfulToForwardSearcherModel.casesOn	Std.Iter.toList
String.Pos.Raw.le_dec	_private.Init.Data.String.PosRaw.0.String.Pos.Raw.le_dec._proof_1_3
String.Slice.Pattern.Model.CharPred.instLawfulBackwardPatternModelForallCharBool	_private.Init.Data.String.Lemmas.Pattern.Pred.0.String.Slice.Pattern.Model.CharPred.instLawfulBackwardPatternModelForallCharBool._simp_1
String.Slice.Pos.skip?_char_eq_some_iff	_private.Init.Data.String.Lemmas.Pattern.TakeDrop.Char.0.String.Slice.Pos.skip?_char_eq_some_iff._simp_1_1
String.Slice.Pos.skip?_char_eq_some_iff	_private.Init.Data.String.Lemmas.Pattern.TakeDrop.Char.0.String.Slice.Pos.skip?_char_eq_some_iff._simp_1_2
String.Pos.find?_char_eq_some_iff	_private.Init.Data.String.Lemmas.Pattern.Find.Char.0.String.Pos.find?_char_eq_some_iff._simp_1_2
String.Pos.find?_char_eq_some_iff	_private.Init.Data.String.Lemmas.Pattern.Find.Char.0.String.Pos.find?_char_eq_some_iff._simp_1_4
String.Pos.find?_char_eq_some_iff	_private.Init.Data.String.Lemmas.Pattern.Find.Char.0.String.Pos.find?_char_eq_some_iff._simp_1_6
String.Pos.Raw.dec_lt_iff	_private.Init.Data.String.PosRaw.0.String.Pos.Raw.dec_lt_iff._proof_1_3
String.Slice.toList_split_bool	Std.Iter.toList
String.Slice.toList_split_bool	_private.Init.Data.String.Lemmas.Pattern.Split.Pred.0.String.Slice.toList_split_bool._simp_1_1
String.skipSuffixWhile_eq_endPos_iff	_private.Init.Data.String.Lemmas.Pattern.TakeDrop.Basic.0.String.skipSuffixWhile_eq_endPos_iff._simp_1_2
String.skipSuffixWhile_eq_endPos_iff	_private.Init.Data.String.Lemmas.Pattern.TakeDrop.Basic.0.String.skipSuffixWhile_eq_endPos_iff._simp_1_3
String.skipSuffixWhile_eq_endPos_iff	_private.Init.Data.String.Lemmas.Pattern.TakeDrop.Basic.0.String.skipSuffixWhile_eq_endPos_iff._simp_1_1
String.Slice.toList_splitToSubslice_bool	Std.Iter.toList
String.Slice.Pattern.Model.isLongestMatch_iff_isLongestMatchAt_ofSliceFrom	_private.Init.Data.String.Lemmas.Pattern.Basic.0.String.Slice.Pattern.Model.isLongestMatch_iff_isLongestMatchAt_ofSliceFrom._simp_1_1
String.Slice.Pattern.Model.isLongestMatch_iff_isLongestMatchAt_ofSliceFrom	_private.Init.Data.String.Lemmas.Pattern.Basic.0.String.Slice.Pattern.Model.isLongestMatch_iff_isLongestMatchAt_ofSliceFrom._simp_1_2
String.Model.revPositionsFrom_startPos	_private.Init.Data.String.Lemmas.Iterate.0.String.Model.revPositionsFrom._proof_4
String.Model.revPositionsFrom_startPos	_private.Init.Data.String.Lemmas.Iterate.0.String.Model.revPositionsFrom.eq_1
String.Slice.Pos.find?_char_eq_none_iff_not_mem_of_splits	_private.Init.Data.String.Lemmas.Pattern.Find.Char.0.String.Slice.Pos.find?_char_eq_none_iff_not_mem_of_splits._simp_1_1
String.Slice.splits_singleton_iff	_private.Init.Data.String.Lemmas.Splits.0.String.Slice.splits_singleton_iff._simp_1_2
String.Slice.takeWhile_copy	_private.Init.Data.String.Lemmas.Pattern.TakeDrop.Basic.0.String.Slice.takeWhile_copy._simp_1_1
String.Slice.Pattern.ToForwardSearcher.DefaultForwardSearcher.instFiniteIdSearchStepOfStrictForwardPattern	_private.Init.Data.String.Pattern.Basic.0.String.Slice.Pattern.ToForwardSearcher.DefaultForwardSearcher.finitenessRelation
String.Pos.le_iff_remainingBytes_le	_private.Init.Data.String.Termination.0.String.Pos.le_iff_remainingBytes_le._simp_1_1
String.Pos.le_iff_remainingBytes_le	_private.Init.Data.String.Termination.0.String.Pos.le_iff_remainingBytes_le._simp_1_2
String.Slice.Pattern.Model.LawfulToBackwardSearcherModel.isValidRevSearchFrom_toList	Std.Iter.toList
String.Slice.Pos.skip?_bool_eq_some_iff	_private.Init.Data.String.Lemmas.Pattern.TakeDrop.Pred.0.String.Slice.Pos.skip?_bool_eq_some_iff._simp_1_1
String.Slice.Pos.skip?_bool_eq_some_iff	_private.Init.Data.String.Lemmas.Pattern.TakeDrop.Pred.0.String.Slice.Pos.skip?_bool_eq_some_iff._simp_1_2
String.Slice.Pos.ofSliceFrom_ne_startPos	_private.Init.Data.String.Lemmas.Order.0.String.Slice.Pos.ofSliceFrom_ne_startPos._simp_1_1
ByteArray.utf8DecodeChar_eq_utf8DecodeChar_extract	_private.Init.Data.String.Decode.0.ByteArray.utf8DecodeChar_eq_utf8DecodeChar_extract._simp_1_2
String.Slice.Pattern.Model.CharPred.Decidable.revMatchesAt_iff_revMatchesAt_decide	_private.Init.Data.String.Lemmas.Pattern.Pred.0.String.Slice.Pattern.Model.CharPred.Decidable.revMatchesAt_iff_revMatchesAt_decide._simp_1_1
String.Slice.Pattern.Model.CharPred.Decidable.revMatchesAt_iff_revMatchesAt_decide	_private.Init.Data.String.Lemmas.Pattern.Pred.0.String.Slice.Pattern.Model.CharPred.Decidable.revMatchesAt_iff_revMatchesAt_decide._simp_1_2
String.Slice.Pattern.Model.Pos.revSkip?_eq_some_iff	_private.Init.Data.String.Lemmas.Pattern.TakeDrop.Basic.0.String.Slice.Pattern.Model.Pos.revSkip?_eq_some_iff._simp_1_2
String.Slice.Pattern.Model.Pos.revSkip?_eq_some_iff	_private.Init.Data.String.Lemmas.Pattern.TakeDrop.Basic.0.String.Slice.Pattern.Model.Pos.revSkip?_eq_some_iff._simp_1_3
String.instLawfulOrderLT	_private.Init.Data.String.Lemmas.StringOrder.0.String.instLawfulOrderLT._simp_1
ByteArray.extract_append_eq_left	Array.extract_append
ByteArray.extract_append_eq_left	Array.extract_eq_self_iff._simp_1
String.Pos.offset_lt_rawEndPos_iff	_private.Init.Data.String.Lemmas.Order.0.String.Pos.offset_lt_rawEndPos_iff._simp_1_1
String.Slice.copy_eq_empty_iff	_private.Init.Data.String.Lemmas.IsEmpty.0.String.Slice.copy_eq_empty_iff._simp_1_1
String.Slice.Pos.cast	_private.Init.Data.String.Basic.0.String.Slice.Pos.cast._proof_1
Char.instIsAlwaysFinite	Fin.instIsAlwaysFinite
Char.instIsAlwaysFinite	_private.Init.Data.Range.Polymorphic.Char.0.Char.map
Char.instIsAlwaysFinite	_private.Init.Data.Range.Polymorphic.Char.0.Char.instPreservesLEFinNumCodePointsMap
String.Slice.Pattern.Model.revMatchAt?.fun_cases_unfolding	Exists.choose
String.Slice.Pattern.Model.revMatchAt?.fun_cases_unfolding	Classical.propDecidable
String.Slice.Pattern.Model.revMatchAt?.fun_cases_unfolding	_private.Init.Data.String.Lemmas.Pattern.Basic.0.String.Slice.Pattern.Model.revMatchAt?.eq_def
String.Slice.Pos.splits_ofToSlice_iff	_private.Init.Data.String.Lemmas.Splits.0.String.Slice.Pos.splits_ofToSlice_iff._simp_1_1
String.Pos.ofSlice_ne_startPos	_private.Init.Data.String.Lemmas.Order.0.String.Pos.ofSlice_ne_startPos._simp_1_1
String.Pos.ofSlice_ne_startPos	_private.Init.Data.String.Lemmas.Order.0.String.Pos.ofSlice_ne_startPos._simp_1_2
String.length_singleton	_private.Init.Data.String.Length.0.String.length_singleton._simp_1_1
String.Slice.Model.positionsFrom_eq_cons	_private.Init.Data.String.Lemmas.Iterate.0.String.Slice.Model.positionsFrom.eq_1
String.Slice.endsWith_bool_eq_getLast?	_private.Init.Data.String.Lemmas.Pattern.TakeDrop.Pred.0.String.Slice.endsWith_bool_eq_getLast?.match_1_1
String.toByteArray_utf8EncodeChar_of_utf8DecodeChar?_eq_some	_private.Init.Data.String.Decode.0.utf8Size_le_of_utf8DecodeChar?_eq_some
String.toByteArray_utf8EncodeChar_of_utf8DecodeChar?_eq_some	_private.Init.Data.String.Decode.0.parseFirstByte_eq_done_of_utf8DecodeChar?_eq_some
String.toByteArray_utf8EncodeChar_of_utf8DecodeChar?_eq_some	_private.Init.Data.String.Decode.0.ByteArray.utf8DecodeChar?.assemble₁_eq_some_iff_utf8EncodeChar_eq
String.toByteArray_utf8EncodeChar_of_utf8DecodeChar?_eq_some	_private.Init.Data.String.Decode.0.utf8DecodeChar?_eq_assemble₁
String.toByteArray_utf8EncodeChar_of_utf8DecodeChar?_eq_some	_private.Init.Data.String.Decode.0.parseFirstByte_eq_oneMore_of_utf8DecodeChar?_eq_some
String.toByteArray_utf8EncodeChar_of_utf8DecodeChar?_eq_some	_private.Init.Data.String.Decode.0.ByteArray.utf8DecodeChar?.assemble₂_eq_some_iff_utf8EncodeChar_eq
String.toByteArray_utf8EncodeChar_of_utf8DecodeChar?_eq_some	_private.Init.Data.String.Decode.0.utf8DecodeChar?_eq_assemble₂
String.toByteArray_utf8EncodeChar_of_utf8DecodeChar?_eq_some	_private.Init.Data.String.Decode.0.parseFirstByte_eq_twoMore_of_utf8DecodeChar?_eq_some
String.toByteArray_utf8EncodeChar_of_utf8DecodeChar?_eq_some	_private.Init.Data.String.Decode.0.ByteArray.utf8DecodeChar?.assemble₃_eq_some_iff_utf8EncodeChar_eq
String.toByteArray_utf8EncodeChar_of_utf8DecodeChar?_eq_some	_private.Init.Data.String.Decode.0.utf8DecodeChar?_eq_assemble₃
String.toByteArray_utf8EncodeChar_of_utf8DecodeChar?_eq_some	_private.Init.Data.String.Decode.0.parseFirstByte_eq_threeMore_of_utf8DecodeChar?_eq_some
String.toByteArray_utf8EncodeChar_of_utf8DecodeChar?_eq_some	_private.Init.Data.String.Decode.0.ByteArray.utf8DecodeChar?.assemble₄_eq_some_iff_utf8EncodeChar_eq
String.toByteArray_utf8EncodeChar_of_utf8DecodeChar?_eq_some	_private.Init.Data.String.Decode.0.utf8DecodeChar?_eq_assemble₄
String.Slice.RevPosIterator.instIteratorLoopSubtypePosNeEndPosOfMonad	Std.IteratorLoop.defaultImplementation
String.Slice.Pattern.Model.CharPred.isLongestMatchAtChain_startPos_endPos_iff_toList	_private.Init.Data.String.Lemmas.Pattern.Pred.0.String.Slice.Pattern.Model.CharPred.isLongestMatchAtChain_startPos_endPos_iff_toList._simp_1_1
String.toList_positionsFrom	Std.Iter.toList
String.toList_positionsFrom	Std.Iter.toList_map
String.toList_positionsFrom	_private.Init.Data.String.Iterate.0.String.Internal.ofToSliceWithProof._proof_1
String.Slice.Model.mem_positionsFrom	Std.le_iff_lt_or_eq
String.Slice.Pattern.ForwardSliceSearcher.startsWith_of_isEmpty	_private.Init.Data.String.Lemmas.Pattern.String.ForwardPattern.0.String.Slice.Pattern.ForwardSliceSearcher.startsWith_of_isEmpty._simp_1_1
String.Slice.toList_revChars	Std.Iter.toList
String.Slice.toList_revChars	Std.Iter.toList_map
String.Slice.Pattern.Model.ForwardStringSearcher.isRevMatch_iff_slice	_private.Init.Data.String.Lemmas.Pattern.String.Basic.0.String.Slice.Pattern.Model.ForwardStringSearcher.isRevMatch_iff_slice._simp_1_1
String.head_toList	_private.Init.Data.String.Basic.0.String.head_toList.match_1_1
String.skipSuffixWhile_eq_endPos	_private.Init.Data.String.Lemmas.Pattern.TakeDrop.Basic.0.String.skipSuffixWhile_eq_endPos._simp_1_1
String.skipSuffixWhile_eq_endPos	_private.Init.Data.String.Lemmas.Pattern.TakeDrop.Basic.0.String.skipSuffixWhile_eq_endPos._simp_1_2
String.skipSuffixWhile_eq_endPos	_private.Init.Data.String.Lemmas.Pattern.TakeDrop.Basic.0.String.skipSuffixWhile_eq_endPos._simp_1_3
String.Slice.Pattern.Model.isMatch_iff	_private.Init.Data.String.Lemmas.Pattern.Basic.0.String.Slice.Pattern.Model.isMatch_iff.match_1_1
String.Pos.splits_ofEqAppend	_private.Init.Data.String.Lemmas.Splits.0.String.Pos.ofEqAppend._proof_1
String.Pos.startPos_lt_iff	_private.Init.Data.String.Lemmas.Order.0.String.Pos.startPos_lt_iff._simp_1_1
String.Slice.SplitInclusiveIterator.instIteratorLoopIdOfMonad	Std.IteratorLoop.defaultImplementation
Char.instLawfulUpwardEnumerableLeast?	Fin.instLawfulUpwardEnumerableLeast?
Char.instLawfulUpwardEnumerableLeast?	_private.Init.Data.Range.Polymorphic.Char.0.Char.map
Char.instLawfulUpwardEnumerableLeast?	_private.Init.Data.Range.Polymorphic.Char.0.Char.instPreservesLeast?FinNumCodePointsMap
String.Slice.all_copy	_private.Init.Data.String.Lemmas.Pattern.TakeDrop.Basic.0.String.Slice.all_copy._simp_1_1
String.Model.revPositionsFrom_eq_map	_private.Init.Data.String.Lemmas.Iterate.0.String.Model.revPositionsFrom_eq_map._simp_1_2
String.Pos.Raw.instLawfulOrderBEq	_private.Init.Data.String.OrderInstances.0.String.Pos.Raw.instLawfulOrderBEq._proof_1
String.apply_skipSuffixWhile_prop	_private.Init.Data.String.Lemmas.Pattern.TakeDrop.Pred.0.String.apply_skipSuffixWhile_prop._simp_1_1
String.find?_prop_eq_some_iff_splits	_private.Init.Data.String.Lemmas.Pattern.Find.Pred.0.String.find?_prop_eq_some_iff_splits._simp_1_1
String.Slice.Pattern.Model.isValidRevSearchFrom_cast_iff	_private.Init.Data.String.Lemmas.Pattern.Basic.0.String.Slice.Pattern.Model.isValidRevSearchFrom_cast_iff._simp_1_1
String.Slice.Pattern.Model.isValidRevSearchFrom_cast_iff	_private.Init.Data.String.Lemmas.Pattern.Basic.0.String.Slice.Pattern.Model.isValidRevSearchFrom_cast_iff._simp_1_2
String.ofList_cons	_private.Init.Data.String.Lemmas.Basic.0.String.ofList_cons._simp_1_1
String.Slice.startsWith_copy	_private.Init.Data.String.Lemmas.Pattern.TakeDrop.Basic.0.String.Slice.startsWith_copy._simp_1_1
String.Pos.posGE_offset	_private.Init.Data.String.Lemmas.FindPos.0.String.Pos.posGE_offset._simp_1_1
String.Slice.Pattern.Model.revAll_eq_true_iff	Std.instLawfulEqOrdOfLawfulOrderOrdOfAntisymmLe
String.Slice.Pattern.Model.revAll_eq_true_iff	_private.Init.Data.String.Lemmas.Pattern.TakeDrop.Basic.0.String.Slice.Pattern.Model.revAll_eq_true_iff._simp_1_2
String.Slice.Pattern.Model.revAll_eq_true_iff	Classical.propDecidable
String.apply_of_skipSuffixWhile_le_prop	_private.Init.Data.String.Lemmas.Pattern.TakeDrop.Pred.0.String.apply_of_skipSuffixWhile_le_prop._simp_1_1
String.Slice.Pattern.Model.CharPred.Decidable.instLawfulToForwardSearcherModelForallCharPropDefaultForwardSearcherForallBoolDecide	Std.Iter.toList
String.Slice.Pattern.Model.CharPred.Decidable.instLawfulToForwardSearcherModelForallCharPropDefaultForwardSearcherForallBoolDecide	_private.Init.Data.String.Lemmas.Pattern.Pred.0.String.Slice.Pattern.Model.CharPred.Decidable.instLawfulToForwardSearcherModelForallCharPropDefaultForwardSearcherForallBoolDecide._simp_1
String.Slice.Pattern.Model.Char.isMatch_iff_isMatch_beq	_private.Init.Data.String.Lemmas.Pattern.Char.0.String.Slice.Pattern.Model.Char.isMatch_iff_isMatch_beq._simp_1_1
String.Slice.Pattern.Model.Char.isMatch_iff_isMatch_beq	_private.Init.Data.String.Lemmas.Pattern.Char.0.String.Slice.Pattern.Model.Char.isMatch_iff_isMatch_beq._simp_1_2
String.Slice.Pos.slice_le_iff	_private.Init.Data.String.Lemmas.Order.0.String.Slice.Pos.slice_le_iff._simp_1_1
String.Slice.Pos.slice_le_iff	Classical.imp_iff_left_iff._simp_1
String.Slice.Pattern.Model.ForwardSliceSearcher.toList_emptyAt_eq	Std.Iter.toList
String.Slice.Pattern.Model.ForwardSliceSearcher.toList_emptyAt_eq	Std.Iter.toList_eq_match_step
String.Pos.sliceFrom_le_iff	_private.Init.Data.String.Lemmas.Order.0.String.Pos.sliceFrom_le_iff._simp_1_1
String.Pos.sliceFrom_le_iff	_private.Init.Data.String.Lemmas.Order.0.String.Pos.sliceFrom_le_iff._simp_1_2
String.isEmpty_slice	_private.Init.Data.String.Lemmas.IsEmpty.0.String.isEmpty_slice._simp_1_2
String.Slice.Pattern.Model.Char.isRevMatch_iff	_private.Init.Data.String.Lemmas.Pattern.Char.0.String.Slice.Pattern.Model.Char.isRevMatch_iff._simp_1_1
String.Slice.Pattern.Model.Char.isRevMatch_iff	_private.Init.Data.String.Lemmas.Pattern.Char.0.String.Slice.Pattern.Model.Char.isRevMatch_iff._simp_1_2
String.Slice.Pattern.Model.Char.isRevMatch_iff	_private.Init.Data.String.Lemmas.Pattern.Char.0.String.Slice.Pattern.Model.Char.isRevMatch_iff._simp_1_3
String.Slice.Pattern.Model.Char.isRevMatch_iff	_private.Init.Data.String.Lemmas.Pattern.Char.0.String.Slice.Pattern.Model.Char.isRevMatch_iff.match_1_4
String.Slice.Pos.find?_bool_eq_some_iff	_private.Init.Data.String.Lemmas.Pattern.Find.Pred.0.String.Slice.Pos.find?_bool_eq_some_iff._proof_1_4
String.Slice.Pos.find?_bool_eq_some_iff_splits	_private.Init.Data.String.Lemmas.Pattern.Find.Pred.0.String.Slice.Pos.find?_bool_eq_some_iff_splits._simp_1_1
String.lt_posGE_iff	_private.Init.Data.String.FindPos.0.String.posGE._proof_1
String.lt_posGE_iff	_private.Init.Data.String.Lemmas.FindPos.0.String.lt_posGE_iff._simp_1_2
String.le_trans	List.le_trans
String.Slice.skipSuffixWhile_eq_endPos	_private.Init.Data.String.Lemmas.Pattern.TakeDrop.Basic.0.String.Slice.skipSuffixWhile_eq_endPos._simp_1_1
ByteArray.append_eq_fastAppend	Array.extract_size
ByteArray.append_eq_fastAppend	Array.toList_extract
String.Slice.Pos.ofSliceFrom_next	_private.Init.Data.String.Lemmas.Order.0.String.Slice.Pos.ofSliceFrom_next._simp_1_2
String.Slice.Pos.ofSliceFrom_next	_private.Init.Data.String.Lemmas.Order.0.String.Slice.Pos.ofSliceFrom_next._simp_1_3
String.Slice.Pos.ofSliceFrom_next	_private.Init.Data.String.Lemmas.Order.0.String.Slice.Pos.ofSliceFrom_next._simp_1_4
String.Slice.isSome_find?	Std.LawfulIteratorLoop
String.Slice.isSome_find?	Std.Iter.toList
String.Slice.isSome_find?	Std.Iter.findSome?_toList
String.Slice.isSome_find?	Std.Iter.any_toList
String.Slice.isSome_find?	_private.Init.Data.String.Lemmas.Pattern.Find.Basic.0.String.Slice.isSome_find?._proof_1_5
String.Slice.isSome_find?	_private.Init.Data.String.Lemmas.Pattern.Find.Basic.0.String.Slice.isSome_find?._proof_1_10
String.Slice.Pattern.Model.LawfulToForwardSearcherModel.rec	Std.Iter.toList
String.fromUTF8!	instDecidableIsValidUTF8
ByteArray.append_eq_append_iff_of_size_eq_right	Array.append_eq_append_iff_of_size_eq_right
String.Slice.foldl	Std.Iterators.Types.Map.instIteratorLoop
String.Slice.Pattern.Model.ForwardStringSearcher.isLongestRevMatchAt_iff_isLongestRevMatchAt_toSlice	_private.Init.Data.String.Lemmas.Pattern.String.Basic.0.String.Slice.Pattern.Model.ForwardStringSearcher.isLongestRevMatchAt_iff_isLongestRevMatchAt_toSlice._simp_1_1
String.Slice.Pattern.Model.ForwardStringSearcher.isLongestRevMatchAt_iff_isLongestRevMatchAt_toSlice	_private.Init.Data.String.Lemmas.Pattern.String.Basic.0.String.Slice.Pattern.Model.ForwardStringSearcher.isLongestRevMatchAt_iff_isLongestRevMatchAt_toSlice._simp_1_2
String.Slice.Pos.splits_cast_iff	_private.Init.Data.String.Lemmas.Splits.0.String.Slice.Pos.splits_cast_iff.match_1_1
String.Slice.Pos.splits_cast_iff	_private.Init.Data.String.Lemmas.Splits.0.String.Slice.Pos.splits_cast_iff.match_1_3
String.Slice.Pattern.Model.contains_eq_true_iff	Std.LawfulIteratorLoop
String.Slice.Pattern.Model.contains_eq_true_iff	_private.Init.Data.String.Lemmas.Pattern.Find.Basic.0.String.Slice.Pattern.Model.contains_eq_true_iff._simp_1_2
String.Slice.Pattern.Model.contains_eq_true_iff	Classical.not_forall._simp_1
String.Slice.Pattern.Model.contains_eq_true_iff	Classical.not_not._simp_1
String.Pos.Raw.isValidForSlice_iff_isUTF8FirstByte	_private.Init.Data.String.Basic.0.String.Pos.Raw.isValidForSlice_iff_isUTF8FirstByte._simp_1_1
String.Pos.Raw.isValidForSlice_iff_isUTF8FirstByte	_private.Init.Data.String.Basic.0.String.Pos.Raw.isValidForSlice_iff_isUTF8FirstByte._simp_1_2
String.posGT_toSlice	_private.Init.Data.String.FindPos.0.String.posGT._proof_1
String.mem_toList_iff_exists_get	_private.Init.Data.String.Lemmas.Iterate.0.String.mem_toList_iff_exists_get._simp_1_1
String.Slice.takeEndWhile_copy	_private.Init.Data.String.Lemmas.Pattern.TakeDrop.Basic.0.String.Slice.takeEndWhile_copy._simp_1_1
String.Slice.Pattern.Model.ForwardStringSearcher.lawfulToForwardSearcherModel	Std.Iter.toList
String.Slice.Pattern.Model.ForwardStringSearcher.lawfulToForwardSearcherModel	_private.Init.Data.String.Lemmas.Pattern.String.ForwardSearcher.0.String.Slice.Pattern.Model.ForwardStringSearcher.lawfulToForwardSearcherModel._simp_1_1
String.Slice.all_congr	Std.instLawfulEqOrdOfLawfulOrderOrdOfAntisymmLe
String.takeEndWhile_eq_toSlice_iff	_private.Init.Data.String.Lemmas.Pattern.TakeDrop.Basic.0.String.takeEndWhile_eq_toSlice_iff._simp_1_1
String.skipPrefix?_prop_eq_some_iff	_private.Init.Data.String.Lemmas.Pattern.TakeDrop.Pred.0.String.skipPrefix?_prop_eq_some_iff._simp_1_2
String.skipPrefix?_prop_eq_some_iff	_private.Init.Data.String.Lemmas.Pattern.TakeDrop.Pred.0.String.skipPrefix?_prop_eq_some_iff._simp_1_1
String.Slice.Pattern.Model.Char.instLawfulToBackwardSearcherModelCharDefaultBackwardSearcherForallBoolBeq	Std.Iter.toList
String.Slice.Pattern.Model.Char.instLawfulToBackwardSearcherModelCharDefaultBackwardSearcherForallBoolBeq	_private.Init.Data.String.Lemmas.Pattern.Char.0.String.Slice.Pattern.Model.Char.instLawfulToBackwardSearcherModelCharDefaultBackwardSearcherForallBoolBeq._simp_1
String.dropEndWhile_append_takeEndWhile	_private.Init.Data.String.Lemmas.Pattern.TakeDrop.Basic.0.String.dropEndWhile_append_takeEndWhile._simp_1_1
String.dropEndWhile_append_takeEndWhile	_private.Init.Data.String.Lemmas.Pattern.TakeDrop.Basic.0.String.dropEndWhile_append_takeEndWhile._simp_1_2
String.Slice.Pattern.Model.Char.isLongestMatchAtChain_iff	_private.Init.Data.String.Lemmas.Pattern.Char.0.String.Slice.Pattern.Model.Char.isLongestMatchAtChain_iff._simp_1_1
String.Slice.Pattern.Model.Char.isLongestMatchAtChain_iff	_private.Init.Data.String.Lemmas.Pattern.Char.0.String.Slice.Pattern.Model.Char.isLongestMatchAtChain_iff._simp_1_2
String.Slice.Pattern.Model.all_eq_true_iff	Std.instLawfulEqOrdOfLawfulOrderOrdOfAntisymmLe
String.Slice.Pattern.Model.all_eq_true_iff	_private.Init.Data.String.Lemmas.Pattern.TakeDrop.Basic.0.String.Slice.Pattern.Model.all_eq_true_iff._simp_1_2
String.Slice.Pattern.Model.all_eq_true_iff	Classical.propDecidable
Char.ordinal_le_of_le	_private.Init.Data.Char.Ordinal.0.Char.ordinal_le_of_le._proof_1_4
ByteArray.eq_of_utf8DecodeChar?_eq_some	_private.Init.Data.String.Decode.0.utf8Size_le_of_utf8DecodeChar?_eq_some
String.isEmpty_takeWhile	_private.Init.Data.String.Lemmas.Pattern.TakeDrop.Basic.0.String.isEmpty_takeWhile._simp_1_1
String.Slice.Pattern.Model.isLongestMatch_cast_iff	_private.Init.Data.String.Lemmas.Pattern.Basic.0.String.Slice.Pattern.Model.isLongestMatch_cast_iff._simp_1_1
String.Slice.Pattern.Model.ForwardStringSearcher.isMatch_iff_slice	_private.Init.Data.String.Lemmas.Pattern.String.Basic.0.String.Slice.Pattern.Model.ForwardStringSearcher.isMatch_iff_slice._simp_1_1
String.Slice.Pattern.Model.Char.isLongestRevMatchAt_iff_isLongestRevMatchAt_beq	_private.Init.Data.String.Lemmas.Pattern.Char.0.String.Slice.Pattern.Model.Char.isLongestRevMatchAt_iff_isLongestRevMatchAt_beq._simp_1_1
String.Slice.Pattern.Model.Char.isLongestRevMatchAt_iff_isLongestRevMatchAt_beq	_private.Init.Data.String.Lemmas.Pattern.Char.0.String.Slice.Pattern.Model.Char.isLongestRevMatchAt_iff_isLongestRevMatchAt_beq._simp_1_2
String.Slice.Pattern.Model.CharPred.not_revMatchesAt_of_get	_private.Init.Data.String.Lemmas.Pattern.Pred.0.String.Slice.Pattern.Model.CharPred.not_revMatchesAt_of_get._simp_1_1
String.Slice.Pattern.Model.IsLongestMatchAt.sliceTo	_private.Init.Data.String.Lemmas.Pattern.Basic.0.String.Slice.Pattern.Model.IsLongestMatchAt.sliceTo._simp_1_1
String.Model.positionsFrom	_private.Init.Data.String.Lemmas.Iterate.0.String.Model.positionsFrom._proof_1
String.Model.positionsFrom	_private.Init.Data.String.Lemmas.Iterate.0.String.Model.positionsFrom._proof_2
String.Slice.Pos.find?_prop_eq_some_iff	_private.Init.Data.String.Lemmas.Pattern.Find.Pred.0.String.Slice.Pos.find?_prop_eq_some_iff._simp_1_1
String.Slice.Pattern.Model.ForwardSliceSearcher.instLawfulForwardPatternModel	_private.Init.Data.String.Lemmas.Pattern.String.ForwardPattern.0.String.Slice.Pattern.ForwardSliceSearcher.isSome_skipPrefix?
String.Slice.Pattern.Model.ForwardSliceSearcher.instLawfulForwardPatternModel	_private.Init.Data.String.Lemmas.Pattern.String.ForwardPattern.0.String.Slice.Pattern.Model.ForwardSliceSearcher.instLawfulForwardPatternModel._simp_1
String.Slice.Pattern.Model.ForwardSliceSearcher.instLawfulForwardPatternModel	_private.Init.Data.String.Lemmas.Pattern.String.ForwardPattern.0.String.Slice.Pattern.Model.ForwardSliceSearcher.instLawfulForwardPatternModel._simp_2
String.le_offset_posGE	_private.Init.Data.String.FindPos.0.String.posGE._proof_1
String.startsWith_string_empty	_private.Init.Data.String.Lemmas.Pattern.TakeDrop.String.0.String.startsWith_string_empty._simp_1_1
String.Slice.skipPrefixWhile_eq_startPos	_private.Init.Data.String.Lemmas.Pattern.TakeDrop.Basic.0.String.Slice.skipPrefixWhile_eq_startPos._simp_1_1
String.Pos.Raw.isValid_push	Nat.left_eq_add._simp_1
String.Pos.Raw.isValid_push	Classical.byContradiction
String.Pos.Raw.isValid_push	_private.Init.Data.String.Basic.0.String.Pos.Raw.isValid_push._proof_1_5
String.Slice.RevSplitIterator.instIteratorLoopOfMonad	Std.IteratorLoop.defaultImplementation
String.toList_split_intercalate_beq	Std.Iter.toList
String.toList_split_intercalate_beq	_private.Init.Data.String.Lemmas.Pattern.Split.Char.0.String.toList_split_intercalate_beq._simp_1_1
String.Slice.toList_positionsFrom	Std.Iter.toList
String.Slice.toList_positionsFrom	Std.Iter.toList_eq_match_step
String.Slice.Pattern.Model.ForwardStringSearcher.isLongestMatchAtChain_startPos_endPos_iff	_private.Init.Data.String.Lemmas.Pattern.String.Basic.0.String.Slice.Pattern.Model.ForwardStringSearcher.isLongestMatchAtChain_startPos_endPos_iff._simp_1_1
Char.instIsAlwaysFinite_1	Fin.instIsAlwaysFinite_1
Char.instIsAlwaysFinite_1	_private.Init.Data.Range.Polymorphic.Char.0.Char.map
Char.instIsAlwaysFinite_1	_private.Init.Data.Range.Polymorphic.Char.0.Char.instPreservesLEFinNumCodePointsMap
String.Slice.Pattern.Model.IsLongestRevMatch.eq	Std.not_lt
ByteArray.extract_append	Array.extract_append
String.toList_revPositionsFrom	Std.Iter.toList
String.toList_revPositionsFrom	Std.Iter.toList_map
String.toList_revPositionsFrom	_private.Init.Data.String.Iterate.0.String.Internal.ofToSliceWithProof._proof_1
Char.ordinal_ofOrdinal	_private.Init.Data.Char.Ordinal.0.Char.ordinal_ofOrdinal._proof_1_2
Char.ordinal_ofOrdinal	_private.Init.Data.Char.Ordinal.0.Char.ordinal_ofOrdinal._proof_1_1
String.Slice.Pos.le_ofSliceFrom_iff	_private.Init.Data.String.Lemmas.Order.0.String.Slice.Pos.le_ofSliceFrom_iff._simp_1_1
String.Slice.Pos.le_ofSliceFrom_iff	_private.Init.Data.String.Lemmas.Order.0.String.Slice.Pos.le_ofSliceFrom_iff._simp_1_2
String.Slice.Pattern.Model.CharPred.Decidable.isLongestMatch_iff_isLongestMatch_decide	_private.Init.Data.String.Lemmas.Pattern.Pred.0.String.Slice.Pattern.Model.CharPred.Decidable.isLongestMatch_iff_isLongestMatch_decide._simp_1_1
String.Slice.Pattern.Model.CharPred.Decidable.isLongestMatch_iff_isLongestMatch_decide	_private.Init.Data.String.Lemmas.Pattern.Pred.0.String.Slice.Pattern.Model.CharPred.Decidable.isLongestMatch_iff_isLongestMatch_decide._simp_1_2
String.Slice.Pattern.Model.LawfulToBackwardSearcherModel.casesOn	Std.Iter.toList
String.Slice.Pattern.Model.contains_eq_false_iff	Std.LawfulIteratorLoop
String.Slice.Pos.wellFounded_gt	_private.Init.Data.String.Termination.0.String.Slice.Pos.wellFounded_gt._simp_1_1
String.Slice.Pattern.Model.isLongestMatchAt_iff	_private.Init.Data.String.Lemmas.Pattern.Basic.0.String.Slice.Pattern.Model.isLongestMatchAt_iff.match_1_1
String.Slice.Pattern.Model.isLongestMatchAt_iff	_private.Init.Data.String.Lemmas.Pattern.Basic.0.String.Slice.Pattern.Model.isLongestMatchAt_iff.match_1_3
String.Slice.Pos.offset_lt_rawEndPos_iff	_private.Init.Data.String.Lemmas.Order.0.String.Slice.Pos.offset_lt_rawEndPos_iff._simp_1_1
String.Slice.Pattern.Model.not_matchesAt_endPos	_private.Init.Data.String.Lemmas.Pattern.Basic.0.String.Slice.Pattern.Model.not_matchesAt_endPos._simp_1_2
String.Slice.Pattern.Model.not_matchesAt_endPos	_private.Init.Data.String.Lemmas.Pattern.Basic.0.String.Slice.Pattern.Model.not_matchesAt_endPos._simp_1_1
String.Slice.Pattern.Model.find?_eq_none_iff	Std.LawfulIteratorLoop
String.Slice.Pattern.Model.find?_eq_none_iff	_private.Init.Data.String.Lemmas.Pattern.Find.Basic.0.String.Slice.Pattern.Model.find?_eq_none_iff._simp_1_1
String.Slice.Pattern.Model.find?_eq_none_iff	_private.Init.Data.String.Lemmas.Pattern.Find.Basic.0.String.Slice.Pattern.Model.find?_eq_none_iff._simp_1_2
String.Slice.Pattern.Model.find?_eq_none_iff	_private.Init.Data.String.Lemmas.Pattern.Find.Basic.0.String.Slice.Pattern.Model.find?_eq_none_iff._simp_1_4
String.Slice.Pattern.Model.find?_eq_none_iff	_private.Init.Data.String.Lemmas.Pattern.Find.Basic.0.String.Slice.Pattern.Model.find?_eq_none_iff._simp_1_5
String.Slice.Pattern.Model.find?_eq_none_iff	_private.Init.Data.String.Lemmas.Pattern.Find.Basic.0.String.Slice.Pattern.Model.find?_eq_none_iff._proof_1_8
String.Slice.Pattern.Model.find?_eq_none_iff	_private.Init.Data.String.Lemmas.Pattern.Find.Basic.0.String.Slice.Pattern.Model.find?_eq_none_iff._proof_1_7
String.Pos.find?_prop_eq_some_iff	_private.Init.Data.String.Lemmas.Pattern.Find.Pred.0.String.Pos.find?_prop_eq_some_iff._simp_1_1
String.endsWith_char_iff_exists_append	_private.Init.Data.String.Lemmas.Pattern.TakeDrop.Char.0.String.endsWith_char_iff_exists_append._simp_1_1
String.endsWith_char_iff_exists_append	_private.Init.Data.String.Lemmas.Pattern.TakeDrop.Char.0.String.endsWith_char_iff_exists_append._simp_1_2
String.Pos.Splits.get_eq_of_singleton	_private.Init.Data.String.Lemmas.Splits.0.String.Pos.Splits.get_eq_of_singleton._simp_1_1
String.Slice.toList_splitToSubslice_char	Std.Iter.toList
String.splits_singleton_right_iff	_private.Init.Data.String.Lemmas.Splits.0.String.splits_singleton_right_iff._simp_1_1
String.Pos.lt_slice_iff	_private.Init.Data.String.Lemmas.Order.0.String.Pos.lt_slice_iff._simp_1_1
String.Pos.lt_slice_iff	Classical.imp_iff_left_iff._simp_1
String.Slice.Pos.ofSlice_lt_iff	_private.Init.Data.String.Lemmas.Order.0.String.Slice.Pos.ofSlice_lt_iff._simp_1_2
String.Slice.Pos.ofSlice_lt_iff	Classical.not_forall._simp_1
String.Slice.Pattern.Model.dropEndWhile_eq_self_iff_or	_private.Init.Data.String.Lemmas.Pattern.TakeDrop.Basic.0.String.Slice.Pattern.Model.dropEndWhile_eq_self_iff_or._simp_1_1
String.Pos.lt_next	_private.Init.Data.String.Basic.0.String.Pos.lt_next._simp_1_1
String.Slice.Pattern.Model.CharPred.Decidable.isMatch_iff	_private.Init.Data.String.Lemmas.Pattern.Pred.0.String.Slice.Pattern.Model.CharPred.Decidable.isMatch_iff._simp_1_1
String.Slice.Pattern.Model.CharPred.Decidable.isMatch_iff	_private.Init.Data.String.Lemmas.Pattern.Pred.0.String.Slice.Pattern.Model.CharPred.Decidable.isMatch_iff._simp_1_2
String.Slice.Pattern.Model.ForwardStringSearcher.isLongestRevMatchAtChain_startPos_endPos_iff	_private.Init.Data.String.Lemmas.Pattern.String.Basic.0.String.Slice.Pattern.Model.ForwardStringSearcher.isLongestRevMatchAtChain_startPos_endPos_iff._simp_1_1
String.Slice.Pos.copy	_private.Init.Data.String.Basic.0.String.Slice.Pos.copy._proof_1
String.Model.revPositionsFrom	_private.Init.Data.String.Lemmas.Iterate.0.String.Model.revPositionsFrom._proof_2
String.Model.revPositionsFrom	_private.Init.Data.String.Lemmas.Iterate.0.String.Model.revPositionsFrom._proof_3
String.toList_split_prop	Std.Iter.toList
String.Slice.toList_splitToSubslice_of_isEmpty	Std.Iter.toList
String.Slice.Pattern.Model.isLongestRevMatch_cast_iff	_private.Init.Data.String.Lemmas.Pattern.Basic.0.String.Slice.Pattern.Model.isLongestRevMatch_cast_iff._simp_1_1
Char.ofOrdinal_ordinal	_private.Init.Data.Char.Ordinal.0.Char.ofOrdinal_ordinal._proof_1_6
Char.ofOrdinal_ordinal	_private.Init.Data.Char.Ordinal.0.Char.ofOrdinal_ordinal._proof_1_5
Char.ofOrdinal_ordinal	_private.Init.Data.Char.Ordinal.0.Char.ofOrdinal_ordinal._proof_1_4
String.posGT_eq_iff	_private.Init.Data.String.Lemmas.FindPos.0.String.posGT_eq_iff._simp_1_1
String.Slice.Pattern.Model.CharPred.isRevMatch_iff	_private.Init.Data.String.Lemmas.Pattern.Pred.0.String.Slice.Pattern.Model.CharPred.isRevMatch_iff._simp_1_1
String.Slice.Pattern.Model.CharPred.isRevMatch_iff	_private.Init.Data.String.Lemmas.Pattern.Pred.0.String.Slice.Pattern.Model.CharPred.isRevMatch_iff._simp_1_2
String.Slice.Pattern.Model.CharPred.isRevMatch_iff	_private.Init.Data.String.Lemmas.Pattern.Pred.0.String.Slice.Pattern.Model.CharPred.isRevMatch_iff._simp_1_3
String.Slice.Pattern.Model.CharPred.isRevMatch_iff	_private.Init.Data.String.Lemmas.Pattern.Pred.0.String.Slice.Pattern.Model.CharPred.isRevMatch_iff.match_1_4
String.Slice.toList_positions	Std.Iter.toList
String.Pos.instLinearOrderPackage	Std.LinearOrderPackage.ofLE
String.length_append	_private.Init.Data.String.Length.0.String.length_append._simp_1_1
String.Slice.startsWith_char_eq_head?	_private.Init.Data.String.Lemmas.Pattern.TakeDrop.Char.0.String.Slice.startsWith_char_eq_head?._simp_1_1
String.Slice.startsWith_char_eq_head?	_private.Init.Data.String.Lemmas.Pattern.TakeDrop.Char.0.String.Slice.startsWith_char_eq_head?.match_1_5
String.Slice.startsWith_char_eq_head?	_private.Init.Data.String.Lemmas.Pattern.TakeDrop.Char.0.String.Slice.startsWith_char_eq_head?._simp_1_7
String.Slice.startsWith_char_eq_head?	_private.Init.Data.String.Lemmas.Pattern.TakeDrop.Char.0.String.Slice.startsWith_char_eq_head?._simp_1_8
String.Slice.Pos.prev_eq_iff	_private.Init.Data.String.Lemmas.FindPos.0.String.Slice.Pos.prev_eq_iff._simp_1_1
String.Slice.skipPrefix?_prop_eq_some_iff	_private.Init.Data.String.Lemmas.Pattern.TakeDrop.Pred.0.String.Slice.skipPrefix?_prop_eq_some_iff._simp_1_1
String.endsWith_prop_eq_getLast?	_private.Init.Data.String.Lemmas.Pattern.TakeDrop.Pred.0.String.endsWith_prop_eq_getLast?._simp_1_1
String.Slice.Pattern.Model.isLongestMatchAt_startPos_iff	_private.Init.Data.String.Lemmas.Pattern.Basic.0.String.Slice.Pattern.Model.isLongestMatchAt_startPos_iff._simp_1_1
String.Slice.Pattern.Model.isLongestMatchAt_startPos_iff	_private.Init.Data.String.Lemmas.Pattern.Basic.0.String.Slice.Pattern.Model.isLongestMatch_of_eq
ByteArray.fastAppend_eq	_private.Init.Data.ByteArray.Basic.0.ByteArray.fastAppend_eq._simp_1_1
String.Slice.Pattern.ForwardSliceSearcher.instIteratorLoopIdSearchStep	Std.IteratorLoop.defaultImplementation
String.Slice.endsWith_char_iff_get	_private.Init.Data.String.Lemmas.Pattern.TakeDrop.Char.0.String.Slice.endsWith_char_iff_get._simp_1_1
String.Slice.endsWith_char_iff_get	_private.Init.Data.String.Lemmas.Pattern.TakeDrop.Char.0.String.Slice.endsWith_char_iff_get._simp_1_2
String.Slice.Pos.le_sliceTo_iff	_private.Init.Data.String.Lemmas.Order.0.String.Slice.Pos.le_sliceTo_iff._simp_1_1
String.Slice.Pos.le_sliceTo_iff	_private.Init.Data.String.Lemmas.Order.0.String.Slice.Pos.le_sliceTo_iff._simp_1_2
String.Pos.lt_sliceFrom_iff	_private.Init.Data.String.Lemmas.Order.0.String.Pos.lt_sliceFrom_iff._simp_1_1
ByteArray.IsValidUTF8.isUTF8FirstByte_getElem_zero	List.isUTF8FirstByte_getElem_utf8Encode_singleton
String.Slice.Pattern.Model.not_revMatchesAt_startPos	_private.Init.Data.String.Lemmas.Pattern.Basic.0.String.Slice.Pattern.Model.not_revMatchesAt_startPos._simp_1_2
String.Slice.Pattern.Model.not_revMatchesAt_startPos	_private.Init.Data.String.Lemmas.Pattern.Basic.0.String.Slice.Pattern.Model.not_revMatchesAt_startPos._simp_1_1
String.Slice.Pattern.Model.ForwardStringSearcher.revMatchesAt_iff_isLongestRevMatchAt	_private.Init.Data.String.Lemmas.Pattern.String.Basic.0.String.Slice.Pattern.Model.ForwardStringSearcher.revMatchesAt_iff_isLongestRevMatchAt._simp_1_1
String.toList_copy_takeEnd	_private.Init.Data.String.Lemmas.TakeDrop.0.String.toList_copy_takeEnd._simp_1_1
String.Slice.RevByteIterator.instForInCharOfMonad	Std.Iterators.Types.Map.instIteratorLoop
String.Slice.Pattern.Model.matchAt?_eq_some_iff	Exists.choose
String.Slice.Pattern.Model.matchAt?_eq_some_iff	Exists.choose_spec
String.Slice.get_skipPrefixWhile_char_ne	_private.Init.Data.String.Lemmas.Pattern.TakeDrop.Char.0.String.Slice.get_skipPrefixWhile_char_ne._simp_1_1
String.Slice.Pos.slice!	_private.Init.Data.String.Basic.0.String.Slice.Pos.slice!._proof_2
String.Pos.instLawfulOrderBEq	_private.Init.Data.String.OrderInstances.0.String.Pos.instLawfulOrderBEq._proof_1
String.Slice.Pattern.ToBackwardSearcher.DefaultBackwardSearcher.instIteratorLoopIdSearchStep	Std.IteratorLoop.defaultImplementation
String.Slice.endsWith_prop_iff_get	_private.Init.Data.String.Lemmas.Pattern.TakeDrop.Pred.0.String.Slice.endsWith_prop_iff_get._simp_1_1
String.Pos.ofSlice_le_iff	_private.Init.Data.String.Lemmas.Order.0.String.Pos.ofSlice_le_iff._simp_1_1
String.Pos.ofSlice_le_iff	_private.Init.Data.String.Lemmas.Order.0.String.Pos.ofSlice_le_iff._simp_1_2
String.Pos.ofSlice_le_iff	Classical.not_forall._simp_1
Char.instLawfulHasSize	Fin.instLawfulHasSize
Char.instLawfulHasSize	_private.Init.Data.Range.Polymorphic.Char.0.Char.map
Char.instLawfulHasSize	_private.Init.Data.Range.Polymorphic.Char.0.Char.instPreservesLEFinNumCodePointsMap
Char.instLawfulHasSize	_private.Init.Data.Range.Polymorphic.Char.0.Char.instPreservesRxcSizeFinNumCodePointsMap
String.Slice.Pos.lt_iff_remainingBytes_lt	_private.Init.Data.String.Termination.0.String.Slice.Pos.lt_iff_remainingBytes_lt._proof_1_3
String.Slice.Pattern.Model.CharPred.isLongestRevMatchAtChain_iff	Std.lt_trichotomy
String.Slice.Pattern.Model.CharPred.isLongestRevMatchAtChain_iff	Std.instTrichotomousLtOfLawfulOrderLTOfTotalOfAntisymmLe
String.Slice.Pattern.Model.CharPred.isLongestRevMatchAtChain_iff	Std.le_iff_lt_or_eq
String.Slice.Pattern.Model.CharPred.isLongestRevMatchAtChain_iff	_private.Init.Data.String.Lemmas.Pattern.Pred.0.String.Slice.Pattern.Model.CharPred.isLongestRevMatchAtChain_iff.match_1_1
String.Pos.ofSliceFrom	_private.Init.Data.String.Basic.0.String.Pos.ofSliceFrom._proof_1
String.Slice.Pattern.Model.IsLongestRevMatch.sliceFrom	_private.Init.Data.String.Lemmas.Pattern.Basic.0.String.Slice.Pattern.Model.IsLongestRevMatch.sliceFrom._simp_1_1
String.Slice.Pattern.Model.IsLongestRevMatch.sliceFrom	_private.Init.Data.String.Lemmas.Pattern.Basic.0.String.Slice.Pattern.Model.IsLongestRevMatch.sliceFrom._simp_1_2
String.forIn_eq_forIn_chars	Std.Iterators.Types.Map.instIteratorLoop
String.Slice.posGT_eq_iff	_private.Init.Data.String.Lemmas.FindPos.0.String.Slice.posGT_eq_iff._simp_1_1
String.Slice.Pos.slice_inj	_private.Init.Data.String.Basic.0.String.Slice.Pos.slice_inj._proof_1_2
String.Slice.Pattern.Model.Char.isValidRevSearchFrom_iff_isValidRevSearchFrom_beq	_private.Init.Data.String.Lemmas.Pattern.Char.0.String.Slice.Pattern.Model.Char.isValidRevSearchFrom_iff_isValidRevSearchFrom_beq._simp_1_1
String.Slice.Pattern.Model.Char.isValidRevSearchFrom_iff_isValidRevSearchFrom_beq	_private.Init.Data.String.Lemmas.Pattern.Char.0.String.Slice.Pattern.Model.Char.isValidRevSearchFrom_iff_isValidRevSearchFrom_beq._simp_1_2
String.Slice.Pattern.Model.Char.isValidRevSearchFrom_iff_isValidRevSearchFrom_beq	_private.Init.Data.String.Lemmas.Pattern.Char.0.String.Slice.Pattern.Model.Char.isValidRevSearchFrom_iff_isValidRevSearchFrom_beq._simp_1_3
String.Slice.Pattern.Model.Char.isValidRevSearchFrom_iff_isValidRevSearchFrom_beq	_private.Init.Data.String.Lemmas.Pattern.Char.0.String.Slice.Pattern.Model.Char.isValidRevSearchFrom_iff_isValidRevSearchFrom_beq._simp_1_4
String.Slice.Pattern.Model.IsRevMatch.exists_isLongestRevMatch	Classical.propDecidable
String.Slice.Model.revPositionsFrom_eq_cons	_private.Init.Data.String.Lemmas.Iterate.0.String.Slice.Model.revPositionsFrom._proof_4
String.Slice.Model.revPositionsFrom_eq_cons	_private.Init.Data.String.Lemmas.Iterate.0.String.Slice.Model.revPositionsFrom.eq_1
String.Pos.ofSlice_ne_endPos	_private.Init.Data.String.Lemmas.Order.0.String.Pos.ofSlice_ne_endPos._simp_1_1
String.Pos.ofSlice_ne_endPos	_private.Init.Data.String.Lemmas.Order.0.String.Pos.ofSlice_ne_endPos._simp_1_2
String.Slice.Pattern.Model.CharPred.not_matchesAt_of_get	_private.Init.Data.String.Lemmas.Pattern.Pred.0.String.Slice.Pattern.Model.CharPred.not_matchesAt_of_get._simp_1_1
String.Slice.Pattern.Model.Char.revMatchesAt_iff	_private.Init.Data.String.Lemmas.Pattern.Char.0.String.Slice.Pattern.Model.Char.revMatchesAt_iff._simp_1_1
String.Slice.Pattern.Model.Char.revMatchesAt_iff	_private.Init.Data.String.Lemmas.Pattern.Char.0.String.Slice.Pattern.Model.Char.revMatchesAt_iff._simp_1_2
String.revAll_bool_eq	_private.Init.Data.String.Lemmas.Pattern.TakeDrop.Pred.0.String.revAll_bool_eq._simp_1_1
String.removeLeadingSpaces	_private.Init.Data.String.Extra.0.String.findLeadingSpacesSize
String.removeLeadingSpaces	_private.Init.Data.String.Extra.0.String.removeNumLeadingSpaces
String.Slice.Pattern.Model.split_endPos	_private.Init.Data.String.Lemmas.Pattern.Split.Basic.0.String.Slice.Pattern.Model.split._proof_1
String.Slice.Pattern.Model.split_endPos	_private.Init.Data.String.Lemmas.Pattern.Split.Basic.0.String.Slice.Pattern.Model.split._proof_2
String.Slice.Pattern.Model.split_endPos	_private.Init.Data.String.Lemmas.Pattern.Split.Basic.0.String.Slice.Pattern.Model.split._proof_3
String.Slice.Pattern.Model.split_endPos	_private.Init.Data.String.Lemmas.Pattern.Split.Basic.0.String.Slice.Pattern.Model.split.eq_1
String.Slice.Pattern.Model.CharPred.Decidable.matchAt?_eq	_private.Init.Data.String.Lemmas.Pattern.Pred.0.String.Slice.Pattern.Model.CharPred.Decidable.matchAt?_eq._simp_1_2
String.Slice.Pattern.Model.CharPred.Decidable.matchAt?_eq	_private.Init.Data.String.Lemmas.Pattern.Pred.0.String.Slice.Pattern.Model.CharPred.Decidable.matchAt?_eq._simp_1_1
String.takeWhile_eq_toSlice_iff	_private.Init.Data.String.Lemmas.Pattern.TakeDrop.Basic.0.String.takeWhile_eq_toSlice_iff._simp_1_1
String.Pos.find?_bool_eq_some_iff	_private.Init.Data.String.Lemmas.Pattern.Find.Pred.0.String.Pos.find?_bool_eq_some_iff._simp_1_2
String.Pos.find?_bool_eq_some_iff	_private.Init.Data.String.Lemmas.Pattern.Find.Pred.0.String.Pos.find?_bool_eq_some_iff._simp_1_4
String.Pos.find?_bool_eq_some_iff	_private.Init.Data.String.Lemmas.Pattern.Find.Pred.0.String.Pos.find?_bool_eq_some_iff._simp_1_6
String.Slice.Pattern.Model.Char.instLawfulForwardPatternModelChar	_private.Init.Data.String.Lemmas.Pattern.Char.0.String.Slice.Pattern.Model.Char.instLawfulForwardPatternModelChar._simp_1
String.Slice.startsWith_slice_iff	_private.Init.Data.String.Lemmas.Pattern.TakeDrop.String.0.String.Slice.startsWith_slice_iff._simp_1_1
String.Slice.startsWith_slice_iff	_private.Init.Data.String.Lemmas.Pattern.TakeDrop.String.0.String.Slice.startsWith_slice_iff._simp_1_2
String.Slice.startsWith_slice_iff	_private.Init.Data.String.Lemmas.Pattern.TakeDrop.String.0.String.Slice.startsWith_slice_iff._simp_1_3
String.Slice.startsWith_slice_iff	_private.Init.Data.String.Lemmas.Pattern.TakeDrop.String.0.String.Slice.startsWith_slice_iff._simp_1_6
String.Slice.startsWith_slice_iff	_private.Init.Data.String.Lemmas.Pattern.TakeDrop.String.0.String.Slice.startsWith_slice_iff.match_1_8
String.Slice.startsWith_slice_iff	_private.Init.Data.String.Lemmas.Pattern.TakeDrop.String.0.String.Slice.startsWith_slice_iff.match_1_10
String.Pos.Splits.splits_rotateRight	_private.Init.Data.String.Lemmas.Splits.0.String.Pos.Splits.rotateRight._proof_1
String.Slice.Pos.get_revSkipWhile_char_ne	_private.Init.Data.String.Lemmas.Pattern.TakeDrop.Char.0.String.Slice.Pos.get_revSkipWhile_char_ne._simp_1_1
String.Slice.startsWith_bool_iff_get	_private.Init.Data.String.Lemmas.Pattern.TakeDrop.Pred.0.String.Slice.startsWith_bool_iff_get._simp_1_1
String.Slice.startsWith_bool_iff_get	_private.Init.Data.String.Lemmas.Pattern.TakeDrop.Pred.0.String.Slice.startsWith_bool_iff_get._simp_1_2
String.Slice.Pattern.Model.ForwardSliceSearcher.isRevMatch_iff	_private.Init.Data.String.Lemmas.Pattern.String.Basic.0.String.Slice.Pattern.Model.ForwardSliceSearcher.isRevMatch_iff._simp_1_1
String.Slice.Pos.ofSliceTo_ne_endPos	_private.Init.Data.String.Lemmas.Order.0.String.Slice.Pos.ofSliceTo_ne_endPos._simp_1_1
String.Slice.Pos.ofSlice_ne_startPos	_private.Init.Data.String.Lemmas.Order.0.String.Slice.Pos.ofSlice_ne_startPos._simp_1_1
String.Slice.Pos.lt_endPos_iff	_private.Init.Data.String.Lemmas.Order.0.String.Slice.Pos.lt_endPos_iff._simp_1_1
List.utf8Encode_eq_empty	_private.Init.Data.String.Defs.0.List.utf8Encode_eq_empty._simp_1_1
String.Slice.posGE_le_iff	Std.le_iff_lt_or_eq
String.skipSuffix?_char_eq_some_iff	_private.Init.Data.String.Lemmas.Pattern.TakeDrop.Char.0.String.skipSuffix?_char_eq_some_iff._simp_1_2
String.skipSuffix?_char_eq_some_iff	_private.Init.Data.String.Lemmas.Pattern.TakeDrop.Char.0.String.skipSuffix?_char_eq_some_iff._simp_1_1
ByteArray.extract_append_eq_right	Array.extract_append
ByteArray.extract_append_eq_right	Array.extract_size
String.Slice.Pattern.Model.ForwardSliceSearcher.isLongestMatchAtChain_startPos_endPos_iff	_private.Init.Data.String.Lemmas.Pattern.String.Basic.0.String.Slice.Pattern.Model.ForwardSliceSearcher.isLongestMatchAtChain_startPos_endPos_iff._simp_1_1
String.Slice.Pattern.Model.Char.isLongestRevMatchAtChain_iff_toList	_private.Init.Data.String.Lemmas.Pattern.Char.0.String.Slice.Pattern.Model.Char.isLongestRevMatchAtChain_iff_toList._simp_1_1
String.Slice.Pattern.Model.Char.isLongestRevMatchAtChain_iff_toList	_private.Init.Data.String.Lemmas.Pattern.Char.0.String.Slice.Pattern.Model.Char.isLongestRevMatchAtChain_iff_toList._simp_1_2
String.Slice.toList_split_of_isEmpty	Std.Iter.toList
String.Slice.Pattern.Model.Char.revMatchAt?_eq	_private.Init.Data.String.Lemmas.Pattern.Char.0.String.Slice.Pattern.Model.Char.revMatchAt?_eq._simp_1_2
String.Slice.Pattern.Model.Char.revMatchAt?_eq	_private.Init.Data.String.Lemmas.Pattern.Char.0.String.Slice.Pattern.Model.Char.revMatchAt?_eq._simp_1_1
String.Slice.Pos.slice_le_slice_iff	_private.Init.Data.String.Lemmas.Order.0.String.Slice.Pos.slice_le_slice_iff._proof_1_3
String.Slice.Pattern.Model.Char.instLawfulToForwardSearcherModelCharDefaultForwardSearcherForallBoolBeq	Std.Iter.toList
String.Slice.Pattern.Model.Char.instLawfulToForwardSearcherModelCharDefaultForwardSearcherForallBoolBeq	_private.Init.Data.String.Lemmas.Pattern.Char.0.String.Slice.Pattern.Model.Char.instLawfulToForwardSearcherModelCharDefaultForwardSearcherForallBoolBeq._simp_1
ByteArray.extract_add_one	Array.getElem_extract
String.takeWhile_append_dropWhile	_private.Init.Data.String.Lemmas.Pattern.TakeDrop.Basic.0.String.takeWhile_append_dropWhile._simp_1_1
String.takeWhile_append_dropWhile	_private.Init.Data.String.Lemmas.Pattern.TakeDrop.Basic.0.String.takeWhile_append_dropWhile._simp_1_2
String.Slice.Pattern.Model.split_eq_of_isLongestMatchAt	_private.Init.Data.String.Lemmas.Pattern.Split.Basic.0.String.Slice.Pattern.Model.split._proof_1
String.Slice.Pattern.Model.split_eq_of_isLongestMatchAt	_private.Init.Data.String.Lemmas.Pattern.Split.Basic.0.String.Slice.Pattern.Model.split._proof_2
String.Slice.Pattern.Model.split_eq_of_isLongestMatchAt	_private.Init.Data.String.Lemmas.Pattern.Split.Basic.0.String.Slice.Pattern.Model.split._proof_3
String.Slice.Pattern.Model.split_eq_of_isLongestMatchAt	_private.Init.Data.String.Lemmas.Pattern.Split.Basic.0.String.Slice.Pattern.Model.split.eq_1
String.toList_copy_drop	_private.Init.Data.String.Lemmas.TakeDrop.0.String.toList_copy_drop._simp_1_1
String.Slice.toList_split_eq_splitToSubslice	Std.Iter.toList
String.Slice.toList_split_eq_splitToSubslice	Std.Iter.toList_map
String.Model.positionsFrom_eq_map	_private.Init.Data.String.Lemmas.Iterate.0.String.Model.positionsFrom_eq_map._simp_1_2
String.Slice.Pos.skipWhile_char_eq_self_iff_get	_private.Init.Data.String.Lemmas.Pattern.TakeDrop.Char.0.String.Slice.Pos.skipWhile_char_eq_self_iff_get._simp_1_1
String.Slice.Pos.skipWhile_char_eq_self_iff_get	_private.Init.Data.String.Lemmas.Pattern.TakeDrop.Char.0.String.Slice.Pos.skipWhile_char_eq_self_iff_get._simp_1_2
String.Slice.Pos.ofSlice!	_private.Init.Data.String.Basic.0.String.Slice.Pos.ofSlice!._proof_1
Char.ofOrdinal	_private.Init.Data.Char.Ordinal.0.Char.ofOrdinal._proof_1
Char.ofOrdinal	_private.Init.Data.Char.Ordinal.0.Char.ofOrdinal._proof_2
Char.ofOrdinal	_private.Init.Data.Char.Ordinal.0.Char.ofOrdinal._proof_3
Char.ofOrdinal	_private.Init.Data.Char.Ordinal.0.Char.ofOrdinal._proof_4
String.revAll_prop_eq	_private.Init.Data.String.Lemmas.Pattern.TakeDrop.Pred.0.String.revAll_prop_eq._simp_1_1
String.Slice.Pattern.Model.dropWhile_eq_self_iff_or	_private.Init.Data.String.Lemmas.Pattern.TakeDrop.Basic.0.String.Slice.Pattern.Model.dropWhile_eq_self_iff_or._simp_1_1
String.Pos.posLE_offset	_private.Init.Data.String.Lemmas.FindPos.0.String.Pos.posLE_offset._simp_1_1
ByteArray.utf8DecodeChar_extract_congr	_private.Init.Data.String.Decode.0.ByteArray.utf8DecodeChar_extract_congr_of_le
String.Slice.Pattern.Model.ForwardSliceSearcher.isLongestMatchAtChain_iff	_private.Init.Data.String.Lemmas.Pattern.String.Basic.0.String.Slice.Pattern.Model.ForwardSliceSearcher.isLongestMatchAtChain_iff.match_1_1
String.Slice.Pattern.Model.ForwardSliceSearcher.isLongestMatchAtChain_iff	_private.Init.Data.String.Lemmas.Pattern.String.Basic.0.String.Slice.Pattern.Model.ForwardSliceSearcher.isLongestMatchAtChain_iff._simp_1_5
String.Slice.Pattern.Model.ForwardSliceSearcher.isLongestMatchAt_iff	_private.Init.Data.String.Lemmas.Pattern.String.Basic.0.String.Slice.Pattern.Model.ForwardSliceSearcher.isLongestMatchAt_iff._simp_1_1
String.Slice.Pattern.Model.ForwardSliceSearcher.isLongestMatchAt_iff	_private.Init.Data.String.Lemmas.Pattern.String.Basic.0.String.Slice.Pattern.Model.ForwardSliceSearcher.isLongestMatchAt_iff._simp_1_2
String.Slice.Pattern.Model.ForwardStringSearcher.exists_revMatchesAt_iff_eq_append	_private.Init.Data.String.Lemmas.Pattern.String.Basic.0.String.Slice.Pattern.Model.ForwardStringSearcher.exists_revMatchesAt_iff_eq_append._simp_1_1
String.Slice.all_char_iff	_private.Init.Data.String.Lemmas.Pattern.TakeDrop.Char.0.String.Slice.all_char_iff._simp_1_1
String.Slice.all_char_iff	_private.Init.Data.String.Lemmas.Pattern.TakeDrop.Char.0.String.Slice.all_char_iff._simp_1_2
String.Slice.Pattern.Model.ForwardSliceSearcher.isLongestRevMatchAtChain_startPos_endPos_iff	_private.Init.Data.String.Lemmas.Pattern.String.Basic.0.String.Slice.Pattern.Model.ForwardSliceSearcher.isLongestRevMatchAtChain_startPos_endPos_iff._simp_1_1
ByteArray.getElem_extract	Array.getElem_extract
String.Pos.Raw.nextWhile	Substring.Raw.takeWhileAux
String.Slice.Pos.revSkipWhile_char_eq_self_iff_get	_private.Init.Data.String.Lemmas.Pattern.TakeDrop.Char.0.String.Slice.Pos.revSkipWhile_char_eq_self_iff_get._simp_1_1
String.Slice.Pos.revSkipWhile_char_eq_self_iff_get	_private.Init.Data.String.Lemmas.Pattern.TakeDrop.Char.0.String.Slice.Pos.revSkipWhile_char_eq_self_iff_get._simp_1_2
String.Slice.Pattern.Model.revMatchAt?_eq_some_iff	Exists.choose
String.Slice.Pattern.Model.revMatchAt?_eq_some_iff	Exists.choose_spec
String.copy_sliceTo_eq_iff_exists_splits	_private.Init.Data.String.Lemmas.Splits.0.String.copy_sliceTo_eq_iff_exists_splits._simp_1_1
String.copy_sliceTo_eq_iff_exists_splits	_private.Init.Data.String.Lemmas.Splits.0.String.copy_sliceTo_eq_iff_exists_splits._simp_1_2
String.Pos.le_ofSlice_iff	_private.Init.Data.String.Lemmas.Order.0.String.Pos.le_ofSlice_iff.match_1_1
String.Pos.le_ofSlice_iff	_private.Init.Data.String.Lemmas.Order.0.String.Pos.le_ofSlice_iff._simp_1_3
String.Slice.startsWith_bool_eq_head?	_private.Init.Data.String.Lemmas.Pattern.TakeDrop.Pred.0.String.Slice.startsWith_bool_eq_head?.match_1_1
String.Pos.ofSliceFrom_next	_private.Init.Data.String.Lemmas.Order.0.String.Pos.ofSliceFrom_next._simp_1_1
String.Pos.ofSliceFrom_next	_private.Init.Data.String.Lemmas.Order.0.String.Pos.ofSliceFrom_next._simp_1_2
String.Pos.ofSliceFrom_next	_private.Init.Data.String.Lemmas.Order.0.String.Pos.ofSliceFrom_next._simp_1_3
String.Pos.ofSliceFrom_next	_private.Init.Data.String.Lemmas.Order.0.String.Pos.ofSliceFrom_next._simp_1_4
String.Slice.startsWith_bool_eq_false_iff_get	_private.Init.Data.String.Lemmas.Pattern.TakeDrop.Pred.0.String.Slice.startsWith_bool_eq_false_iff_get._simp_1_1
String.Slice.startsWith_bool_eq_false_iff_get	_private.Init.Data.String.Lemmas.Pattern.TakeDrop.Pred.0.String.Slice.startsWith_bool_eq_false_iff_get._simp_1_2
String.Slice.Pattern.Model.isLongestRevMatch_iff_isLongestRevMatchAt_ofSliceTo	_private.Init.Data.String.Lemmas.Pattern.Basic.0.String.Slice.Pattern.Model.isLongestRevMatch_iff_isLongestRevMatchAt_ofSliceTo._simp_1_1
String.Slice.Pattern.Model.isLongestRevMatch_iff_isLongestRevMatchAt_ofSliceTo	_private.Init.Data.String.Lemmas.Pattern.Basic.0.String.Slice.Pattern.Model.isLongestRevMatch_iff_isLongestRevMatchAt_ofSliceTo._simp_1_2
String.Slice.Pos.find?_char_eq_none_iff	_private.Init.Data.String.Lemmas.Pattern.Find.Char.0.String.Slice.Pos.find?_char_eq_none_iff._proof_1_2
String.Pos.ofSliceFrom_ne_startPos	_private.Init.Data.String.Lemmas.Order.0.String.Pos.ofSliceFrom_ne_startPos._simp_1_1
String.Pos.ofSliceFrom_ne_startPos	_private.Init.Data.String.Lemmas.Order.0.String.Pos.ofSliceFrom_ne_startPos._simp_1_2
String.Slice.Pattern.Model.CharPred.Decidable.isLongestRevMatch_iff_isLongestRevMatch_decide	_private.Init.Data.String.Lemmas.Pattern.Pred.0.String.Slice.Pattern.Model.CharPred.Decidable.isLongestRevMatch_iff_isLongestRevMatch_decide._simp_1_1
String.Slice.Pattern.Model.CharPred.Decidable.isLongestRevMatch_iff_isLongestRevMatch_decide	_private.Init.Data.String.Lemmas.Pattern.Pred.0.String.Slice.Pattern.Model.CharPred.Decidable.isLongestRevMatch_iff_isLongestRevMatch_decide._simp_1_2
String.Slice.toList_split_intercalate_beq	Std.Iter.toList
String.Slice.toList_split_intercalate_beq	_private.Init.Data.String.Lemmas.Pattern.Split.Char.0.String.Slice.toList_split_intercalate_beq._simp_1_1
String.Slice.intercalate	_private.Init.Data.String.Slice.0.String.Slice.intercalate.go
String.Slice.Pattern.Model.ForwardSliceSearcher.matchesAt_iff_splits	_private.Init.Data.String.Lemmas.Pattern.String.Basic.0.String.Slice.Pattern.Model.ForwardSliceSearcher.matchesAt_iff_splits._simp_1_1
String.Slice.Pattern.Model.ForwardSliceSearcher.matchesAt_iff_splits	_private.Init.Data.String.Lemmas.Pattern.String.Basic.0.String.Slice.Pattern.Model.ForwardSliceSearcher.matchesAt_iff_splits._simp_1_2
String.Slice.Pattern.Model.ForwardSliceSearcher.matchesAt_iff_splits	_private.Init.Data.String.Lemmas.Pattern.String.Basic.0.String.Slice.Pattern.Model.ForwardSliceSearcher.matchesAt_iff_splits.match_1_3
String.Slice.Pattern.Model.ForwardSliceSearcher.matchesAt_iff_splits	_private.Init.Data.String.Lemmas.Pattern.String.Basic.0.String.Slice.Pattern.Model.ForwardSliceSearcher.matchesAt_iff_splits.match_1_5
String.copy_slice_eq_append_of_lt	_private.Init.Data.String.Lemmas.Splits.0.String.copy_slice_eq_append_of_lt._simp_1_1
String.Slice.startsWith_prop_iff_get	_private.Init.Data.String.Lemmas.Pattern.TakeDrop.Pred.0.String.Slice.startsWith_prop_iff_get._simp_1_1
String.Slice.Pattern.Model.skipSuffixWhile_eq_endPos_iff_or	_private.Init.Data.String.Lemmas.Pattern.TakeDrop.Basic.0.String.Slice.Pattern.Model.skipSuffixWhile_eq_endPos_iff_or._simp_1_1
String.Slice.Pos.Splits.lt_iff_exists_eq_append	Std.lt_iff_le_and_ne
String.Slice.Pattern.Model.LawfulBackwardPatternModel.skipSuffix?_sliceTo_eq_none_iff	Classical.propDecidable
String.Slice.Pattern.Model.LawfulBackwardPatternModel.skipSuffix?_sliceTo_eq_none_iff	_private.Init.Data.String.Lemmas.Pattern.Basic.0.String.Slice.Pattern.Model.LawfulBackwardPatternModel.skipSuffix?_sliceTo_eq_none_iff._simp_1_2
String.Slice.Pattern.Model.LawfulBackwardPatternModel.skipSuffix?_sliceTo_eq_none_iff	_private.Init.Data.String.Lemmas.Pattern.Basic.0.String.Slice.Pattern.Model.LawfulBackwardPatternModel.skipSuffix?_sliceTo_eq_none_iff.match_1_3
String.Slice.Pattern.Model.LawfulBackwardPatternModel.skipSuffix?_sliceTo_eq_none_iff	_private.Init.Data.String.Lemmas.Pattern.Basic.0.String.Slice.Pattern.Model.LawfulBackwardPatternModel.skipSuffix?_sliceTo_eq_none_iff.match_1_5
ByteArray.extract_append_extract	Array.extract_append_extract
String.Slice.Pattern.Model.split_char_eq_split_beq	_private.Init.Data.String.Lemmas.Pattern.Split.Basic.0.String.Slice.Pattern.Model.split._unary._proof_3
String.Slice.Pattern.Model.split_char_eq_split_beq	_private.Init.Data.String.Lemmas.Pattern.Split.Basic.0.String.Slice.Pattern.Model.split._unary._proof_8
String.Slice.Pattern.Model.split_char_eq_split_beq	_private.Init.Data.String.Lemmas.Pattern.Split.Basic.0.String.Slice.Pattern.Model.split._proof_1
String.Slice.Pattern.Model.split_char_eq_split_beq	_private.Init.Data.String.Lemmas.Pattern.Split.Basic.0.String.Slice.Pattern.Model.split._proof_2
String.Slice.Pattern.Model.split_char_eq_split_beq	_private.Init.Data.String.Lemmas.Pattern.Split.Basic.0.String.Slice.Pattern.Model.split._proof_3
String.Slice.Pattern.Model.split_char_eq_split_beq	_private.Init.Data.String.Lemmas.Pattern.Split.Char.0.String.Slice.Pattern.Model.split.eq_1
String.Slice.Pattern.Model.split_char_eq_split_beq	_private.Init.Data.String.Lemmas.Pattern.Split.Basic.0.String.Slice.Pattern.Model.split._unary._proof_5
String.Slice.Pattern.Model.split_char_eq_split_beq	_private.Init.Data.String.Lemmas.Pattern.Split.Basic.0.String.Slice.Pattern.Model.split._unary._proof_9
String.Pos.Raw.isValid_iff_isUTF8FirstByte	_private.Init.Data.String.Basic.0.String.Pos.Raw.isValid_iff_isUTF8FirstByte._simp_1_5
String.posGT	_private.Init.Data.String.FindPos.0.String.posGT._proof_1
String.Slice.Pos.cast_endPos	_private.Init.Data.String.Basic.0.String.Slice.Pos.cast_endPos._simp_1_1
String.Slice.Pos.revSkipWhile_bool_eq_self_iff_get	_private.Init.Data.String.Lemmas.Pattern.TakeDrop.Pred.0.String.Slice.Pos.revSkipWhile_bool_eq_self_iff_get._simp_1_1
String.Slice.Pos.revSkipWhile_bool_eq_self_iff_get	_private.Init.Data.String.Lemmas.Pattern.TakeDrop.Pred.0.String.Slice.Pos.revSkipWhile_bool_eq_self_iff_get._simp_1_2
String.Slice.Pattern.Model.isValidSearchFrom_cast_iff	_private.Init.Data.String.Lemmas.Pattern.Basic.0.String.Slice.Pattern.Model.isValidSearchFrom_cast_iff._simp_1_1
String.Slice.Pattern.Model.isValidSearchFrom_cast_iff	_private.Init.Data.String.Lemmas.Pattern.Basic.0.String.Slice.Pattern.Model.isValidSearchFrom_cast_iff._simp_1_2
String.Pos.lt_iff_remainingBytes_lt	_private.Init.Data.String.Termination.0.String.Pos.lt_iff_remainingBytes_lt._simp_1_1
String.Pos.lt_iff_remainingBytes_lt	_private.Init.Data.String.Termination.0.String.Pos.lt_iff_remainingBytes_lt._simp_1_2
String.isEmpty_sliceTo	_private.Init.Data.String.Lemmas.IsEmpty.0.String.isEmpty_sliceTo._simp_1_2
String.Slice.Pattern.Model.ForwardSliceSearcher.isLongestRevMatchAt_iff_splits	_private.Init.Data.String.Lemmas.Pattern.String.Basic.0.String.Slice.Pattern.Model.ForwardSliceSearcher.isLongestRevMatchAt_iff_splits._simp_1_1
String.Slice.Pattern.Model.ForwardSliceSearcher.isLongestRevMatchAt_iff_splits	_private.Init.Data.String.Lemmas.Pattern.String.Basic.0.String.Slice.Pattern.Model.ForwardSliceSearcher.isLongestRevMatchAt_iff_splits._simp_1_2
String.Slice.revSkip?_endPos	_private.Init.Data.String.Lemmas.Pattern.TakeDrop.Basic.0.String.Slice.revSkip?_endPos._simp_1_2
String.Slice.revSkip?_endPos	_private.Init.Data.String.Lemmas.Pattern.TakeDrop.Basic.0.String.Slice.revSkip?_endPos._simp_1_1
String.crlfToLf	_private.Init.Data.String.Extra.0.String.crlfToLf.go
String.Slice.Pos.ofSlice_ne_endPos	_private.Init.Data.String.Lemmas.Order.0.String.Slice.Pos.ofSlice_ne_endPos._simp_1_1
String.Slice.Pattern.Model.LawfulToBackwardSearcherModel.defaultImplementation	Std.Iter.toList
String.Slice.Pattern.Model.LawfulToBackwardSearcherModel.defaultImplementation	Std.Iter.toList_eq_match_step
String.Slice.Pattern.Model.isLongestRevMatchAt_iff	_private.Init.Data.String.Lemmas.Pattern.Basic.0.String.Slice.Pattern.Model.isLongestRevMatchAt_iff.match_1_1
String.Slice.Pattern.Model.isLongestRevMatchAt_iff	_private.Init.Data.String.Lemmas.Pattern.Basic.0.String.Slice.Pattern.Model.isLongestRevMatchAt_iff.match_1_3
String.Slice.Pattern.Model.skipPrefixWhile_eq_iff	_private.Init.Data.String.Lemmas.Pattern.TakeDrop.Basic.0.String.Slice.Pattern.Model.skipPrefixWhile_eq_iff._simp_1_1
String.Slice.Pattern.Model.CharPred.Decidable.isValidSearchFrom_iff_isValidSearchFrom_decide	_private.Init.Data.String.Lemmas.Pattern.Pred.0.String.Slice.Pattern.Model.CharPred.Decidable.isValidSearchFrom_iff_isValidSearchFrom_decide._simp_1_1
String.Slice.Pattern.Model.CharPred.Decidable.isValidSearchFrom_iff_isValidSearchFrom_decide	_private.Init.Data.String.Lemmas.Pattern.Pred.0.String.Slice.Pattern.Model.CharPred.Decidable.isValidSearchFrom_iff_isValidSearchFrom_decide._simp_1_2
String.Slice.Pattern.Model.CharPred.Decidable.isValidSearchFrom_iff_isValidSearchFrom_decide	_private.Init.Data.String.Lemmas.Pattern.Pred.0.String.Slice.Pattern.Model.CharPred.Decidable.isValidSearchFrom_iff_isValidSearchFrom_decide._simp_1_3
String.Slice.Pattern.Model.CharPred.Decidable.isValidSearchFrom_iff_isValidSearchFrom_decide	_private.Init.Data.String.Lemmas.Pattern.Pred.0.String.Slice.Pattern.Model.CharPred.Decidable.isValidSearchFrom_iff_isValidSearchFrom_decide._simp_1_4
String.Pos.appendRight	_private.Init.Data.String.Modify.0.String.Pos.appendRight._proof_1
String.Pos.revSkipWhile_le	_private.Init.Data.String.Lemmas.Pattern.TakeDrop.Basic.0.String.Pos.revSkipWhile_le._simp_1_1
String.Slice.Pattern.Model.Pos.skip?_eq_matchAt?	_private.Init.Data.String.Lemmas.Pattern.TakeDrop.Basic.0.String.Slice.Pattern.Model.Pos.skip?_eq_matchAt?._simp_1_1
String.startsWith_char_eq_head?	_private.Init.Data.String.Lemmas.Pattern.TakeDrop.Char.0.String.startsWith_char_eq_head?._simp_1_1
String.find?_bool_eq_some_iff	_private.Init.Data.String.Lemmas.Pattern.Find.Pred.0.String.find?_bool_eq_some_iff._simp_1_2
String.find?_bool_eq_some_iff	_private.Init.Data.String.Lemmas.Pattern.Find.Pred.0.String.find?_bool_eq_some_iff._simp_1_4
String.find?_bool_eq_some_iff	_private.Init.Data.String.Lemmas.Pattern.Find.Pred.0.String.find?_bool_eq_some_iff._simp_1_5
String.Pos.Raw.instLinearOrderPackage	Std.LinearOrderPackage.ofLE
String.Slice.Pos.ofSliceFrom_prev	_private.Init.Data.String.Lemmas.FindPos.0.String.Slice.Pos.ofSliceFrom_prev._simp_1_2
String.Slice.Pos.ofSliceFrom_prev	_private.Init.Data.String.Lemmas.FindPos.0.String.Slice.Pos.ofSliceFrom_prev._simp_1_4
String.Pos.le_find	_private.Init.Data.String.Lemmas.Search.0.String.Pos.le_find._simp_1_2
String.dropWhile_dropWhile	_private.Init.Data.String.Lemmas.Pattern.TakeDrop.Basic.0.String.dropWhile_dropWhile._simp_1_1
ByteArray.extract_extract	Array.extract_extract
String.Pos.ofSliceFrom_prev	_private.Init.Data.String.Lemmas.FindPos.0.String.Pos.ofSliceFrom_prev._simp_1_1
String.Pos.ofSliceFrom_prev	_private.Init.Data.String.Lemmas.FindPos.0.String.Pos.ofSliceFrom_prev._simp_1_2
String.Pos.ofSliceFrom_prev	_private.Init.Data.String.Lemmas.FindPos.0.String.Pos.ofSliceFrom_prev._simp_1_3
String.Slice.Pattern.Model.ForwardSliceSearcher.isLongestMatchAt_iff_splits	_private.Init.Data.String.Lemmas.Pattern.String.Basic.0.String.Slice.Pattern.Model.ForwardSliceSearcher.isLongestMatchAt_iff_splits._simp_1_1
String.Slice.Pattern.Model.ForwardSliceSearcher.isLongestMatchAt_iff_splits	_private.Init.Data.String.Lemmas.Pattern.String.Basic.0.String.Slice.Pattern.Model.ForwardSliceSearcher.isLongestMatchAt_iff_splits._simp_1_2
String.Slice.Pos.sliceFrom_lt_sliceFrom_iff	_private.Init.Data.String.Lemmas.Order.0.String.Slice.Pos.sliceFrom_lt_sliceFrom_iff._proof_1_5
String.Slice.Pattern.Model.ForwardSliceSearcher.isLongestRevMatchAt_iff_extract	_private.Init.Data.String.Lemmas.Pattern.String.Basic.0.String.Slice.Pattern.Model.ForwardSliceSearcher.isLongestRevMatchAt_iff_extract.match_1_1
String.Slice.Pattern.Model.ForwardSliceSearcher.isLongestRevMatchAt_iff_extract	_private.Init.Data.String.Lemmas.Pattern.String.Basic.0.String.Slice.Pattern.Model.ForwardSliceSearcher.isLongestRevMatchAt_iff_extract._proof_1_5
String.Slice.Pattern.Model.CharPred.Decidable.matchAt?_eq_matchAt?_decide	_private.Init.Data.String.Lemmas.Pattern.Pred.0.String.Slice.Pattern.Model.CharPred.Decidable.matchAt?_eq_matchAt?_decide._simp_1_1
String.Pos.apply_skipWhile_prop	_private.Init.Data.String.Lemmas.Pattern.TakeDrop.Pred.0.String.Pos.apply_skipWhile_prop._simp_1_1
String.Slice.Pattern.Model.CharPred.Decidable.isLongestRevMatchAt_iff	_private.Init.Data.String.Lemmas.Pattern.Pred.0.String.Slice.Pattern.Model.CharPred.Decidable.isLongestRevMatchAt_iff._simp_1_1
String.Slice.Pattern.Model.CharPred.Decidable.isLongestRevMatchAt_iff	_private.Init.Data.String.Lemmas.Pattern.Pred.0.String.Slice.Pattern.Model.CharPred.Decidable.isLongestRevMatchAt_iff._simp_1_2
String.Slice.skipPrefixWhile_eq_startPos_iff	_private.Init.Data.String.Lemmas.Pattern.TakeDrop.Basic.0.String.Slice.skipPrefixWhile_eq_startPos_iff._simp_1_1
String.Slice.Pattern.Model.Char.isLongestMatchAtChain_iff_toList	_private.Init.Data.String.Lemmas.Pattern.Char.0.String.Slice.Pattern.Model.Char.isLongestMatchAtChain_iff_toList._simp_1_1
String.Slice.Pattern.Model.Char.isLongestMatchAtChain_iff_toList	_private.Init.Data.String.Lemmas.Pattern.Char.0.String.Slice.Pattern.Model.Char.isLongestMatchAtChain_iff_toList._simp_1_2
String.Slice.Pos.sliceFrom_le_iff	_private.Init.Data.String.Lemmas.Order.0.String.Slice.Pos.sliceFrom_le_iff._simp_1_1
String.Slice.Pos.sliceFrom_le_iff	_private.Init.Data.String.Lemmas.Order.0.String.Slice.Pos.sliceFrom_le_iff._simp_1_2
String.Slice.Pattern.ForwardSliceSearcher.instFiniteIdSearchStep	_private.Init.Data.String.Pattern.String.0.String.Slice.Pattern.ForwardSliceSearcher.finitenessRelation
String.Slice.copy_sliceTo_cast	_private.Init.Data.String.Lemmas.Splits.0.String.Slice.copy_sliceTo_cast._simp_1_1
String.Pos.sliceTo	_private.Init.Data.String.Basic.0.String.Pos.sliceTo._proof_1
String.posOfAux	_private.Init.Data.String.Search.0.String.findAux._proof_3
String.singleton_inj	_private.Init.Data.String.Lemmas.Basic.0.String.singleton_inj._simp_1_1
String.Slice.Pos.revSkip?_bool_eq_none_iff	_private.Init.Data.String.Lemmas.Pattern.TakeDrop.Pred.0.String.Slice.Pos.revSkip?_bool_eq_none_iff._simp_1_1
String.Slice.Pos.revSkip?_bool_eq_none_iff	_private.Init.Data.String.Lemmas.Pattern.TakeDrop.Pred.0.String.Slice.Pos.revSkip?_bool_eq_none_iff._simp_1_2
String.Slice.Pos.skipWhile_string_eq_skipWhile_toSlice	_private.Init.Data.String.Lemmas.Pattern.String.ForwardPattern.0.String.Slice.Pos.skipWhile.eq_1
String.Slice.Pos.skipWhile_string_eq_skipWhile_toSlice	_private.Init.Data.String.Lemmas.Pattern.String.ForwardPattern.0.String.Slice.Pos.skipWhile_string_eq_skipWhile_toSlice._simp_1_5
String.toList_copy_dropEnd	_private.Init.Data.String.Lemmas.TakeDrop.0.String.toList_copy_dropEnd._simp_1_1
String.Slice.Pos.skipWhile_prop_eq_skipWhile_decide	_private.Init.Data.String.Lemmas.Pattern.Pred.0.String.Slice.Pos.skipWhile.eq_1
String.Slice.Pos.skipWhile_prop_eq_skipWhile_decide	_private.Init.Data.String.Lemmas.Pattern.Pred.0.String.Slice.Pos.skipWhile_prop_eq_skipWhile_decide._simp_1_5
String.Slice.Pos.ofSliceTo_le_iff	_private.Init.Data.String.Lemmas.Order.0.String.Slice.Pos.ofSliceTo_le_iff._simp_1_1
String.Slice.Pos.ofSliceTo_le_iff	_private.Init.Data.String.Lemmas.Order.0.String.Slice.Pos.ofSliceTo_le_iff._simp_1_2
ByteArray.append_eq_append_iff_of_size_eq_left	Array.append_eq_append_iff_of_size_eq_left
String.Pos.sliceFrom_ofSliceFrom	_private.Init.Data.String.Basic.0.String.Pos.sliceFrom_ofSliceFrom._simp_1_1
String.Slice.Pattern.ToBackwardSearcher.DefaultBackwardSearcher.instFiniteIdSearchStepOfStrictBackwardPattern	_private.Init.Data.String.Pattern.Basic.0.String.Slice.Pattern.ToBackwardSearcher.DefaultBackwardSearcher.finitenessRelation
String.isEmpty_sliceFrom	_private.Init.Data.String.Lemmas.IsEmpty.0.String.isEmpty_sliceFrom._simp_1_2
String.Slice.Pos.lt_ofSliceFrom_iff	_private.Init.Data.String.Lemmas.Order.0.String.Slice.Pos.lt_ofSliceFrom_iff._simp_1_2
String.Slice.Pattern.Model.Pos.revSkipWhile_eq_self_iff_or	_private.Init.Data.String.Lemmas.Pattern.TakeDrop.Basic.0.String.Slice.Pattern.Model.Pos.revSkipWhile_eq_self_iff_or._simp_1_1
String.endsWith_bool_eq_false_iff_get	_private.Init.Data.String.Lemmas.Pattern.TakeDrop.Pred.0.String.endsWith_bool_eq_false_iff_get._simp_1_1
String.endsWith_bool_eq_false_iff_get	_private.Init.Data.String.Lemmas.Pattern.TakeDrop.Pred.0.String.endsWith_bool_eq_false_iff_get._simp_1_2
String.splits_singleton_iff	_private.Init.Data.String.Lemmas.Splits.0.String.splits_singleton_iff._simp_1_1
String.Slice.splits_singleton_right_iff	_private.Init.Data.String.Lemmas.Splits.0.String.Slice.splits_singleton_right_iff._simp_1_2
String.Slice.Pattern.Model.skipPrefixWhile_eq_startPos_iff_or	_private.Init.Data.String.Lemmas.Pattern.TakeDrop.Basic.0.String.Slice.Pattern.Model.skipPrefixWhile_eq_startPos_iff_or._simp_1_1
String.Slice.Pattern.Model.split.induct_unfolding	_private.Init.Data.String.Lemmas.Pattern.Split.Basic.0.String.Slice.Pattern.Model.split._unary._proof_3
String.Slice.Pattern.Model.split.induct_unfolding	_private.Init.Data.String.Lemmas.Pattern.Split.Basic.0.String.Slice.Pattern.Model.split._unary._proof_8
String.Slice.Pattern.Model.split.induct_unfolding	_private.Init.Data.String.Lemmas.Pattern.Split.Basic.0.String.Slice.Pattern.Model.split._unary._proof_5
String.Slice.Pattern.Model.split.induct_unfolding	_private.Init.Data.String.Lemmas.Pattern.Split.Basic.0.String.Slice.Pattern.Model.split._unary._proof_9
String.instTransOrd	Std.TransOrd.compareOfLessAndEq_of_antisymm_of_trans_of_total_of_not_le
String.Slice.RevByteIterator.instIteratorLoopUInt8OfMonad	Std.IteratorLoop.defaultImplementation
String.Slice.Pattern.Model.NoPrefixPatternModel.of_length_toList_eq	Nat.left_eq_add._simp_1
String.Slice.startsWith_char_eq_false_iff_get	_private.Init.Data.String.Lemmas.Pattern.TakeDrop.Char.0.String.Slice.startsWith_char_eq_false_iff_get._simp_1_1
String.Slice.startsWith_char_eq_false_iff_get	_private.Init.Data.String.Lemmas.Pattern.TakeDrop.Char.0.String.Slice.startsWith_char_eq_false_iff_get._simp_1_2
String.Slice.Pattern.Model.CharPred.revMatchesAt_iff	_private.Init.Data.String.Lemmas.Pattern.Pred.0.String.Slice.Pattern.Model.CharPred.revMatchesAt_iff._simp_1_1
String.Slice.Pattern.Model.CharPred.revMatchesAt_iff	_private.Init.Data.String.Lemmas.Pattern.Pred.0.String.Slice.Pattern.Model.CharPred.revMatchesAt_iff._simp_1_2
String.Pos.ofEqAppend	_private.Init.Data.String.Lemmas.Splits.0.String.Pos.ofEqAppend._proof_1
String.Pos.Splits.splits_rotateLeft	_private.Init.Data.String.Lemmas.Splits.0.String.Pos.Splits.rotateLeft._proof_1
String.Slice.Pattern.Model.BackwardSliceSearcher.instLawfulBackwardPatternModel	_private.Init.Data.String.Lemmas.Pattern.String.ForwardPattern.0.String.Slice.Pattern.BackwardSliceSearcher.isSome_skipSuffix?
String.Slice.Pattern.Model.BackwardSliceSearcher.instLawfulBackwardPatternModel	_private.Init.Data.String.Lemmas.Pattern.String.ForwardPattern.0.String.Slice.Pattern.Model.BackwardSliceSearcher.instLawfulBackwardPatternModel._simp_1
String.Slice.Pattern.Model.BackwardSliceSearcher.instLawfulBackwardPatternModel	_private.Init.Data.String.Lemmas.Pattern.String.ForwardPattern.0.String.Slice.Pattern.Model.BackwardSliceSearcher.instLawfulBackwardPatternModel._simp_2
String.Slice.Pattern.ForwardSliceSearcher.skipPrefix?_of_isEmpty	_private.Init.Data.String.Lemmas.Pattern.String.ForwardPattern.0.String.Slice.Pattern.ForwardSliceSearcher.skipPrefix?_of_isEmpty._simp_1_1
String.Slice.Pattern.Model.ForwardSliceSearcher.matchesAt_iff_getElem	_private.Init.Data.String.Lemmas.Pattern.String.Basic.0.String.Slice.Pattern.Model.ForwardSliceSearcher.matchesAt_iff_getElem.match_1_1
String.Slice.Pattern.Model.ForwardSliceSearcher.matchesAt_iff_getElem	_private.Init.Data.String.Lemmas.Pattern.String.Basic.0.String.Slice.Pattern.Model.ForwardSliceSearcher.matchesAt_iff_getElem.match_1_3
String.Slice.Pattern.Model.ForwardSliceSearcher.matchesAt_iff_getElem	_private.Init.Data.String.Lemmas.Pattern.String.Basic.0.String.Slice.Pattern.Model.ForwardSliceSearcher.matchesAt_iff_getElem._proof_1_10
String.Slice.Pattern.Model.ForwardSliceSearcher.matchesAt_iff_getElem	Nat.left_eq_add._simp_1
String.Pos.lt_sliceTo_iff	_private.Init.Data.String.Lemmas.Order.0.String.Pos.lt_sliceTo_iff._simp_1_2
String.Slice.Pattern.Model.matchesAt_iff_exists_isLongestMatchAt	_private.Init.Data.String.Lemmas.Pattern.Basic.0.String.Slice.Pattern.Model.matchesAt_iff_exists_isLongestMatchAt.match_1_1
String.Slice.Pattern.Model.CharPred.Decidable.isLongestMatchAt_iff_isLongestMatchAt_decide	_private.Init.Data.String.Lemmas.Pattern.Pred.0.String.Slice.Pattern.Model.CharPred.Decidable.isLongestMatchAt_iff_isLongestMatchAt_decide._simp_1_1
String.Slice.Pattern.Model.CharPred.Decidable.isLongestMatchAt_iff_isLongestMatchAt_decide	_private.Init.Data.String.Lemmas.Pattern.Pred.0.String.Slice.Pattern.Model.CharPred.Decidable.isLongestMatchAt_iff_isLongestMatchAt_decide._simp_1_2
String.Slice.Pattern.Model.Char.isLongestMatchAt_iff_isLongestMatchAt_beq	_private.Init.Data.String.Lemmas.Pattern.Char.0.String.Slice.Pattern.Model.Char.isLongestMatchAt_iff_isLongestMatchAt_beq._simp_1_1
String.Slice.Pattern.Model.Char.isLongestMatchAt_iff_isLongestMatchAt_beq	_private.Init.Data.String.Lemmas.Pattern.Char.0.String.Slice.Pattern.Model.Char.isLongestMatchAt_iff_isLongestMatchAt_beq._simp_1_2
ByteArray.extract_zero_max_size	Array.extract_eq_self_iff._simp_1
String.Slice.dropWhile_dropWhile	_private.Init.Data.String.Lemmas.Pattern.TakeDrop.Basic.0.String.Slice.dropWhile_dropWhile._simp_1_1
String.Slice.dropWhile_dropWhile	_private.Init.Data.String.Lemmas.Pattern.TakeDrop.Basic.0.String.Slice.dropWhile_dropWhile._simp_1_2
String.Slice.dropWhile_dropWhile	_private.Init.Data.String.Lemmas.Pattern.TakeDrop.Basic.0.String.Slice.dropWhile_dropWhile._simp_1_3
String.find?_bool_eq_some_iff_splits	_private.Init.Data.String.Lemmas.Pattern.Find.Pred.0.String.find?_bool_eq_some_iff_splits._simp_1_2
String.Slice.isEmpty_takeEndWhile_dropEndWhile	_private.Init.Data.String.Lemmas.Pattern.TakeDrop.Basic.0.String.Slice.isEmpty_takeEndWhile_dropEndWhile._simp_1_1
String.all_prop_eq	_private.Init.Data.String.Lemmas.Pattern.TakeDrop.Pred.0.String.all_prop_eq._simp_1_1
String.Slice.Pattern.Model.ForwardSliceSearcher.exists_matchesAt_iff_eq_append	_private.Init.Data.String.Lemmas.Pattern.String.Basic.0.String.Slice.Pattern.Model.ForwardSliceSearcher.exists_matchesAt_iff_eq_append._simp_1_1
String.Slice.apply_skipSuffixWhile_prop	_private.Init.Data.String.Lemmas.Pattern.TakeDrop.Pred.0.String.Slice.apply_skipSuffixWhile_prop._simp_1_1
String.copy_sliceFrom_cast	_private.Init.Data.String.Lemmas.Splits.0.String.copy_sliceFrom_cast._simp_1_1
String.Slice.Pattern.Model.skipSuffixWhile_eq_iff	_private.Init.Data.String.Lemmas.Pattern.TakeDrop.Basic.0.String.Slice.Pattern.Model.skipSuffixWhile_eq_iff._simp_1_1
String.endsWith_char_eq_getLast?	_private.Init.Data.String.Lemmas.Pattern.TakeDrop.Char.0.String.endsWith_char_eq_getLast?._simp_1_1
String.Slice.Pos.ofSliceTo_prev	_private.Init.Data.String.Lemmas.FindPos.0.String.Slice.Pos.ofSliceTo_prev._simp_1_4
String.Slice.Pattern.Model.Char.matchAt?_eq_matchAt?_beq	_private.Init.Data.String.Lemmas.Pattern.Char.0.String.Slice.Pattern.Model.Char.matchAt?_eq_matchAt?_beq._simp_1_2
String.Slice.copy_slice_eq_iff_splits	_private.Init.Data.String.Lemmas.Splits.0.String.Slice.copy_slice_eq_iff_splits.match_1_1
String.Slice.Model.revPositionsFrom_startPos	_private.Init.Data.String.Lemmas.Iterate.0.String.Slice.Model.revPositionsFrom._proof_4
String.Slice.Model.revPositionsFrom_startPos	_private.Init.Data.String.Lemmas.Iterate.0.String.Slice.Model.revPositionsFrom.eq_1
String.isEmpty_dropWhile	_private.Init.Data.String.Lemmas.Pattern.TakeDrop.Basic.0.String.isEmpty_dropWhile._simp_1_1
String.Pos.find?_prop_eq_none_iff	_private.Init.Data.String.Lemmas.Pattern.Find.Pred.0.String.Pos.find?_prop_eq_none_iff._simp_1_1
String.posGE_toSlice	_private.Init.Data.String.FindPos.0.String.posGE._proof_1
String.toList_revChars	Std.Iter.toList
ByteArray.isSome_utf8Decode?_iff	_private.Init.Data.String.Basic.0.ByteArray.isSome_utf8Decode?go_iff
String.Slice.Pattern.Model.Pos.revSkipWhile_le_of_isLongestRevMatchAtChain	Std.not_lt
Char.val_ofOrdinal	_private.Init.Data.Char.Ordinal.0.Char.val_ofOrdinal._proof_1_6
