modulo	nombre	choice
Init.Data.String.Lemmas.Pattern.Basic	String.Slice.Pattern.Model.IsLongestMatch.rec	true
Init.Data.String.Basic	String.Pos.Raw.isValidForSlice_eq_false_iff	true
Init.Prelude	String.toRawSubstring'	false
Init.Data.String.Termination	String.Pos.Down	false
Init.Data.String.Lemmas.Iterate	String.Slice.Model.positionsFrom_endPos	true
Init.Data.String.TakeDrop	String.Pos.revSkipWhile	true
Init.Data.String.Search	String.split	true
Init.Data.String.Subslice	String.Slice.endExclusive_toSubslice	false
Init.Data.String.Iterator	String.iter	false
Init.Data.String.PosRaw	String.Pos.Raw.unoffsetBy_lt_unoffsetBy_of_le_of_lt	false
Init.Data.String.Basic	String.Slice.Pos.ofSliceTo_startPos	false
Init.Data.String.Lemmas.Pattern.TakeDrop.Basic	String.Slice.Pos.revSkip?_cast	true
Init.Data.String.Lemmas.IsEmpty	String.Slice.isEmpty_sliceTo	false
Init.Data.Char.Basic	Char.instDecidableLt	false
Init.Data.String.Search	String.foldrAux	true
Init.Data.String.Pattern.Basic	String.Slice.Pattern.ToBackwardSearcher.noConfusion	false
Init.Data.String.Lemmas.Pattern.TakeDrop.String	String.skipPrefix?_slice_of_isEmpty	true
Init.Data.String.Lemmas.Pattern.Pred	String.Slice.Pattern.Model.CharPred.isLongestRevMatchAtChain_startPos_endPos_iff_toList	true
Init.Data.String.Basic	String.Pos.Raw.next'	true
Init.Data.String.Lemmas.Order	String.Pos.lt_ofSliceTo_iff	true
Init.Data.String.Lemmas.Order	String.Slice.Pos.sliceTo_le_iff	false
Init.Data.String.Lemmas.Pattern.Find.Pred	String.Pos.find?_bool_eq_none_iff	true
Init.Data.String.Decode	ByteArray.utf8DecodeChar?.assemble₂.fun_cases_unfolding	false
Init.Data.String.Lemmas.Pattern.TakeDrop.Basic	String.Slice.startsWith_eq_forwardPatternStartsWith	false
Init.Data.String.Lemmas.Pattern.TakeDrop.Basic	String.Slice.Pos.skipWhile_cast	true
Init.Data.String.Lemmas.Pattern.Pred	String.Slice.takeEndWhile_prop_eq_takeEndWhile_decide	true
Init.Data.String.Basic	String.utf8ByteSize_toSlice	true
Init.Data.ByteArray.Basic	ByteArray.Iterator.atEnd	false
Init.Data.String.Decode	ByteArray.utf8DecodeChar?.FirstByte.done.elim	false
Init.Data.String.Pattern.Basic	String.Slice.Pattern.Internal.memcmpStr	false
Init.Data.String.Lemmas.Pattern.TakeDrop.Basic	String.Slice.Pos.skip?_congr	true
Init.Data.String.Lemmas.Splits	String.Slice.Pos.Splits.copy	true
Init.Data.String.Basic	String.Pos.Raw.utf8SetAux.eq_1	false
Init.Data.String.Lemmas.Pattern.TakeDrop.Pred	String.apply_eq_true_of_skipSuffixWhile_le_bool	true
Init.Data.String.Lemmas.Pattern.Pred	String.Slice.takeWhile_prop_eq_takeWhile_decide	true
Init.Data.String.Lemmas.Pattern.Basic	String.Slice.Pattern.Model.IsValidSearchFrom.mismatched	true
Init.Data.String.Pattern.Basic	String.Slice.Pattern.LawfulBackwardPattern.casesOn	false
Init.Data.String.Lemmas.StringOrder	String.le_refl	true
Init.Data.String.Lemmas.Pattern.TakeDrop.Basic	String.startsWith_dropWhile	true
Init.Data.String.Lemmas.Order	String.Pos.lt_endPos_iff	true
Init.Data.String.Lemmas.Pattern.Memcmp	String.Slice.Pattern.Internal.memcmpSlice_eq_true_iff	true
Init.Data.String.Basic	String.Slice.Pos.ofReplaceEnd	false
Init.Data.String.Lemmas.Pattern.TakeDrop.Basic	String.Slice.takeWhile_congr	true
Init.Data.String.Lemmas.Pattern.TakeDrop.String	String.startsWith_slice_iff	true
Init.Data.String.Defs	String.exists_eq_asString	false
Init.Data.String.Slice	String.Slice.instOrd	true
Init.Data.String.Lemmas.Basic	String.Slice.Pos.copy_inj	true
Init.Data.String.Decode	ByteArray.utf8DecodeChar?	true
Init.Data.String.Slice	String.Slice.RevSplitIterator.atEnd.sizeOf_spec	false
Init.Data.String.Basic	String.Slice.Pos.ofSliceFrom_sliceFrom	false
Init.Data.String.Decode	ByteArray.utf8DecodeChar?.assemble₂Unchecked.eq_1	false
Init.Data.String.Lemmas.Pattern.String.Basic	String.Slice.Pattern.Model.ForwardStringSearcher.matchesAt_iff_matchesAt_toSlice	true
Init.Data.String.Lemmas.Pattern.TakeDrop.Pred	String.startsWith_prop_eq_head?	true
Init.Data.String.Lemmas.Pattern.Basic	String.Slice.Pattern.Model.StrictPatternModel.rec	false
Init.Data.String.Iterator	String.Legacy.instSizeOfIterator	false
Init.Data.String.Lemmas.Splits	String.Slice.copy_sliceFrom_cast	true
Init.Data.String.Iterator	String.Legacy.Iterator.ctorIdx	false
Init.Data.String.Slice	String.Slice.SplitInclusiveIterator.noConfusion	false
Init.Data.String.Lemmas.Pattern.TakeDrop.String	String.Slice.startsWith_slice_of_isEmpty	true
Init.Data.String.Basic	String.Pos.offset_toSlice	true
Init.Data.ByteArray.Basic	ByteArray.forInUnsafe.loop	false
Init.Data.String.Search	String.Slice.Pos.find?	false
Init.Data.String.Lemmas.Pattern.Split.Pred	String.toList_split_bool	true
Init.Data.String.Lemmas.Splits	String.Slice.Pos.Splits.rotateLeft.congr_simp	true
Init.Data.String.Basic	String.Pos.Raw.utf8PrevAux.eq_1	false
Init.Data.String.Lemmas.Order	String.Slice.Pos.ofSlice_le_iff	true
Init.Data.String.Iterate	String.Slice.RevByteIterator.noConfusionType	false
Init.Data.String.Pattern.Basic	String.Slice.Pattern.instInhabitedSearchStep.default	false
Init.Data.String.Lemmas.Pattern.String.Basic	String.Slice.Pattern.Model.ForwardSliceSearcher.isLongestRevMatch_iff_splits	true
Init.Data.String.Lemmas.Order	String.Pos.ofSliceTo_lt_iff	true
Init.Data.String.Termination	String.Pos.ne_endPos_of_next?_eq_some	true
Init.Data.String.Bootstrap	String.singleton	false
Init.Data.String.Lemmas.Pattern.TakeDrop.Basic	String.Slice.isEmpty_takeWhile	true
Init.Data.String.Lemmas.Slice	String.Pos.get?_eq_none	true
Init.Data.String.PosRaw	String.Pos.Raw.ext	false
Init.Data.String.Basic	String.copy_toSlice	true
Init.Data.String.Slice	String.Slice.SplitIterator.PlausibleStep.recOn	false
Init.Data.String.Lemmas.Pattern.Basic	String.Slice.Pattern.Model.NoSuffixPatternModel.mk	false
Init.Data.Char.Lemmas	Char.ofNat.eq_1	false
Init.Data.String.Lemmas.FindPos	String.Slice.Pos.prev_ne_endPos	true
Init.Data.String.Decode	ByteArray.utf8DecodeChar?.assemble₂Unchecked	false
Init.Data.String.Lemmas.Pattern.TakeDrop.Char	String.Slice.skipPrefix?_char_eq_some_iff	true
Init.Data.ByteArray.Basic	ByteArray.Iterator.curr'	false
Init.Data.String.Lemmas.Splits	String.Slice.Pos.Splits.toByteArray_eq_right	true
Init.Data.String.Lemmas.Pattern.TakeDrop.Basic	String.Slice.Pattern.Model.not_matchesAt_skipPrefixWhile	true
Init.Data.String.Lemmas.Pattern.Char	String.Slice.Pattern.Model.Char.not_revMatchesAt_of_get_ne	true
Init.Data.String.Defs	String.Pos.Raw.isValidForSlice_of_eq_rawEndPos	false
Init.Data.String.Iterator	String.Legacy.Iterator.prev	true
Init.Data.String.Slice	String.Slice.take	true
Init.Data.String.Defs	String.Pos.Raw.isValidForSlice_rawEndPos	false
Init.Data.String.Basic	String.Pos.get_eq_get_toSlice	true
Init.Data.String.PosRaw	String.instDecidableLtRaw	false
Init.Data.String.PosRaw	String.Pos.Raw.increaseBy	false
Init.Data.String.Basic	String.endPos_toSlice	true
Init.Data.String.Iterate	String.Internal.foldlImpl	true
Init.Data.String.Length	String.length_data	true
Init.Data.String.Lemmas.Pattern.String.Basic	String.Slice.Pattern.Model.ForwardStringSearcher.isLongestMatchAtChain_iff	true
Init.Data.String.Pattern.Basic	String.Slice.Pattern.ToBackwardSearcher.DefaultBackwardSearcher.iter	false
Init.Data.Char.Lemmas	Char.lt_trans	false
Init.Data.String.Lemmas.Pattern.Basic	String.Slice.Pattern.Model.IsLongestMatchAt.ne	true
Init.Data.String.Iterate	String.Slice.RevByteIterator.s	false
Init.Data.String.Lemmas.Pattern.TakeDrop.String	String.startsWith_string_eq_false_iff	true
Init.Data.String.Lemmas.Order	String.Slice.Pos.le_startPos	true
Init.Data.String.Basic	String.pos!	true
Init.Data.String.Defs	String.Slice.recOn	false
Init.Data.String.Slice	String.Slice.toString_eq	true
Init.Data.String.Lemmas.Pattern.TakeDrop.Pred	String.Slice.Pos.apply_revSkipWhile_bool_eq_false	true
Init.Data.String.Basic	String.pos	true
Init.Data.String.TakeDrop	String.dropWhile	true
Init.Data.String.TakeDrop	String.takeRight	true
Init.Data.String.Slice	String.Slice.revAll	false
Init.Data.String.Pattern.String	String.Slice.Pattern.ForwardSliceSearcher.emptyBefore.elim	false
Init.Data.Range.Polymorphic.Char	Char.instHasSize_2	true
Init.Data.String.Basic	String.slice.eq_1	true
Init.Data.String.Pattern.String	String.Slice.Pattern.BackwardSliceSearcher.instBackwardPattern	true
Init.Data.ByteArray.Lemmas	ByteArray.getElem!_set!_self	false
Init.Data.String.Lemmas.Order	String.Slice.Pos.ofSliceTo_lt_ofSliceTo_iff	false
Init.Data.String.Lemmas.Pattern.Pred	String.Slice.Pattern.Model.CharPred.Decidable.instLawfulToBackwardSearcherModelForallCharPropDefaultBackwardSearcherForallBoolDecide	true
Init.Data.String.Lemmas.Pattern.Pred	String.Slice.Pattern.Model.CharPred.Decidable.revMatchesAt_iff	true
Init.Data.ByteArray.Lemmas	ByteArray.append_inj_left	false
Init.Data.String.Basic	String.Pos.ofToSlice_next_toSlice	true
Init.Data.String.Lemmas.Slice	String.Slice.beq_list_eq_false_iff	true
Init.Data.String.Basic	String.Slice.copy	true
Init.Data.String.Lemmas.Pattern.TakeDrop.String	String.startsWith_slice_eq_false_iff	true
Init.Data.String.Lemmas.Splits	String.splits_prevn_endPos	true
Init.Data.String.Lemmas.Pattern.Pred	String.Slice.Pattern.Model.CharPred.Decidable.revMatchAt?_eq	true
Init.Data.String.Lemmas.Pattern.Basic	String.Slice.Pattern.Model.LawfulToForwardSearcherModel.isValidSearchFrom_toList	true
Init.Data.String.Basic	String.Slice.Pos.cast_eq_startPos	true
Init.Data.String.Pattern.String	String.Slice.Pattern.ForwardSliceSearcher.ctorElimType	false
Init.Data.String.Defs	String.Slice.mk.injEq	false
Init.Data.String.Defs	String.intercalate	false
Init.Data.String.Defs	String.endPos	true
Init.Data.String.Lemmas.Pattern.TakeDrop.Basic	String.Slice.copy_dropPrefix?_copy	true
Init.Data.Range.Polymorphic.Char	Char.instLawfulHasSize_1	true
Init.Data.String.Lemmas.Pattern.TakeDrop.Basic	String.Slice.Pattern.Model.Pos.skip?_eq_none_iff	true
Init.Data.String.Lemmas.Iterate	String.Slice.Model.map_get_positionsFrom_of_splits	true
Init.Data.String.Pattern.Char	String.Slice.Pattern.Char.instLawfulForwardPatternChar	true
Init.Data.String.Decode	ByteArray.utf8DecodeChar?.FirstByte.invalid.elim	false
Init.Data.ByteArray.Lemmas	ByteArray.extract_add_two	true
Init.Data.String.OrderInstances	String.Pos.instTransLe	false
Init.Data.ByteArray.Lemmas	ByteArray.emptyWithCapacity_eq_empty	false
Init.Data.String.Basic	String.Pos.offset_sliceFrom	true
Init.Data.String.Basic	String.Slice.Pos.prevAux_lt_rawEndPos	true
Init.Data.String.Bootstrap	Char.toString	false
Init.Data.String.Basic	String.Slice.str_sliceFrom	false
Init.SizeOfLemmas	Char.toNat.eq_1	false
Init.Data.String.ToSlice	String.ToSlice	false
Init.Data.String.Defs	String.utf8ByteSize_append	false
Init.Data.String.Lemmas.Iterate	String.Model.map_get_positionsFrom_startPos	true
Init.Data.String.Lemmas.Pattern.Pred	String.Slice.skipSuffix?_prop_eq_skipSuffix?_decide	true
Init.Data.String.Iterate	String.Slice.PosIterator.mk.injEq	false
Init.Data.String.Lemmas.FindPos	String.offset_posLE_eq_self_iff	true
Init.Data.String.Lemmas.Pattern.TakeDrop.Basic	String.endsWith_dropEndWhile	true
Init.Data.String.Basic	String.utf8ByteSize_singleton	true
Init.Data.String.Modify	String.Pos.Raw.isValid_add_char_set	true
Init.Data.String.Slice	String.Slice.SplitInclusiveIterator	false
Init.Data.String.Lemmas.Splits	String.Pos.Splits.rotateLeft	true
Init.Data.String.Lemmas.FindPos	String.Slice.Pos.prev_next	true
Init.Data.String.Lemmas.Pattern.Basic	String.Slice.Pattern.Model.PatternModel.Matches	false
Init.Data.String.Lemmas.Pattern.String.Basic	String.Slice.Pattern.Model.ForwardStringSearcher.toSearcher_eq	true
Init.Data.String.Lemmas.Pattern.Basic	String.Slice.Pattern.Model.PatternModel.rec	false
Init.Data.String.Lemmas.FindPos	String.posGE_le_iff	true
Init.Data.String.Defs	String.instDecidableLePos_1	false
Init.Data.String.Length	String.length_toList	true
Init.Data.String.TakeDrop	String.skipSuffix?	true
Init.Data.String.Lemmas.Pattern.Basic	String.Slice.Pattern.Model.isLongestRevMatchAtChain_of_ofSliceFrom	true
Init.Data.String.Basic	String.Slice.Pos.ofSlice_le_ofSlice_iff	false
Init.Data.String.Lemmas.Pattern.Find.Pred	String.Slice.contains_prop_eq	true
Init.Data.String.Slice	String.Slice.beq	false
Init.Data.String.Lemmas.Pattern.TakeDrop.Basic	String.startsWith_toSlice	true
Init.Data.String.Lemmas.Pattern.TakeDrop.String	String.Slice.dropPrefix?_string_empty	true
Init.Data.String.Termination	String.Slice.Pos.down	false
Init.Data.ByteArray.Basic	ByteArray.Iterator.next'	false
Init.Data.String.Lemmas.Basic	String.Slice.toByteArray_copy_slice	true
Init.Data.String.Lemmas.Pattern.Find.String	String.Slice.contains_string_iff	true
Init.Data.String.Decode	ByteArray.utf8DecodeChar?.assemble₄Unchecked.eq_1	false
Init.Data.String.Lemmas.Pattern.Char	String.Slice.skipPrefix?_char_eq_skipPrefix?_beq	true
Init.Data.String.Basic	List.utf8Decode?_utf8Encode	true
Init.Data.String.Decode	ByteArray.validateUTF8At	false
Init.Data.String.TakeDrop	String.Slice.trimRight	true
Init.Data.String.Lemmas.Pattern.TakeDrop.Basic	String.Slice.Pattern.Model.Pos.le_skipWhile_of_isLongestMatchAtChain	true
Init.Data.String.Basic	String.Slice.Pos.toReplaceStart	false
Init.Data.String.Iterate	String.Slice.RevByteIterator	false
Init.Data.String.Basic	String.Pos.cast	false
Init.Data.String.Basic	ByteArray.utf8Decode?.go.eq_1	true
Init.Data.String.Lemmas.Splits	String.Slice.splits_startPos	true
Init.Data.String.Subslice	String.Slice.subslice!_eq_subslice	false
Init.Data.String.Lemmas.Iterate	String.Slice.foldr_eq_foldr_toList	true
Init.Data.String.Lemmas.Pattern.TakeDrop.Basic	String.Slice.dropEndWhile_eq_sliceTo_skipSuffixWhile	false
Init.Data.String.Basic	String.Slice.Pos.lt_next	true
Init.Data.ByteArray.Basic	ByteArray.set.match_1	false
Init.Data.String.Iterate	String.Slice.RevPosIterator.noConfusion	false
Init.Data.String.Lemmas.Basic	String.Pos.nextn_add_one	true
Init.Data.String.Decode	String.utf8EncodeChar_eq_singleton	true
Init.Data.String.Basic	String.slice_eq_slice!	true
Init.Data.String.Iterate	String.Slice.RevPosIterator.instIteratorSubtypePosNeEndPosOfPure.match_3	false
Init.Data.String.Lemmas.Pattern.TakeDrop.String	String.Slice.endsWith_slice_of_isEmpty	true
Init.Data.String.Lemmas.Pattern.Basic	String.Slice.Pattern.Model.NoSuffixPatternModel	false
Init.Data.String.TakeDrop	String.dropPrefix?	true
Init.Data.String.TakeDrop	String.Slice.takeRight	true
Init.Data.String.Lemmas.Pattern.Basic	String.Slice.Pattern.Model.NoPrefixPatternModel.eq_empty	false
Init.Data.String.Basic	String.getUTF8Byte.congr_simp	false
Init.Data.String.TakeDrop	String.takeWhile	true
Init.Data.String.Lemmas.Pattern.TakeDrop.Pred	String.Slice.eq_append_of_dropPrefix?_bool_eq_some	true
Init.Data.String.Lemmas.Basic	String.getUTF8Byte_toSlice	true
Init.Data.String.Lemmas.Basic	String.Slice.sliceFrom_sliceFrom	true
Init.Data.String.Lemmas.Pattern.String.ForwardPattern	String.Slice.dropSuffix?_string_eq_dropSuffix?_toSlice	true
Init.Data.String.Termination	String.Slice.Pos.lt_next_next	true
Init.Data.String.Basic	String.data_injective	true
Init.Data.String.Lemmas.Pattern.TakeDrop.Basic	String.Slice.takeWhile_takeWhile	true
Init.Data.Char.Ordinal	Char.succ?_eq	true
Init.Data.String.Lemmas.Iterate	String.Model.mem_positionsFrom_startPos	true
Init.Data.String.Basic	String.utf8GetAux	false
Init.Data.Char.Lemmas	Char.toNat_inj	false
Init.Data.String.Lemmas.Splits	String.Slice.Pos.splits	true
Init.Data.String.Defs	String.Slice.mk.sizeOf_spec	false
Init.Data.String.Basic	String.Pos.Raw.prev	true
Init.Data.String.Lemmas.Pattern.Basic	String.Slice.Pattern.Model.isLongestMatchAt_cast_iff	true
Init.Data.String.Lemmas.Pattern.TakeDrop.Basic	String.Slice.Pattern.Model.startsWith_eq_false_iff	true
Init.Data.String.Lemmas.Pattern.Basic	String.Slice.Pattern.Model.StrictPatternModel.recOn	false
Init.Data.String.Lemmas.Order	String.Slice.Pos.lt_ofSlice_iff	true
Init.Data.String.Lemmas.Pattern.String.ForwardPattern	String.Slice.skipSuffixWhile_string_eq_skipSuffixWhile_toSlice	true
Init.Data.String.TakeDrop	String.skipPrefix?	true
Init.Data.String.Decode	ByteArray.utf8DecodeChar?.assemble₃Unchecked	false
Init.Data.String.Defs	String.toByteArray_ofList	false
Init.Data.String.Lemmas.Basic	String.slice_eq_toSlice_iff	true
Init.Data.String.Pattern.Basic	String.Slice.Pattern.ToForwardSearcher.casesOn	false
Init.Data.String.Lemmas.Pattern.Basic	String.Slice.Pattern.Model.LawfulToForwardSearcherModel.mk	true
Init.Data.String.Lemmas.Pattern.Pred	String.Slice.dropPrefix_prop_eq_dropPrefix_decide	true
Init.Data.String.Lemmas.Pattern.Basic	String.Slice.Pattern.Model.IsLongestRevMatchAtChain.nil	true
Init.Data.String.Basic	String.Pos.offset_add_slice	true
Init.Data.String.Lemmas.Pattern.TakeDrop.String	String.Slice.skipSuffix?_slice_eq_some_iff	true
Init.Data.String.Lemmas.Pattern.Basic	String.Slice.Pattern.Model.matchesAt_iff_exists_isMatch	true
Init.Data.String.Basic	String.Pos.lt_ofToSlice_iff	true
Init.Data.String.Decode	ByteArray.utf8DecodeChar?.assemble₄.eq_1	false
Init.Data.String.Basic	ByteArray.validateUTF8	true
Init.Data.String.Lemmas.Pattern.TakeDrop.Char	String.startsWith_char_eq_false_iff_get	true
Init.Data.String.Basic	String.Pos.Raw.isValidForSlice.eq_def	false
Init.Data.String.Decode	ByteArray.utf8DecodeChar?.FirstByte.rec	false
Init.Data.String.FindPos	String.Slice.findNextPos	true
Init.Data.String.Lemmas.Pattern.String.Basic	String.Slice.Pattern.Model.ForwardStringSearcher.isLongestRevMatchAt_iff_extract	true
Init.Data.String.Lemmas.Pattern.Find.Char	String.Slice.find?_char_eq_some_iff	true
Init.Data.String.Basic	String.Pos.ofSliceTo_lt_ofSliceTo_iff	true
Init.Data.String.Lemmas.Pattern.String.Basic	String.Slice.Pattern.Model.ForwardStringSearcher.isLongestMatch_iff	true
Init.Data.String.Lemmas.FindPos	String.Pos.prev?_toSlice	true
Init.Data.String.OrderInstances	String.Pos.Raw.instTransLe	false
Init.Data.String.Basic	String.Pos.Raw.isValidUTF8_extract_iff	true
Init.Data.Char.Basic	Char.isValidChar_zero	false
Init.Data.String.Lemmas.Splits	String.Pos.splits_empty_left_iff	true
Init.Data.String.Lemmas.Pattern.Pred	String.Slice.Pattern.Model.CharPred.isLongestRevMatchAtChain_iff_toList	true
Init.Data.String.Lemmas.Slice	String.Slice.front_eq	true
Init.Data.String.Lemmas.Pattern.TakeDrop.Basic	String.Slice.Pattern.Model.Pos.isLongestMatchAtChain_skipWhile	true
Init.Prelude	String.Pos.Raw.rec	false
Init.Data.String.Basic	String.Slice.Pos.byte.eq_1	false
Init.Data.String.Lemmas.Order	String.Pos.not_endPos_lt	true
Init.Data.String.Lemmas.FindPos	String.Slice.offset_posLE_eq_self_iff	true
Init.Data.String.Lemmas.Iterate	String.Slice.Model.positionsFrom	true
Init.Data.String.Pattern.Basic	String.Slice.Pattern.BackwardPattern.recOn	false
Init.Data.String.Lemmas.Pattern.Char	String.Slice.Pattern.Model.Char.toSearcher_eq	true
Init.Data.String.Basic	String.Pos.sliceOrPanic	true
Init.Data.String.Basic	String.Pos.le_ofSlice	true
Init.Data.String.Subslice	String.Slice.Subslice.copy_eq	true
Init.Data.String.Basic	String.Pos.ofToSlice_inj	true
Init.Data.String.Lemmas.Splits	String.Slice.splits_endPos	true
Init.Data.String.Basic	String.Pos.Raw.isValid_iff_isSome_utf8DecodeChar?	true
Init.Data.String.Defs	String.Pos.mk.sizeOf_spec	false
Init.Data.String.Lemmas.FindPos	String.posLE_toSlice	true
Init.Data.String.Lemmas.Pattern.Basic	String.Slice.Pattern.Model.LawfulToBackwardSearcherModel.recOn	true
Init.Data.String.Basic	ByteArray.validateUTF8.go.match_1	false
Init.Data.String.Lemmas.Pattern.String.Basic	String.Slice.Pattern.Model.ForwardStringSearcher.isLongestRevMatch_iff_isLongestRevMatch_toSlice	true
Init.Data.String.Lemmas.FindPos	String.Slice.posLT_eq_posLE	true
Init.Data.String.Iterate	String.Slice.bytes	false
Init.Data.String.Iterator	String.Legacy.Iterator.remainingToString	true
Init.Data.String.Basic	String.Pos.Raw.prev_lt_of_pos	true
Init.Data.String.Basic	String.toList_append	true
Init.Data.String.Lemmas.IsEmpty	String.isEmpty_eq_false_iff	false
Init.Data.String.Pattern.String	String.Slice.Pattern.ForwardSliceSearcher.emptyAt.sizeOf_spec	false
Init.Data.String.Lemmas.Iterate	String.toList_positions	true
Init.Data.String.Basic	String.Slice.Pos.sliceFrom_ofSliceFrom	false
Init.Data.String.Basic	String.data_inj	true
Init.Data.String.Lemmas.Slice	String.Slice.Pos.get?_eq_dif	true
Init.Data.String.Lemmas.Pattern.TakeDrop.Char	String.Slice.endsWith_char_eq_false_iff_forall_append	true
Init.Data.String.Defs	String.Slice.str	false
Init.Data.String.Basic	String.Pos.cast_le_iff	false
Init.Data.String.Lemmas.FindPos	String.Slice.Pos.prev?.eq_1	true
Init.Data.String.Lemmas.Pattern.Find.Basic	String.Slice.find?_eq_none_iff	true
Init.Data.String.Lemmas.Pattern.Basic	String.Slice.Pattern.Model.LawfulToForwardSearcherModel.defaultImplementation	true
Init.Data.String.Search	String.contains	true
Init.Data.String.Lemmas.Pattern.String.Basic	String.Slice.Pattern.Model.ForwardStringSearcher.isLongestMatchAt_iff_splits	true
Init.Data.String.Lemmas.FindPos	String.Slice.pos_eq_posLE	true
Init.Data.String.Basic	String.Pos.sliceFrom	true
Init.Data.Repr	Char.repr	false
Init.Data.String.Lemmas.Pattern.Find.Char	String.Pos.find?_char_eq_find?_beq	true
Init.Data.String.Lemmas.Order	String.Pos.ofSlice_lt_iff	true
Init.Data.String.Lemmas.Pattern.Basic	String.Slice.Pattern.Model.LawfulBackwardPatternModel.skipSuffix?_eq_none_iff	true
Init.Data.String.Lemmas.Splits	String.Pos.Splits.toByteArray_eq_left	true
Init.Data.String.Pattern.String	String.Slice.Pattern.ForwardSliceSearcher.instToForwardSearcher	false
Init.Data.String.Lemmas.Pattern.Pred	String.Slice.Pattern.Model.CharPred.Decidable.isRevMatch_iff_isRevMatch_decide	true
Init.Data.Char.Ordinal	Char.succ?.fun_cases_unfolding	true
Init.Data.String.Lemmas.FindPos	String.Slice.posLT_lt_iff	true
Init.Data.String.Termination	String.Pos.lt_next_next	true
Init.Data.String.Iterate	String.Slice.PosIterator.recOn	false
Init.Data.String.Lemmas.Pattern.TakeDrop.String	String.skipPrefix?_string_eq_some_iff	true
Init.Data.String.Lemmas.Pattern.Basic	String.Slice.Pattern.Model.IsLongestRevMatchAtChain.below	true
Init.Data.String.Lemmas.Pattern.Basic	String.Slice.Pattern.Model.IsValidSearchFrom.below.endPos	true
Init.Data.String.Lemmas.Pattern.Find.Char	String.Slice.Pos.find?_char_eq_some_iff_splits	true
Init.Data.String.Lemmas.Pattern.TakeDrop.Pred	String.Slice.endsWith_bool_eq_false_iff_get	true
Init.Data.String.Subslice	String.Slice.startInclusive_subslice	false
Init.Data.String.Lemmas.Slice	String.Slice.Pos.get?_eq_none_iff	true
Init.Data.String.Basic	String.Pos.lt_of_lt_of_le	false
Init.Data.String.Lemmas.Pattern.Char	String.Slice.dropSuffix?_char_eq_dropSuffix?_beq	true
Init.Data.Char.Lemmas	Char.eq_of_val_eq	false
Init.Data.String.Basic	String.Slice.slice.congr_simp	false
Init.Data.String.Pattern.Basic	String.Slice.Pattern.ForwardPattern.ctorIdx	false
Init.Data.String.Defs	String.startValidPos	false
Init.Data.String.Lemmas.Pattern.Pred	String.Slice.endsWith_prop_eq_endsWith_decide	true
Init.Data.String.Pattern.String	String.Slice.Pattern.ForwardSliceSearcher.casesOn	false
Init.Data.String.Basic	ByteArray.utf8Decode?.go.match_1	false
Init.Data.String.Iterate	String.Slice.instInhabitedPosIterator	false
Init.Data.String.Basic	String.copy_comp_toSlice	true
Init.Data.ByteArray.Basic	ByteArray.uget.match_1	false
Init.Data.String.Lemmas.Splits	String.Pos.Splits.pos_eq_of_eq_right	false
Init.Data.String.Lemmas.Pattern.TakeDrop.Char	String.Slice.Pos.revSkip?_char_eq_none_iff	true
Init.Data.String.PosRaw	String.Pos.Raw.add_eq	false
Init.Data.String.Subslice	String.Slice.Subslice.instCoeOut	false
Init.Data.ByteArray.Lemmas	ByteArray.extract_append_size_add	true
Init.Data.String.Basic	String.Internal.toArray	true
Init.Data.String.PosRaw	String.Pos.Raw.lt_inc_iff	false
Init.Data.String.Lemmas.Pattern.Char	String.Slice.Pos.skip?_char_eq_skip?_beq	true
Init.Data.String.PosRaw	String.Pos.Raw.lt_of_lt_of_le	false
Init.Data.String.Lemmas.Pattern.TakeDrop.Basic	String.Slice.isEmpty_dropWhile	true
Init.Data.String.Lemmas.Pattern.TakeDrop.Basic	String.takeEndWhile_eq_takeEndWhile_toSlice	true
Init.Data.String.Lemmas.Search	String.front?_toSlice	true
Init.Data.String.Lemmas.Order	String.Pos.le_next	true
Init.Data.String.Lemmas.Splits	String.Pos.splits_next	true
Init.Data.String.Lemmas.Pattern.String.Basic	String.Slice.Pattern.Model.ForwardSliceSearcher.instNoSuffixPatternModel	true
Init.Data.String.Decode	ByteArray.utf8Size_utf8DecodeChar	true
Init.Data.String.Pattern.String	String.Slice.Pattern.ForwardSliceSearcher.emptyBefore.injEq	false
Init.Data.String.Lemmas.Pattern.Char	String.Slice.Pattern.Model.Char.matchesAt_iff_splits	true
Init.Data.String.Defs	String.Slice.utf8ByteSize_eq	false
Init.Data.String.Iterate	String.Slice.RevPosIterator	false
Init.Data.String.Lemmas.Splits	String.Pos.Splits.of_next	true
Init.Data.String.PosRaw	String.Pos.Raw.pos_iff_ne_zero	false
Init.Data.String.Lemmas.Pattern.Basic	String.Slice.Pattern.Model.IsLongestMatchAt.casesOn	true
Init.Data.String.Lemmas.Basic	String.empty_ne_singleton	true
Init.Data.Char.Lemmas	Char.le_refl	false
Init.Data.String.Length	String.length_ofList	true
Init.Data.String.PosRaw	String.Pos.Raw.byteIdx_string_add	false
Init.Data.String.Lemmas.Order	String.Pos.ofSliceTo_ne_endPos	true
Init.Data.String.Lemmas.Basic	String.Slice.sliceTo_sliceFrom	true
Init.Data.String.Bootstrap	String.Internal.drop	false
Init.Data.String.Defs	String.toUTF8_eq_toByteArray	false
Init.Data.String.Iterate	String.Slice.ByteIterator.instIteratorLoopUInt8OfMonad	true
Init.Data.String.Lemmas.Pattern.Find.Char	String.find?_char_eq_some_iff	true
Init.Data.String.Basic	String.Slice.Pos.sliceFrom.congr_simp	false
Init.Data.String.Slice	String.Slice.RevSplitIterator.operating.elim	false
Init.Data.String.Pattern.Basic	String.Slice.Pattern.ToForwardSearcher.instInhabitedDefaultForwardSearcher	false
Init.Data.String.Pattern.Basic	String.Slice.Pattern.SearchStep.noConfusion	false
Init.Data.String.Iterate	String.Slice.PosIterator.instIteratorSubtypePosNeEndPosOfPure.match_3	false
Init.Data.String.Lemmas.Modify	String.map_eq_internal	true
Init.Data.String.Lemmas.Pattern.TakeDrop.Pred	String.endsWith_bool_iff_get	true
Init.Data.String.Lemmas.Pattern.String.ForwardSearcher	String.Slice.contains_string_eq_contains_toSlice	true
Init.Data.String.Lemmas.Pattern.TakeDrop.Pred	String.startsWith_bool_eq_head?	true
Init.Data.String.Pattern.Basic	String.Slice.Pattern.ToBackwardSearcher.defaultImplementation	false
Init.Data.String.Lemmas.Pattern.Basic	String.Slice.Pattern.Model.matchesAt_iff_matchesAt_ofSliceFrom	true
Init.Data.String.OrderInstances	String.Internal.tacticOrder	false
Init.Data.String.Iterate	String.Slice.positionsFrom	false
Init.Data.String.Defs	String.Pos.Raw.IsValidForSlice.recOn	false
Init.Data.String.Defs	String.utf8ByteSize_eq_zero_iff	false
Init.Data.String.Defs	String.offset_endPos	true
Init.Data.ByteArray.Bootstrap	ByteArray.data_push	false
Init.Data.String.Lemmas.Order	String.Slice.Pos.next_eq_iff	true
Init.Data.String.Defs	String.Pos.Raw.isValid_rawEndPos	true
Init.Data.String.Decode	ByteArray.utf8DecodeChar?.verify₂	false
Init.Data.String.Defs	String.Pos.Raw.offsetBy_rawEndPos_right	false
Init.Data.String.Lemmas.Pattern.Pred	String.Slice.Pattern.Model.CharPred.Decidable.matchesAt_iff	true
Init.Data.String.Pattern.Basic	String.Slice.Pattern.SearchStep.matched.noConfusion	false
Init.Data.String.Basic	String.Slice.copy_eq_copy_sliceTo	true
Init.Data.String.Basic	String.Slice.Pos.next	true
Init.Data.String.Search	String.any	true
Init.Data.String.Lemmas.FindPos	String.Slice.posGE_eq_iff	true
Init.Data.String.Basic	String.Slice.Pos.cast.congr_simp	true
Init.Data.String.Lemmas.Pattern.Basic	String.Slice.Pattern.Model.IsLongestRevMatch.isLongestRevMatchAt_ofSliceTo	true
Init.Data.String.Lemmas.Splits	String.Slice.Pos.Splits.splits_rotateRight	true
Init.Data.String.Lemmas.Pattern.TakeDrop.Pred	String.Slice.Pos.revSkipWhile_prop_eq_self_iff_get	true
Init.Data.String.Lemmas.FindPos	String.Pos.ofSliceTo_prev	true
Init.Data.String.Lemmas.Intercalate	String.intercalate_cons_cons	false
Init.Data.String.Lemmas.Pattern.Basic	String.Slice.Pattern.Model.IsLongestRevMatchAtChain.le	true
Init.Data.String.Subslice	String.Slice.subsliceFrom	false
Init.Data.String.Lemmas.Pattern.Basic	String.Slice.Pattern.Model.LawfulToBackwardSearcherModel.rec	true
Init.Data.String.Defs	String.Pos.isValid	false
Init.Data.String.Lemmas.Pattern.String.Basic	String.Slice.Pattern.Model.ForwardStringSearcher.isLongestMatchAt_iff_extract	true
Init.Data.ByteArray.Basic	ByteArray.instGetElemNatUInt8LtSize	false
Init.Data.String.Lemmas.Pattern.TakeDrop.Pred	String.Slice.Pos.skip?_bool_eq_none_iff	true
Init.Data.String.Basic	String.Pos.slice	true
Init.Data.String.Lemmas.Pattern.Find.Pred	String.Slice.Pos.find?_prop_eq_some_iff_splits	true
Init.Data.String.Lemmas.Pattern.TakeDrop.Basic	String.dropEndWhile_eq_toSlice	true
Init.Data.String.Lemmas.Pattern.Basic	String.Slice.Pattern.Model.IsLongestMatch.le_of_isMatch	true
Init.Data.String.Lemmas.IsEmpty	String.isEmpty_toSlice	true
Init.Data.String.Basic	String.Slice.Pos.offset_le_offset_str	false
Init.Data.String.PosRaw	String.instHAddCharRaw	false
Init.Data.Char.Lemmas	Char.not_lt	false
Init.Data.String.Lemmas.Pattern.Char	String.Slice.Pattern.Model.Char.isLongestRevMatchAt_of_get_eq	true
Init.Prelude	Char.noConfusion	false
Init.Data.String.Lemmas.Pattern.TakeDrop.Char	String.Slice.endsWith_char_iff_exists_append	true
Init.Data.String.Defs	String.Pos.mk.injEq	false
Init.Data.String.Lemmas.Pattern.String.ForwardPattern	String.Slice.Pattern.Model.BackwardStringSearcher.instLawfulBackwardPatternModel	true
Init.Data.ByteArray.Basic	ByteArray.Iterator.mk.inj	false
Init.Data.String.Modify	String.remainingBytes_pastSet	true
Init.Data.String.Lemmas.Pattern.TakeDrop.String	String.skipPrefix?_string_empty	true
Init.SizeOfLemmas	Char.sizeOf	false
Init.Data.String.Lemmas.Basic	String.Slice.slice_startPos	true
Init.Data.String.Lemmas.Basic	String.sliceTo_endPos	true
Init.Data.String.Lemmas.Pattern.TakeDrop.String	String.startsWith_slice_of_isEmpty	true
Init.Data.String.Lemmas.Pattern.Find.String	String.contains_string_eq_internal	true
Init.Data.String.Iterator	String.Legacy.Iterator.forward	true
Init.Data.String.Lemmas.Pattern.TakeDrop.Pred	String.Pos.apply_of_lt_skipWhile_prop	true
Init.Data.String.Lemmas.Pattern.Pred	String.Slice.Pattern.Model.CharPred.Decidable.isLongestRevMatchAt_iff_isLongestRevMatchAt_decide	true
Init.Data.String.Slice	String.Slice.SplitIterator.rec	false
Init.Data.String.Basic	String.Pos.next?	true
Init.Data.String.Basic	String.Pos.Raw.isValidForSlice	false
Init.Data.String.Lemmas.Pattern.TakeDrop.Basic	String.Slice.Pattern.Model.not_matchesAt_or_isLongestMatchAt_skipPrefixWhile	true
Init.Data.ByteArray.Extra	ByteArray.toUInt64LE!	false
Init.Data.String.Lemmas.Search	String.back_eq	true
Init.Data.String.Hashable	String.instHashableRaw	false
Init.Data.String.Basic	String.Pos.slice_ofSlice	true
Init.Data.String.Lemmas.Pattern.TakeDrop.Basic	String.Slice.Pattern.Model.isLongestRevMatchAtChain_skipSuffixWhile	true
Init.Data.String.Bootstrap	String.Pos.Raw.Internal.min	false
Init.Data.String.Lemmas.Pattern.Basic	String.Slice.Pattern.Model.IsMatch.exists_isLongestMatch	true
Init.Data.String.Lemmas.Pattern.TakeDrop.Basic	String.Slice.dropWhile_copy	true
Init.Data.String.Basic	String.Pos.Raw.isValidForSlice_slice	false
Init.Data.String.Lemmas.StringOrder	String.not_lt	true
Init.Data.String.Lemmas.FindPos	String.pos_eq_posLE	true
Init.Data.String.Basic	String.utf8ByteSize_sliceTo	true
Init.Prelude	String.utf8ByteSize	false
Init.Data.String.Pattern.Basic	String.Slice.Pattern.LawfulBackwardPattern.rec	false
Init.Data.String.Termination	String.Pos.Down.noConfusionType	false
Init.Data.String.Lemmas.Pattern.TakeDrop.Basic	String.Slice.endsWith_dropEndWhile	true
Init.Data.String.Slice	String.Slice.SplitIterator.PlausibleStep.noConfusionType	false
Init.Data.String.Pattern.Basic	String.Slice.Pattern.StrictBackwardPattern.rec	false
Init.Data.String.Lemmas.Pattern.TakeDrop.Basic	String.Slice.Pattern.Model.Pos.isLongestRevMatchAtChain_revSkipWhile	true
Init.Data.String.Lemmas.Pattern.Char	String.Slice.all_char_eq_all_beq	true
Init.Data.String.Basic	String.Slice.Pos.cast_eq_endPos	true
Init.Data.String.Iterator	String.Iterator.hasNext	false
Init.Data.String.Lemmas.Order	String.Pos.get_eq_get_ofSlice	true
Init.Data.String.Lemmas.Pattern.TakeDrop.Basic	String.Slice.dropWhile_congr	true
Init.Data.Char.Lemmas	Char.le_total	false
Init.Data.String.Length	String.length_push	true
Init.Data.String.TakeDrop	String.nextWhile	true
Init.Data.String.Lemmas.Pattern.Basic	String.Slice.Pattern.Model.LawfulForwardPatternModel.skipPrefix?_eq_none_iff	true
Init.Data.String.Slice	String.Slice.replace	true
Init.Data.ByteArray.Extra	ByteArray.toUInt64BE!	false
Init.Data.String.Iterator	String.Legacy.Iterator.s	false
Init.Data.String.PosRaw	String.endPos_empty	false
Init.Data.ByteArray.Basic	ByteArray.instHashable	false
Init.Data.String.Pattern.Basic	String.Slice.Pattern.SearchStep.endPos_cast	true
Init.Data.String.Lemmas.Order	String.Slice.Pos.ne_startPos_of_slice_ne_startPos	true
Init.Data.String.Lemmas.Splits	String.Slice.Pos.Splits.nextn	true
Init.Data.String.Lemmas.Iterate	String.forIn_eq_forIn_toList	true
Init.Data.Char.Lemmas	Char.le_def	false
Init.Data.String.Lemmas.Pattern.Pred	String.Slice.Pattern.Model.CharPred.Decidable.not_matchesAt_of_get	true
Init.Data.String.Iterate	String.Slice.revPositionsFrom	false
Init.Prelude	Char.ofNat	false
Init.Data.String.Lemmas.Pattern.String.ForwardPattern	String.Slice.Pattern.BackwardSliceSearcher.skipSuffix?_of_isEmpty	true
Init.Data.ByteArray.Basic	ByteArray.set!.match_1	false
Init.Data.String.Lemmas.Pattern.TakeDrop.Pred	String.endsWith_prop_iff_get	true
Init.Data.String.Iterate	String.Slice.RevByteIterator.recOn	false
Init.Data.String.Lemmas.IsEmpty	String.Slice.isEmpty_eq	false
Init.Data.String.Lemmas.Splits	String.Slice.Pos.Splits.eq_append	true
Init.Data.String.Lemmas.Pattern.String.Basic	String.Slice.Pattern.Model.ForwardStringSearcher.isLongestMatchAt_iff	true
Init.Data.String.Iterate	String.Slice.RevByteIterator.instFiniteUInt8	false
Init.Data.String.Lemmas.Splits	String.Pos.Splits.le_iff_exists_eq_append	true
Init.Data.String.Iterate	String.Slice.RevByteIterator.instIteratorUInt8OfPure	false
Init.SizeOf	ByteArray.mk.sizeOf_spec	false
Init.Data.String.Basic	String.Pos.cast_startPos	false
Init.Data.ByteArray.Lemmas	ByteArray.size_empty	false
Init.Data.String.Lemmas.Pattern.TakeDrop.Basic	String.Slice.Pattern.Model.endsWith_iff	true
Init.Data.String.Lemmas.Order	String.Pos.lt_ofSliceFrom_iff	true
Init.Data.String.PosRaw	String.Pos.Raw.le_refl	false
Init.Data.String.Pattern.String	String.Slice.Pattern.ForwardSliceSearcher.recOn	false
Init.Data.ByteArray.Basic	ByteArray.instInhabited	false
Init.Data.String.Lemmas.Pattern.Basic	String.Slice.Pattern.Model.revMatchesAt_iff_revMatchesAt_ofSliceTo	true
Init.Data.String.Basic	String.Pos.Raw.isValid_append	true
Init.Data.String.Lemmas.Pattern.TakeDrop.Pred	String.all_bool_eq	true
Init.Data.String.Lemmas.Pattern.String.Basic	String.Slice.Pattern.Model.ForwardSliceSearcher.isLongestMatchAt_iff_extract	true
Init.Data.String.Subslice	String.Slice.Subslice.extendLeft_self	false
Init.Data.String.Basic	String.Pos.Raw.isValid_iff_exists_take_toList	true
Init.Data.String.Defs	String.ValidPos	false
Init.Data.String.Lemmas.Pattern.TakeDrop.String	String.Slice.eq_append_of_dropSuffix?_string_eq_some	true
Init.Data.Char.Basic	Char.toUpper	false
Init.Data.String.Pattern.Basic	String.Slice.Pattern.ToBackwardSearcher.mk.noConfusion	false
Init.Prelude	String.toByteArray	false
Init.Data.String.Lemmas.Pattern.TakeDrop.Basic	String.Slice.Pattern.Model.Pos.revSkipWhile_eq	true
Init.Data.String.Basic	String.Slice.Pos.ofSliceFrom_lt_ofSliceFrom_iff	false
Init.Data.String.Iterate	String.Slice.RevByteIterator.mk.inj	false
Init.Data.String.Defs	String.instDecidableLtPos	false
Init.Data.String.Basic	String.Slice.Pos.get_eq_utf8DecodeChar	true
Init.SizeOf	String.ofByteArray.congr_simp	false
Init.Data.String.Lemmas.Order	String.Slice.Pos.lt_sliceTo_iff	false
Init.Data.String.Lemmas.Basic	String.Slice.Pos.sliceTo_eq_endPos	false
Init.Data.String.Decode	ByteArray.utf8DecodeChar?.FirstByte.toCtorIdx	false
Init.Data.String.Lemmas.Pattern.Basic	String.Slice.Pattern.Model.isLongestRevMatchAt_iff_isLongestRevMatchAt_ofSliceTo	true
Init.Data.String.Lemmas.Pattern.TakeDrop.Pred	String.Pos.revSkip?_prop_eq_some_iff	true
Init.Data.String.Basic	String.Slice.Pos.str_lt_endExclusive	false
Init.Data.String.Basic	String.Pos.offset_ofSliceTo	true
Init.Data.String.Lemmas.Pattern.String.Basic	String.Slice.Pattern.Model.ForwardSliceSearcher.revMatchesAt_iff_splits	true
Init.Data.String.Basic	String.Pos.cast_endPos	true
Init.Data.String.OrderInstances	String.Pos.Raw.toInt_eq	false
Init.Data.String.Termination	String.Pos.ne_startPos_of_prev?_eq_some	true
Init.Data.String.Defs	String.toByteArray_append	false
Init.Data.String.Modify	String.remainingBytes_pastModify	true
Init.Data.String.Defs	String.append_right_inj	false
Init.Data.String.Iterate	String.Slice.foldr	true
Init.Data.String.PosRaw	String.Pos.Raw.le_iff	false
Init.Data.String.Subslice	String.Slice.Subslice.endExclusive_cast	true
Init.Data.String.Lemmas.Pattern.TakeDrop.Pred	String.Pos.revSkip?_bool_eq_some_iff	true
Init.Data.String.Lemmas.Pattern.String.ForwardPattern	String.Slice.skipSuffix?_string_eq_skipSuffix?_toSlice	true
Init.Data.String.Lemmas.Pattern.Pred	String.Slice.Pattern.Model.CharPred.Decidable.instLawfulBackwardPatternModelForallCharProp	true
Init.Data.String.Pattern.Basic	String.Slice.Pattern.StrictBackwardPattern.mk	false
Init.Data.String.Lemmas.Pattern.Basic	String.Slice.Pattern.Model.IsLongestRevMatchAt.ne	true
Init.Data.ByteArray.Lemmas	ByteArray.toByteArray_eq_empty	false
Init.Data.ByteArray.Basic	ByteArray.forInUnsafe	false
Init.Data.String.Lemmas.Splits	String.Slice.copy_sliceTo_eq_iff_exists_splits	true
Init.Data.String.Lemmas.FindPos	String.Slice.offset_posGE_eq_self_iff	true
Init.Data.String.Lemmas.Pattern.Basic	String.Slice.Pattern.Model.IsLongestMatchAt.eq	true
Init.Data.ByteArray.Lemmas	ByteArray.toList_data_append	false
Init.Data.String.Lemmas.Pattern.Find.Pred	String.contains_prop_eq	true
Init.Data.String.Termination	String.Pos.eq_next_of_next?_eq_some	true
Init.Data.String.Termination	String.Pos.Down.casesOn	false
Init.Data.String.Slice	String.Slice.instInhabitedRevSplitIterator	false
Init.Data.String.Termination	String.Pos.remainingBytes	true
Init.Data.String.Lemmas.Pattern.Char	String.Slice.Pattern.ForwardPattern.skipPrefix?_char_eq_skipPrefix?_beq	true
Init.Data.String.Lemmas.Pattern.TakeDrop.String	String.Slice.endsWith_string_empty	true
Init.Data.String.Lemmas.FindPos	String.Pos.prev_le	true
Init.Data.String.OrderInstances	String.Slice.Pos.instToIntCoOfNatIntHAddCastUtf8ByteSize	false
Init.Data.String.Lemmas.Basic	String.sliceFrom_sliceTo	true
Init.Data.String.Slice	String.Slice.Pos.skipWhile	true
Init.Data.String.Lemmas.FindPos	String.Pos.prev?_eq_prev?_toSlice	true
Init.Data.Char.Lemmas	Char.le_antisymm	false
Init.Data.String.Lemmas.Order	String.Pos.slice_le_iff	true
Init.Data.String.Basic	String.Slice.Pos.next!	true
Init.Data.String.Basic	String.Pos.ofSliceTo	true
Init.Data.String.Lemmas.FindPos	String.Slice.lt_posGE_iff	true
Init.Data.String.Basic	String.Slice.Pos.sliceTo_inj	false
Init.Data.String.Defs	String.Slice.startInclusive	false
Init.Data.String.Defs	String.Pos.Raw.IsValidForSlice.rec	false
Init.Data.String.Lemmas.Pattern.Char	String.Slice.skipSuffix?_char_eq_skipSuffix?_beq	true
Init.Data.String.Iterate	String.Slice.RevByteIterator.instIteratorUInt8OfPure.match_3	false
Init.Data.String.OrderInstances	String.Slice.Pos.instLECoOfNatIntHAddCastUtf8ByteSize	false
Init.Data.Repr	Char.quote	false
Init.Data.String.Lemmas.Pattern.Split.Pred	String.Slice.Pattern.Model.split_bool_eq_internal	true
Init.Data.String.Lemmas.Pattern.TakeDrop.Basic	String.Slice.Pattern.Model.Pos.skipWhile_eq_self	true
Init.Data.String.Pattern.Basic	String.Slice.Pattern.SearchStep.cast	true
Init.Data.String.Basic	String.firstDiffPos	true
Init.Data.String.Lemmas.Pattern.Basic	String.Slice.Pattern.Model.IsValidRevSearchFrom.mismatched	true
Init.Data.String.Pattern.String	String.Slice.Pattern.ForwardSliceSearcher.emptyAt.congr_simp	false
Init.Data.String.Lemmas.Order	String.Slice.Pos.sliceFrom_lt_iff	true
Init.Data.ByteArray.Basic	ByteArray.mkIterator	false
Init.Data.String.Defs	String.instDecidableLtPos_1	false
Init.Data.String.Lemmas.Pattern.TakeDrop.String	String.Slice.skipPrefix?_string_eq_some_iff	true
Init.Data.String.Pattern.Pred	String.Slice.Pattern.CharPred.instToBackwardSearcherForallCharBoolDefaultBackwardSearcher	true
Init.Data.String.Lemmas.Pattern.TakeDrop.String	String.Slice.startsWith_string_iff	true
Init.Data.String.Lemmas.Iterate	String.Slice.foldl_eq_foldl_toList	true
Init.Data.String.Extra	String.validateUTF8	true
Init.Data.ByteArray.Lemmas	ByteArray.getElem!_push_lt	false
Init.Data.String.Lemmas.Splits	String.Pos.Splits.eq_left	true
Init.Data.String.Slice	String.Slice.skipPrefixWhile	true
Init.Data.String.Lemmas.Splits	String.splits_prev_endPos	true
Init.Data.String.Lemmas.Pattern.String.ForwardPattern	String.Slice.skipPrefix?_string_eq_skipPrefix?_toSlice	true
Init.Data.String.Decode	ByteArray.utf8DecodeChar?.eq_def	true
Init.Data.String.Lemmas.Pattern.Pred	String.Slice.Pattern.Model.CharPred.Decidable.isLongestMatchAt_iff	true
Init.Data.String.Lemmas.Pattern.Basic	String.Slice.Pattern.Model.IsRevMatch.mk	true
Init.Data.String.Lemmas.Pattern.Find.String	String.contains_slice_eq_false_iff	true
Init.Data.String.TakeDrop	String.trimAscii	true
Init.Data.String.Defs	String.toByteArray_singleton	false
Init.Data.String.Basic	String.slice.congr_simp	true
Init.Data.String.Lemmas.Splits	String.Pos.splits_cast_iff	false
Init.Data.String.Termination	String.Slice.Pos.remainingBytes_inj	true
Init.Data.ByteArray.Lemmas	ByteArray.getElem_set!_self	false
Init.Data.ByteArray.Basic	ByteArray.foldlM.loop	false
Init.Data.String.Pattern.Basic	String.Slice.Pattern.ToForwardSearcher.DefaultForwardSearcher.mk.sizeOf_spec	false
Init.Data.String.PosRaw	String.Pos.Raw.byteDistance	false
Init.Data.String.Lemmas.Pattern.TakeDrop.Pred	String.startsWith_prop_eq_false_iff_get	true
Init.Data.String.Lemmas.Pattern.String.Basic	String.Slice.Pattern.Model.ForwardStringSearcher.offset_of_isLongestRevMatchAt	true
Init.Data.String.Lemmas.Pattern.TakeDrop.Pred	String.Slice.eq_append_of_dropSuffix?_prop_eq_some	true
Init.Data.String.Basic	String.Pos.ofCopy	true
Init.Data.String.Lemmas.Pattern.TakeDrop.Basic	String.Slice.skipPrefixWhile_copy	true
Init.Data.String.Lemmas.Pattern.TakeDrop.Basic	String.isEmpty_dropEndWhile	true
Init.Data.String.Iterate	String.Slice.RevPosIterator.ctorIdx	false
Init.Data.String.Lemmas.Pattern.String.ForwardSearcher	String.Slice.find?_string_eq_find?_toSlice	true
Init.Data.String.Basic	String.Pos.cast_rfl	false
Init.Data.String.Lemmas.Pattern.Pred	String.Slice.Pos.revSkip?_prop_eq_revSkip?_decide	true
Init.Data.String.Basic	String.Pos.get_toSlice	true
Init.Data.String.Lemmas.Order	String.Slice.Pos.byteIdx_offset_le_utf8ByteSize	false
Init.Data.String.Defs	String.Pos.Raw.IsValid	false
Init.Data.String.Iterator	String.Legacy.Iterator.noConfusionType	false
Init.Data.String.Slice	String.Slice.front	true
Init.Data.String.Pattern.Basic	String.Slice.Pattern.LawfulBackwardPattern.mk	false
Init.Data.Char.Ordinal	Char.numCodePoints	false
Init.Data.String.Decode	ByteArray.utf8DecodeChar?.assemble₁.congr_simp	true
Init.Prelude	String.Pos.Raw.byteIdx	false
Init.Data.Char.Lemmas	Char.lt_asymm	false
Init.Data.String.Defs	String.instAssociativeHAppend	false
Init.Data.String.Lemmas.Pattern.Basic	String.Slice.Pattern.Model.revMatchAt?	true
Init.Data.String.Lemmas.FindPos	String.Slice.Pos.le_prev_iff_lt	true
Init.Data.ByteArray.Basic	ByteArray.get!.match_1	false
Init.Data.String.Lemmas.Iterate	String.foldl_eq_foldl_toList	true
Init.Data.String.Lemmas.Pattern.Split.Char	String.Slice.toList_split_char	true
Init.Data.String.Iterate	String.Slice.instInhabitedPosIterator.default	false
Init.Data.ByteArray.Basic	ByteArray.usize	false
Init.Data.String.Modify	String.Pos.set_eq_append	true
Init.Data.String.Iterator	String.Legacy.Iterator.next	true
Init.Data.String.Lemmas.Order	String.Slice.Pos.le_slice_iff	true
Init.Data.String.Lemmas.Iterate	String.toList_revPositions	true
Init.Data.String.Lemmas.Pattern.TakeDrop.Pred	String.apply_eq_true_of_lt_skipPrefixWhile_bool	true
Init.Data.String.Lemmas.Basic	String.Slice.Pos.startPos_le	false
Init.Data.String.Lemmas.Pattern.Basic	String.Slice.Pattern.Model.IsLongestMatch.ne_startPos	true
Init.Data.String.Search	String.foldlAux	true
Init.Data.String.Iterator	String.Iterator	false
Init.Data.String.Lemmas.Splits	String.Slice.Pos.Splits.of_prev	true
Init.Data.ByteArray.Lemmas	ByteArray.set_eq_push_extract_append_extract	true
Init.Data.String.Slice	String.Slice.dropPrefix	false
Init.Data.String.Lemmas.Length	String.length_eq_zero_iff	true
Init.Data.String.Lemmas.Pattern.Basic	String.Slice.Pattern.Model.StrictPatternModel.not_matches_empty	false
Init.Data.String.Basic	String.Pos.next_toSlice	true
Init.Data.String.Lemmas.Pattern.Char	String.Slice.Pattern.Model.Char.matchesAt_iff_matchesAt_beq	true
Init.Data.String.Basic	String.Slice.rawEndPos_copy	true
Init.Data.String.Lemmas.Splits	String.sliceTo_append_sliceFrom	true
Init.Data.String.Lemmas.Pattern.TakeDrop.Char	String.Slice.get_skipSuffixWhile_char_ne	true
Init.Data.String.Lemmas.Order	String.Pos.sliceFrom_lt_sliceFrom_iff	true
Init.Data.String.Pattern.Basic	String.Slice.Pattern.ToBackwardSearcher.DefaultBackwardSearcher.noConfusion	false
Init.SizeOf	String.Pos.Raw.mk.sizeOf_spec	false
Init.Data.String.ToSlice	String.ToSlice.mk.noConfusion	false
Init.Data.String.Lemmas.Splits	String.splits_startPos	false
Init.Data.String.Lemmas.Pattern.Basic	String.Slice.Pattern.Model.IsLongestRevMatchAt.casesOn	true
Init.Data.String.Basic	String.get_startPos	true
Init.Data.Char.Basic	Char.le	false
Init.Data.String.Basic	ByteArray.utf8Decode?.go.fun_cases_unfolding	true
Init.Data.String.Lemmas.Splits	String.Slice.Pos.Splits.rotateRight	true
Init.Data.ByteArray.Basic	ByteArray.foldlM	false
Init.Data.ByteArray.Basic	ByteArray.copySlice	false
Init.Data.String.Lemmas.FindPos	String.posLE_eq_iff	true
Init.Data.String.Basic	String.Slice.sliceFrom	false
Init.Data.String.Slice	String.Slice.SplitInclusiveIterator.ctorElim	false
Init.Data.String.Lemmas.Pattern.TakeDrop.Basic	String.dropWhile_eq_toSlice_iff	true
Init.Data.String.Lemmas.Pattern.Char	String.Slice.Pattern.Model.Char.instStrictPatternModelChar	true
Init.Data.String.Lemmas.FindPos	String.lt_offset_posGT	true
Init.Data.String.Lemmas.Pattern.Find.Pred	String.Pos.find?_bool_eq_some_iff_splits	true
Init.Data.String.Slice	String.Slice.SplitInclusiveIterator.operating.sizeOf_spec	false
Init.Core	instLawfulBEqString	false
Init.Data.String.Subslice	String.Slice.Subslice.startInclusive_le_endExclusive	false
Init.Data.String.Lemmas.Pattern.String.ForwardPattern	String.Slice.Pattern.ForwardSliceSearcher.skipPrefix?.fun_cases_unfolding	true
Init.Data.ByteArray.Basic	ByteArray.Iterator.curr	false
Init.Prelude	ByteArray.push	false
Init.Data.String.Lemmas.Pattern.Basic	String.Slice.Pattern.Model.isRevMatch_iff	true
Init.Data.String.Pattern.String	String.Slice.Pattern.ForwardSliceSearcher.ctorElim	false
Init.Data.ByteArray.Lemmas	ByteArray.toList_empty	false
Init.Data.String.Lemmas.Order	String.Pos.get_slice	true
Init.Data.String.Lemmas.Order	String.Slice.Pos.ofSliceFrom_le_iff	true
Init.Data.String.Basic	String.Slice.Pos.sliceTo_ofSliceTo	false
Init.Data.String.ToSlice	String.ToSlice.ctorIdx	false
Init.Data.String.Lemmas.Pattern.TakeDrop.Pred	String.skipSuffix?_prop_eq_some_iff	true
Init.Data.String.Basic	String.Pos.ofToSlice_comp_toSlice	true
Init.Data.String.Basic	String.Pos.get!	true
Init.Data.String.Lemmas.Pattern.TakeDrop.Basic	String.skipPrefix?_eq_skipPrefix?_toSlice	true
Init.Data.String.Pattern.Basic	String.Slice.Pattern.SearchStep.ofSliceFrom	false
Init.Data.String.Lemmas.Order	String.Slice.Pos.ne_next	true
Init.Data.String.Lemmas.Pattern.TakeDrop.Basic	String.endsWith_toSlice	true
Init.Data.String.Lemmas.Pattern.TakeDrop.Pred	String.startsWith_bool_eq_false_iff_get	true
Init.Data.String.Decode	String.utf8EncodeCharFast.eq_def	false
Init.Data.String.Slice	String.Slice.SplitInclusiveIterator.instIteratorId.match_3	false
Init.Data.String.Lemmas.Splits	String.Slice.Pos.Splits.copy_sliceTo_eq	true
Init.Data.String.Basic	String.Pos.Raw.utf8SetAux.eq_2	false
Init.Data.String.Lemmas.FindPos	String.next_eq_posGT	true
Init.Data.String.Defs	String.str_toSlice	true
Init.Data.String.Lemmas.Pattern.Find.Pred	String.Pos.find?_prop_eq_none_iff_of_splits	true
Init.Data.String.Lemmas.Slice	String.Slice.instEquivBEq	true
Init.Data.ByteArray.Basic	ByteArray.Iterator.rec	false
Init.Data.String.Pattern.Basic	String.Slice.Pattern.ToBackwardSearcher.DefaultBackwardSearcher.instIteratorIdSearchStepOfBackwardPattern.match_1	false
Init.Data.Range.Polymorphic.Char	Char.instHasSize	true
Init.Data.String.Termination	String.Slice.Pos.Down.mk.noConfusion	false
Init.Data.String.Lemmas.Order	String.Pos.ofSliceTo_next	true
Init.Data.String.Lemmas.Slice	String.Slice.beq_eq_false_iff	true
Init.Prelude	ByteArray.data	false
Init.Data.ByteArray.Basic	ByteArray.set!	false
Init.Data.String.Bootstrap	String.Internal.extract	false
Init.Data.String.Defs	String.toSlice	true
Init.Data.String.Basic	String.get'	true
Init.Data.String.Lemmas.Pattern.TakeDrop.Basic	String.Slice.takeEndWhile_congr	true
Init.Data.String.Slice	String.Slice.toInt?	true
Init.Data.String.PosRaw	String.Pos.Raw.addChar_eq	false
Init.Data.String.PosRaw	String.instHSubRawChar	false
Init.Data.String.Slice	String.Slice.instInhabitedSplitInclusiveIterator.default	false
Init.Data.String.Termination	String.Pos.Splits.remainingBytes_eq	true
Init.Prelude	ByteArray.casesOn	false
Init.Data.String.Basic	String.Pos.offset_ofToSlice	true
Init.Data.String.Basic	String.Slice.Pos.ofSliceTo_le	false
Init.Data.String.OrderInstances	String.Slice.Pos.instTotalLe	false
Init.Data.String.Lemmas.Pattern.String.Basic	String.Slice.Pattern.Model.ForwardSliceSearcher.isLongestRevMatchAtChain_iff	true
Init.Data.String.FindPos	String.Slice.Pos.prev	true
Init.Data.String.Lemmas.Pattern.Basic	String.Slice.Pattern.Model.IsValidRevSearchFrom.below	true
Init.Data.String.Bootstrap	String.Internal.append	false
Init.Data.String.Lemmas.Pattern.TakeDrop.Basic	String.Slice.revAll_congr	true
Init.Data.ByteArray.Lemmas	ByteArray.extract_eq_extract_iff_getElem	true
Init.Data.String.Lemmas.Basic	String.empty_eq_iff	false
Init.Data.String.Lemmas.Splits	String.Pos.Splits.toByteArray_left_eq	true
Init.Data.String.TakeDrop	String.Pos.skip?	true
Init.Data.String.Lemmas.Pattern.TakeDrop.Basic	String.Slice.Pattern.Model.Pos.skip?_eq_some_iff	true
Init.Data.String.OrderInstances	String.Slice.Pos.instLawfulOrderBEq	true
Init.Prelude	Char.noConfusionType	false
Init.Data.String.Lemmas.Pattern.String.Basic	String.Slice.Pattern.Model.ForwardStringSearcher.isMatch_iff	true
Init.Data.String.Lemmas.Pattern.TakeDrop.Pred	String.endsWith_prop_eq_false_iff_get	true
Init.Data.String.TakeDrop	String.takeRightWhile	true
Init.Data.String.Basic	String.Slice.startInclusive_sliceFrom	false
Init.Data.String.Termination	String.Pos.down	false
Init.Data.String.Basic	String.Pos.toSlice	true
Init.Data.String.Decode	ByteArray.utf8DecodeChar?.assemble₃	false
Init.Data.String.Search	String.revFindAux	true
Init.Data.String.Pattern.Basic	String.Slice.Pattern.ToBackwardSearcher	false
Init.Data.String.Lemmas.Pattern.TakeDrop.Basic	String.Pos.le_skipWhile	true
Init.Data.String.Defs	String.offset_startPos	false
Init.Data.String.Lemmas.Order	String.Slice.Pos.ne_startPos_of_sliceFrom_ne_startPos	true
Init.Data.String.PosRaw	String.Pos.Raw.lt_of_le_of_lt	false
Init.Data.String.Lemmas.Pattern.Basic	String.Slice.Pattern.Model.IsLongestMatchAt.rec	true
Init.Data.String.Basic	String.Pos.ofSliceFrom_startPos	true
Init.Data.String.Pattern.Basic	String.Slice.Pattern.ToBackwardSearcher.instInhabitedDefaultBackwardSearcher.default	false
Init.Data.String.Lemmas.Pattern.String.ForwardPattern	String.Slice.dropSuffix_string_eq_dropSuffix_toSlice	true
Init.Data.ByteArray.Basic	ByteArray.findIdx?.loop.eq_def	false
Init.Data.String.Lemmas.Pattern.Basic	String.Slice.Pattern.Model.IsLongestRevMatchAt.mk	true
Init.Data.String.Lemmas.Pattern.Find.String	String.Slice.contains_slice_iff	true
Init.Data.String.Subslice	String.Slice.Subslice.rec	false
Init.Data.String.Basic	String.slice?	true
Init.Data.String.Lemmas.Pattern.TakeDrop.Basic	String.Slice.skipPrefix?_congr	true
Init.Data.String.Basic	String.Slice.Pos.str_le_endExclusive	false
Init.Data.String.Lemmas.Pattern.String.Basic	String.Slice.Pattern.Model.ForwardStringSearcher.strictPatternModel	false
Init.Data.String.Pattern.String	String.Slice.Pattern.ForwardSliceSearcher	false
Init.Data.Range.Polymorphic.Char	Char.instLawfulUpwardEnumerableLT	true
Init.Data.String.Lemmas.Pattern.TakeDrop.Basic	String.dropWhile_eq_dropWhile_toSlice	true
Init.Data.String.Lemmas.Pattern.TakeDrop.Basic	String.Slice.cast_skipPrefixWhile	true
Init.Data.String.Search	String.front?	true
Init.Data.String.Basic	String.Pos.Raw.next'_eq	true
Init.Data.String.Basic	String.Slice.Pos.get.eq_1	true
Init.Data.String.Lemmas.Splits	String.Slice.Pos.sliceTo_cast	true
Init.Data.String.Lemmas.Pattern.TakeDrop.Basic	String.Slice.isEmpty_takeEndWhile	true
Init.Data.String.Iterate	String.Slice.PosIterator.mk.inj	false
Init.Data.String.Lemmas.Splits	String.Pos.Splits.cast	false
Init.Data.String.PosRaw	String.Pos.Raw.zero_add_string_eq	false
Init.Data.ByteArray.Basic	ByteArray.Iterator.mk.injEq	false
Init.Data.String.Pattern.Basic	String.Slice.Pattern.LawfulBackwardPattern	false
Init.Data.String.Lemmas.Basic	String.singleton_append_inj	true
Init.Data.String.Basic	String.fromUTF8?	true
Init.Data.String.Lemmas.Basic	String.Pos.nextn_toSlice	true
Init.Data.String.Lemmas.FindPos	String.Slice.posGE.congr_simp	true
Init.Data.String.Lemmas.Order	String.Slice.Pos.sliceFrom_le_sliceFrom_iff	true
Init.Data.String.Basic	String.Slice.Pos.mk.congr_simp	false
Init.Data.String.Defs	String.Pos.Raw.IsValidForSlice.le_rawEndPos	false
Init.Data.String.Basic	String.Pos.Raw.isValid.fun_cases_unfolding	false
Init.Data.String.PosRaw	String.instLTRaw	false
Init.Data.ByteArray.Basic	ByteArray.get	false
Init.Data.Char.Lemmas	Char.toUInt8_val	false
Init.Data.String.Lemmas.FindPos	String.Slice.posLT_eq_iff	true
Init.Data.String.Basic	String.Slice.Pos.get_eq_get_str	true
Init.Data.String.Basic	String.Slice.Pos.nextn	true
Init.Data.String.Slice	String.Slice.RevSplitIterator.noConfusionType	false
Init.Data.String.Lemmas.Pattern.Basic	String.Slice.Pattern.Model.IsLongestRevMatch	true
Init.Data.String.FindPos	String.Slice.Pos.prev!	true
Init.Data.String.Basic	String.Pos.next!	true
Init.Data.String.Lemmas.StringOrder	String.lt_irrefl	true
Init.Data.String.Lemmas.Pattern.String.ForwardPattern	String.Slice.startsWith_string_eq_startsWith_toSlice	true
Init.Data.String.Lemmas.Pattern.Find.Pred	String.find?_prop_eq_some_iff	true
Init.Data.String.Slice	String.Slice.SplitIterator.recOn	false
Init.Data.String.Lemmas.Pattern.Basic	String.Slice.Pattern.Model.MatchesAt.rec	true
Init.Data.String.Slice	String.Slice.RevSplitIterator.ctorElimType	false
Init.Data.String.Lemmas.Pattern.Char	String.Slice.takeEndWhile_char_eq_takeEndWhile_beq	true
Init.Prelude	ByteArray.push.match_1	false
Init.Data.String.Basic	String.Pos.isUTF8FirstByte_byte	true
Init.Data.String.Basic	String.Pos.Raw.isValid	false
Init.Data.String.Iterate	String.Slice.PosIterator.mk.noConfusion	false
Init.Data.String.Lemmas.FindPos	String.Slice.posGT_le_iff	true
Init.Data.String.Termination	String.Pos.Down.inner	false
Init.Data.String.Iterate	String.Slice.PosIterator.instIteratorLoopSubtypePosNeEndPosOfMonad	true
Init.Data.String.Decode	ByteArray.utf8DecodeChar?.parseFirstByte.eq_def	false
Init.Data.String.Lemmas.Pattern.Char	String.Slice.Pattern.Model.Char.isLongestRevMatch_iff	true
Init.Data.String.Lemmas.Pattern.Basic	String.Slice.Pattern.Model.IsLongestRevMatch.casesOn	true
Init.Data.String.Pattern.Basic	String.Slice.Pattern.LawfulForwardPattern	false
Init.Data.String.Lemmas.Pattern.TakeDrop.Pred	String.apply_skipPrefixWhile_prop	true
Init.Data.String.Lemmas.Pattern.Basic	String.Slice.Pattern.Model.IsRevMatch.recOn	true
Init.Data.String.Pattern.String	String.Slice.Pattern.ForwardSliceSearcher.atEnd.elim	false
Init.Data.String.Basic	String.data_singleton	true
Init.Data.String.Lemmas.Pattern.Find.Basic	String.Slice.Pattern.Model.find?_eq_some_iff	true
Init.Data.String.Pattern.Basic	String.Slice.Pattern.ToForwardSearcher.DefaultForwardSearcher.mk	false
Init.Data.String.Pattern.Basic	String.Slice.Pattern.SearchStep.rejected	false
Init.Core	String.ofByteArray.injEq	false
Init.Data.String.Decode	ByteArray.utf8DecodeChar?.match_1.congr_eq_1	false
Init.Data.String.Iterate	String.Slice.PosIterator.mk	false
Init.Data.String.Lemmas.Order	String.Slice.Pos.lt_sliceFrom_iff	true
Init.Data.String.Search	String.splitInclusive	true
Init.Data.Char.Lemmas	Char.ltTrans	false
Init.Data.String.Basic	String.Pos.Raw.prev.eq_1	true
Init.Data.String.Lemmas.FindPos	String.Slice.le_posLE_iff	true
Init.Data.String.Lemmas.FindPos	String.Slice.Pos.prev_le	true
Init.Data.String.Lemmas.Pattern.TakeDrop.Pred	String.Slice.apply_skipSuffixWhile_bool_eq_false	true
Init.Data.String.Lemmas.Pattern.Char	String.Slice.Pos.revFind?_char_eq_revFind?_beq	true
Init.Data.ByteArray.Basic	ByteArray.Iterator	false
Init.Data.String.TakeDrop	String.dropSuffix	true
Init.Data.Char.Lemmas	Char.isDigit_iff_toNat	false
Init.Data.String.Pattern.String	String.Slice.Pattern.ForwardSliceSearcher.instToForwardSearcher_1	true
Init.Data.String.Extra	String.Pos.Raw.next'.congr_simp	true
Init.Data.String.Lemmas.Pattern.TakeDrop.Pred	String.eq_append_of_dropSuffix?_bool_eq_some	true
Init.Data.String.PosRaw	String.Pos.Raw.ne_of_gt	false
Init.Data.String.Lemmas.Splits	String.Pos.Splits.casesOn	false
Init.Data.String.Slice	String.Slice.split	false
Init.Data.String.Lemmas.Pattern.String.Basic	String.Slice.Pattern.Model.ForwardSliceSearcher.instPatternModel	true
Init.Data.String.Iterate	String.chars	true
Init.Data.String.Pattern.Pred	String.Slice.Pattern.CharPred.Decidable.instLawfulForwardPatternForallCharProp	true
Init.Data.String.Termination	String.Pos.Down.ctorIdx	false
Init.Data.String.Basic	String.ofList_append	false
Init.Data.String.Decode	ByteArray.validateUTF8At.eq_1	false
Init.Data.String.Slice	String.Slice.SplitInclusiveIterator.casesOn	false
Init.Data.String.Lemmas.Splits	String.Pos.Splits.prevn	true
Init.Data.String.Basic	String.Slice.Pos.str_ne_endPos	true
Init.Data.String.Basic	String.Pos.Raw.IsValid.toSlice	true
Init.Data.String.Lemmas.Slice	String.Slice.beq_eq_true_iff	true
Init.Data.String.Lemmas.Basic	String.Slice.pos!_eq_pos	true
Init.Data.String.Search	String.Internal.frontImpl	true
Init.Data.String.Pattern.Basic	String.Slice.Pattern.LawfulForwardPattern.recOn	false
Init.Data.String.FindPos	String.Pos.prev?	true
Init.Data.String.Lemmas.FindPos	String.Pos.prev_ofSliceTo	true
Init.Data.String.Lemmas.Pattern.TakeDrop.Basic	String.Slice.skipSuffix?_congr	true
Init.Data.String.Subslice	String.Slice.Subslice.cast	true
Init.Data.String.Basic	String.instDecidableIsValid	true
Init.Data.String.Basic	String.Slice.getUTF8Byte.eq_1	false
Init.Data.String.Lemmas.Pattern.String.ForwardPattern	String.Slice.dropPrefix_string_eq_dropPrefix_toSlice	true
Init.Data.String.Pattern.Basic	String.Slice.Pattern.SearchStep.cast_rejected	true
Init.Data.String.Lemmas.Pattern.Basic	String.Slice.Pattern.Model.isMatch_sliceTo_iff	true
Init.Data.String.Lemmas.Pattern.Basic	String.Slice.Pattern.Model.IsValidSearchFrom.matched_of_eq	true
Init.Data.String.Slice	String.Slice.SplitInclusiveIterator.operating.inj	false
Init.Data.String.Pattern.Basic	String.Slice.Pattern.ToBackwardSearcher.DefaultBackwardSearcher.rec	false
Init.Data.String.Lemmas.Pattern.Basic	String.Slice.Pattern.Model.matchAt?_cast	true
Init.Data.String.Lemmas.Pattern.Basic	String.Slice.Pattern.Model.LawfulBackwardPatternModel.casesOn	true
Init.Data.String.Slice	String.Slice.trimAsciiEnd	true
Init.Data.String.Lemmas.Pattern.Basic	String.Slice.Pattern.Model.IsValidRevSearchFrom.below.startPos	true
Init.Data.String.Basic	String.Slice.Pos.ne_endPos_of_lt	false
Init.Data.Range.Polymorphic.Char	Char.least?_eq	false
Init.Data.String.Lemmas.Iterate	String.foldr_eq_foldr_toList	true
Init.Data.String.Search	String.back	true
Init.Data.String.Iterator	String.Legacy.instDecidableEqIterator.decEq	false
Init.Data.String.Lemmas.Pattern.TakeDrop.Basic	String.Slice.Pattern.Model.Pos.not_matchesAt_or_isLongestMatchAt_skipWhile	true
Init.Data.String.Lemmas.Pattern.Basic	String.Slice.Pattern.Model.not_isLongestMatchAt_self	true
Init.Data.String.Lemmas.Modify	String.map_id	true
Init.Data.String.Lemmas.Pattern.String.Basic	String.Slice.Pattern.Model.ForwardStringSearcher.matchesAt_iff_toSlice	true
Init.Data.String.PosRaw	String.Pos.Raw.mk_lt_mk	false
Init.Data.String.Iterate	String.Slice.ByteIterator.mk.sizeOf_spec	false
Init.Data.String.Pattern.Basic	String.Slice.Pattern.ForwardPattern.noConfusionType	false
Init.Data.String.Basic	String.Slice.rawEndPos_sliceFrom	false
Init.Data.String.Slice	String.Slice.SplitInclusiveIterator.instIteratorId.eq_1	false
Init.Data.String.Lemmas.FindPos	String.Slice.pos_eq_posGE	true
Init.Data.String.Search	String.Slice.Pos.find	false
Init.Data.String.PosRaw	String.instHSubRaw	false
Init.Data.ByteArray.Basic	ByteArray.set	false
Init.Data.String.Lemmas.Pattern.Pred	String.Slice.Pattern.Model.CharPred.Decidable.isLongestMatchAt_of_get	true
Init.Data.String.Lemmas.IsEmpty	String.Slice.isEmpty_slice	false
Init.Data.String.OrderInstances	String.Pos.instLawfulOrderLT	false
Init.Data.String.Defs	List.utf8Encode_append	false
Init.Data.String.Legacy	String.splitOnAux	true
Init.Data.String.Lemmas.FindPos	String.Slice.Pos.next_prev	true
Init.Data.String.Lemmas.Pattern.Find.Pred	String.contains_bool_eq	true
Init.Data.String.Iterator	String.Legacy.Iterator.mk.injEq	false
Init.Data.String.Pattern.Basic	String.Slice.Pattern.ForwardPattern	false
Init.Data.String.Lemmas.IsEmpty	String.Slice.isEmpty_eq_false_of_lt	false
Init.Data.String.Search	String.find	true
Init.Data.String.Pattern.Basic	String.Slice.Pattern.ToBackwardSearcher.DefaultBackwardSearcher.instIteratorIdSearchStepOfBackwardPattern.match_3	false
Init.Data.String.Lemmas.Order	String.Slice.Pos.getUTF8Byte_offset	true
Init.Data.String.Lemmas.Pattern.Find.Pred	String.Slice.find?_prop_eq_some_iff_splits	true
Init.Data.String.Lemmas.Search	String.front_toSlice	true
Init.Prelude	ByteArray.ctorIdx	false
Init.Data.String.Defs	String.Pos.ctorIdx	false
Init.Prelude	String.recOn	false
Init.Data.String.Lemmas.Order	String.Slice.Pos.get_eq_get_ofSliceTo	true
Init.Data.String.Lemmas.Iterate	String.Slice.mem_toList_copy_iff_exists_get	true
Init.Data.String.Pattern.Pred	String.Slice.Pattern.CharPred.instLawfulBackwardPatternForallCharBool	true
Init.Data.String.Slice	String.Slice.SplitIterator.operating.injEq	false
Init.Data.String.Lemmas.Pattern.Basic	String.Slice.Pattern.Model.LawfulToBackwardSearcherModel.mk	true
Init.Data.String.Lemmas.Pattern.Basic	String.Slice.Pattern.Model.IsLongestMatch.of_eq	true
Init.Data.ByteArray.Basic	ByteArray.Iterator.nextn	false
Init.Data.String.Pattern.Basic	String.Slice.Pattern.ToBackwardSearcher.DefaultBackwardSearcher.noConfusionType	false
Init.Data.String.Defs	String.Slice.Pos.ext_iff	false
Init.Data.ByteArray.Lemmas	ByteArray.extract_zero_size	true
Init.Data.ByteArray.Basic	ByteArray.decEq	false
Init.Data.String.Lemmas.Order	String.Pos.next_ne	true
Init.Data.String.Defs	String.Slice.Pos.casesOn	false
Init.Data.String.Decode	ByteArray.utf8DecodeChar?.match_1.congr_eq_3	false
Init.Data.String.Subslice	String.Slice.Subslice.mk.noConfusion	false
Init.Data.String.Basic	String.data_eq_nil_iff	true
Init.Data.String.Basic	String.Slice.utf8ByteSize_slice	false
Init.Data.String.Pattern.String	String.Slice.Pattern.ForwardSliceSearcher.instIteratorIdSearchStep	true
Init.Data.String.Lemmas.Pattern.TakeDrop.Basic	String.Slice.skipSuffixWhile_eq_endPos_iff	true
Init.Data.String.Lemmas.Splits	String.Pos.Splits.lt_iff_exists_eq_append	true
Init.Data.String.Lemmas.Pattern.TakeDrop.Char	String.endsWith_char_eq_false_iff_forall_append	true
Init.Data.String.OrderInstances	String.Pos.toInt_eq	false
Init.Data.String.Lemmas.Pattern.TakeDrop.Basic	String.Slice.isEmpty_takeWhile_iff_dropWhile_eq_self	true
Init.Data.String.Basic	String.decidableLT	true
Init.Data.String.Lemmas.Pattern.String.ForwardPattern	String.Slice.Pattern.Model.ForwardStringSearcher.instLawfulForwardPatternModel	true
Init.Data.String.Termination	String.Pos.remainingBytes_eq	true
Init.Data.String.Basic	String.Slice.startInclusive_slice	false
Init.Data.String.Lemmas.Pattern.Basic	String.Slice.Pattern.Model.IsLongestMatchAt.isLongestMatch_sliceFrom	true
Init.Data.String.Lemmas.Pattern.Pred	String.Slice.Pattern.Model.CharPred.Decidable.isMatch_iff_isMatch_decide	true
Init.Data.String.Lemmas.Slice	String.Slice.beq_list_iff	true
Init.Data.String.Lemmas.Hashable	String.hash_eq	false
Init.Data.String.Lemmas.FindPos	String.posLT_toSlice	true
Init.Data.ByteArray.Lemmas	ByteArray.extract_eq_extract_left	true
Init.Data.String.Lemmas.Pattern.Pred	String.Slice.Pattern.Model.CharPred.isLongestRevMatch_iff	true
Init.Data.String.Iterator	String.Legacy.Iterator.mk	false
Init.Data.String.Basic	String.Pos.Raw.isValid_singleton	true
Init.Data.String.Lemmas.Pattern.Pred	String.Slice.Pattern.Model.CharPred.isLongestMatchAt_iff	true
Init.Data.String.Pattern.Basic	String.Slice.Pattern.SearchStep.rejected.injEq	false
Init.Data.Range.Polymorphic.Char	Char.instLawfulHasSize_2	true
Init.Data.String.Pattern.Char	String.Slice.Pattern.Char.instStrictBackwardPatternChar	true
Init.Data.String.Slice	String.Slice.RevSplitIterator.ctorIdx	false
Init.Data.String.Pattern.Basic	String.Slice.Pattern.ToBackwardSearcher.DefaultBackwardSearcher.mk.injEq	false
Init.Data.String.Lemmas.Pattern.Basic	String.Slice.Pattern.Model.IsLongestMatchAtChain.cons	true
Init.Data.String.Lemmas.Basic	String.append_eq_right_iff	true
Init.Data.String.FindPos	String.Slice.Pos.prev?	true
Init.Data.String.Lemmas.Order	String.Pos.sliceFrom_lt_iff	true
Init.Data.ByteArray.Lemmas	ByteArray.extract_add_four	true
Init.Data.String.Lemmas.FindPos	String.Pos.prevn_startPos	true
Init.Data.String.PosRaw	String.Pos.Raw.unoffsetBy_offsetBy	false
Init.Prelude	ByteArray.IsValidUTF8	false
Init.Data.String.Basic	String.utf8Encode_toList	true
Init.Data.String.Decode	ByteArray.utf8DecodeChar?.FirstByte.threeMore	false
Init.Data.Char.Basic	Char.isHexDigit	false
Init.Data.String.Lemmas.Pattern.TakeDrop.Basic	String.Slice.dropPrefix?_eq_map_skipPrefix?	false
Init.Data.String.Lemmas.Pattern.Basic	String.Slice.Pattern.Model.LawfulBackwardPatternModel.toLawfulBackwardPattern	true
Init.Data.String.Lemmas.Iterate	String.Slice.toList_revPositionsFrom	true
Init.Data.String.Lemmas.Pattern.TakeDrop.Pred	String.Pos.revSkip?_bool_eq_none_iff	true
Init.Data.String.Lemmas.Pattern.String.Basic	String.Slice.Pattern.Model.ForwardSliceSearcher.isMatch_iff	true
Init.Data.String.Subslice	String.Slice.Subslice.toString_eq	true
Init.Data.String.Lemmas.Pattern.TakeDrop.Pred	String.Pos.apply_eq_true_of_lt_skipWhile_bool	true
Init.Data.String.Lemmas.Splits	String.Slice.Pos.Splits.rotateLeft	true
Init.Data.String.Lemmas.Slice	String.Slice.Pos.get?_endPos	true
Init.Data.String.Basic	ByteArray.utf8Decode?.go.congr_simp	true
Init.Data.String.Lemmas.Pattern.TakeDrop.Pred	String.Slice.Pos.skipWhile_bool_eq_self_iff_get	true
Init.Data.String.Pattern.Basic	String.Slice.Pattern.StrictForwardPattern	false
Init.Data.String.Lemmas.Pattern.Split.Pred	String.Slice.Pattern.Model.split_eq_split_decide	true
Init.Data.String.Pattern.String	String.Slice.Pattern.ForwardSliceSearcher.emptyBefore	false
Init.Data.String.Lemmas.Splits	String.Pos.splits	true
Init.Data.String.Pattern.Pred	String.Slice.Pattern.CharPred.instStrictForwardPatternForallCharBool	true
Init.Data.String.Basic	String.atEnd	false
Init.Data.String.Lemmas.Pattern.TakeDrop.Pred	String.Pos.revSkipWhile_bool_eq_self_iff_get	true
Init.Data.String.ToSlice	String.ToSlice.recOn	false
Init.Prelude	String.noConfusionType	false
Init.Data.String.Lemmas.Pattern.Basic	String.Slice.Pattern.Model.IsMatch.rec	true
Init.Data.String.Pattern.Basic	String.Slice.Pattern.ToForwardSearcher.DefaultForwardSearcher.instIteratorIdSearchStepOfForwardPattern.match_1	false
Init.Data.String.Lemmas.Order	String.Slice.Pos.le_next	true
Init.Data.String.Slice	String.Slice.SplitInclusiveIterator.ctorElimType	false
Init.Data.String.Defs	String.Slice.Pos.noConfusionType	false
Init.Data.String.Lemmas.FindPos	String.Slice.Pos.prevn_add_one	true
Init.Data.String.Pattern.String	String.Slice.Pattern.ForwardSliceSearcher.emptyAt	false
Init.Data.String.Basic	String.Pos.Raw.isValidForSlice_prevAuxGo	true
Init.Data.String.Termination	String.Slice.Pos.instWellFoundedRelation	true
Init.Prelude	String.Pos.Raw	false
Init.Data.String.Lemmas.Basic	String.Slice.Pos.sliceFrom_endPos	false
Init.Data.String.Lemmas.IsEmpty	String.toByteArray_eq_empty_iff	false
Init.Data.String.Lemmas.FindPos	String.posGE.congr_simp	true
Init.Data.String.Iterate	String.Slice.RevPosIterator.mk.inj	false
Init.Data.String.Basic	String.Pos.isValidUTF8_extract	true
Init.Data.String.Lemmas.Order	String.Slice.Pos.slice_lt_slice_iff	true
Init.Data.Char.Lemmas	Char.lt_iff_val_lt_val	false
Init.Data.String.Decode	ByteArray.utf8DecodeChar?.assemble₃.eq_1	false
Init.Data.ByteArray.Basic	ByteArray.Iterator.idx	false
Init.Data.String.Lemmas.Pattern.Basic	String.Slice.Pattern.Model.matchAt?_eq_none_iff	true
Init.Data.String.Lemmas.Pattern.TakeDrop.Char	String.startsWith_char_iff_get	true
Init.Data.String.Modify	String.Pos.Raw.set.match_1	false
Init.Data.Char.Ordinal	Char.lt_iff_ofOrdinal_lt	true
Init.Data.String.Lemmas.FindPos	String.Pos.prev.eq_1	true
Init.Data.String.Lemmas.Pattern.TakeDrop.Char	String.skipPrefix?_char_eq_some_iff	true
Init.Data.String.Basic	String.Internal.toArray_empty	true
Init.Data.String.Termination	String.Pos.prev_prev_lt	true
Init.Data.String.Iterator	String.Legacy.instInhabitedIterator	false
Init.Data.String.Basic	String.Slice.Pos.str_endPos	false
Init.Data.String.Basic	String.Slice.Pos.toReplaceEnd	false
Init.Data.String.Lemmas.Pattern.TakeDrop.String	String.skipPrefix?_slice_eq_some_iff	true
Init.Data.String.Lemmas.Pattern.Char	String.Slice.Pattern.Model.Char.instPatternModelChar	false
Init.Data.String.Pattern.Pred	String.Slice.Pattern.CharPred.Decidable.instToForwardSearcherForallCharPropDefaultForwardSearcherForallBoolDecide	true
Init.Data.String.Decode	String.utf8EncodeChar_eq_utf8EncodeCharFast	true
Init.Data.String.TakeDrop	String.Slice.stripSuffix	true
Init.Data.String.Lemmas.Splits	String.copy_sliceTo_cast	true
Init.Data.String.Decode	ByteArray.utf8DecodeChar?.fun_cases_unfolding	true
Init.Data.String.Lemmas.Pattern.Basic	String.Slice.Pattern.Model.IsRevMatch.ne_endPos	true
Init.Data.String.OrderInstances	String.Slice.Pos.instAntisymmLe	false
Init.Data.String.Subslice	String.Slice.Subslice.casesOn	false
Init.Data.String.Lemmas.Pattern.Find.Pred	String.Slice.find?_prop_eq_some_iff	true
Init.Prelude	ByteArray.IsValidUTF8.intro	false
Init.Data.String.Lemmas.Pattern.Basic	String.Slice.Pattern.Model.IsLongestRevMatchAtChain.below.cons	true
Init.Data.String.Lemmas.Basic	String.Slice.Pos.slice_eq_startPos	false
Init.Data.String.Iterate	String.Slice.RevPosIterator.mk.injEq	false
Init.Data.String.Pattern.Basic	String.Slice.Pattern.ToBackwardSearcher.DefaultBackwardSearcher.mk.noConfusion	false
Init.Data.String.Lemmas.Splits	String.Slice.Pos.Splits.eq_left	true
Init.Data.String.Basic	String.toRawSubstring'.eq_1	false
Init.Data.String.Lemmas.Order	String.Pos.sliceTo_lt_iff	true
Init.Data.String.Lemmas.Order	String.Pos.sliceTo_le_iff	true
Init.Data.String.Bootstrap	List.utf8Encode.eq_1	false
Init.Data.String.Subslice	String.Slice.Subslice.toSlice	false
Init.Data.String.Lemmas.Intercalate	String.intercalate_singleton	false
Init.Data.String.Subslice	String.Slice.Subslice.cast_rfl	true
Init.Data.String.Lemmas.Pattern.Basic	String.Slice.Pattern.Model.matchesAt_cast_iff	true
Init.Data.String.Iterate	String.Slice.PosIterator.rec	false
Init.Prelude	String.noConfusion	false
Init.Data.String.Lemmas.Pattern.Basic	String.Slice.Pattern.Model.LawfulForwardPatternModel.skipPrefix?_eq_some_iff	true
Init.Data.String.Lemmas.FindPos	String.posLE_eq_pos	true
Init.Data.String.Decode	ByteArray.utf8DecodeChar?.FirstByte.twoMore.elim	false
Init.Data.String.Lemmas.Splits	String.Slice.splits_prev_endPos	true
Init.Data.String.Lemmas.Pattern.Basic	String.Slice.Pattern.Model.revMatchesAt_iff_exists_isRevMatch	true
Init.Data.String.Lemmas.IsEmpty	String.copy_sliceTo_startPos	true
Init.Data.String.Lemmas.Pattern.TakeDrop.Char	String.Slice.Pos.get_eq_of_lt_skipWhile_char	true
Init.Data.String.Lemmas.Pattern.TakeDrop.String	String.startsWith_string_iff	true
Init.Data.String.Lemmas.Order	String.Pos.ofSliceFrom_le_iff	true
Init.Data.String.Modify	String.Pos.toSetOfLE	true
Init.Data.String.Lemmas.Intercalate	String.join_append	true
Init.Data.String.PosRaw	String.Pos.Raw.Internal.minImpl	false
Init.Data.String.Lemmas.Splits	String.Slice.Pos.Splits.toByteArray_eq_left	true
Init.Data.String.Lemmas.Pattern.Basic	String.Slice.Pattern.Model.NoPrefixPatternModel.rec	false
Init.Data.String.Lemmas.Pattern.Pred	String.Slice.Pattern.Model.CharPred.Decidable.isValidRevSearchFrom_iff_isValidRevSearchFrom_decide	true
Init.Data.String.Pattern.Basic	String.Slice.Pattern.ForwardPattern.noConfusion	false
Init.Data.String.Search	String.toNat?	true
Init.Data.String.Decode	ByteArray.utf8DecodeChar?.FirstByte	false
Init.Data.String.PosRaw	String.Pos.Raw.decreaseBy	false
Init.Data.String.Lemmas.FindPos	String.Slice.Pos.ofSlice_prev	true
Init.Data.String.Pattern.Basic	String.Slice.Pattern.instBEqSearchStep.beq	true
Init.Data.String.Defs	String.Slice.instDecidableEqPos.decEq.match_1	false
Init.Data.String.Decode	ByteArray.utf8DecodeChar	true
Init.Data.String.Lemmas.FindPos	String.posLT_eq_iff	true
Init.Data.String.Basic	String.Pos.offset_sliceTo	true
Init.Data.String.Lemmas.Pattern.TakeDrop.Basic	String.Slice.Pattern.Model.Pos.revSkipWhile_eq_self_iff	true
Init.Data.String.Lemmas.Pattern.TakeDrop.Basic	String.Slice.Pattern.Model.Pos.skipWhile_eq_iff	true
Init.Data.String.Basic	String.data_empty	true
Init.Data.String.PosRaw	String.Pos.Raw.byteIdx_zero_add_string	false
Init.Data.String.Lemmas.Pattern.Basic	String.Slice.Pattern.Model.isLongestRevMatchAt_endPos_iff	true
Init.Data.String.Lemmas.Pattern.Basic	String.Slice.Pattern.Model.IsLongestMatchAt.lt	true
Init.Data.String.Hashable	String.instHashablePos.hash	false
Init.Data.String.Basic	String.Slice.Pos.utf8Encode_get_eq_extract	true
Init.Data.String.Lemmas.Pattern.TakeDrop.Char	String.Slice.revAll_char_iff	true
Init.Data.String.Basic	String.Pos.ofSliceFrom_sliceFrom	true
Init.Data.String.Lemmas.Splits	String.Slice.Pos.Splits.offset_eq_rawEndPos	true
Init.Data.String.Decode	String.utf8EncodeChar_eq_cons_cons	true
Init.Data.String.Iterate	String.Slice.RevPosIterator.mk	false
Init.Data.String.Lemmas.Pattern.Basic	String.Slice.Pattern.Model.IsValidRevSearchFrom.rec	true
Init.Data.String.Pattern.Basic	String.Slice.Pattern.SearchStep.rejected.inj	false
Init.Data.String.Lemmas.Pattern.Char	String.Slice.Pattern.Model.Char.isLongestRevMatchAtChain_startPos_endPos_iff_toList	true
Init.Data.String.Basic	String.substrEq	true
Init.Data.String.Basic	String.toList_push	true
Init.Data.ByteArray.Lemmas	ByteArray.extract_add_three	true
Init.Data.String.Lemmas.Pattern.Basic	String.Slice.Pattern.Model.PatternModel.noConfusionType	false
Init.Data.String.Lemmas.Pattern.String.Basic	String.Slice.Pattern.Model.ForwardSliceSearcher.exists_revMatchesAt_iff_eq_append	true
Init.Data.String.Modify	String.Pos.Raw.IsValid.set_of_le	true
Init.Data.String.Lemmas.Pattern.TakeDrop.Basic	String.all_eq_all_toSlice	true
Init.Data.String.Lemmas.Order	String.Slice.Pos.not_endPos_lt	false
Init.Data.String.Lemmas.Splits	String.Slice.Pos.Splits.ne_endPos_of_singleton	true
Init.Data.String.Basic	String.Pos.Raw.IsValid.append_right	true
Init.Data.String.Lemmas.Pattern.Basic	String.Slice.Pattern.Model.IsLongestMatch.recOn	true
Init.Data.String.Lemmas.Order	String.Pos.lt_ofSlice_iff	true
Init.Data.String.Pattern.String	String.Slice.Pattern.ForwardSliceSearcher.proper.sizeOf_spec	false
Init.Data.String.Lemmas.FindPos	String.Slice.Pos.prev.congr_simp	true
Init.Data.String.Lemmas.Pattern.TakeDrop.Pred	String.Slice.endsWith_prop_eq_false_iff_get	true
Init.Core	Char.mk.inj	false
Init.Data.String.Lemmas.Pattern.TakeDrop.Pred	String.Slice.apply_eq_true_of_lt_skipPrefixWhile_bool	true
Init.Data.Format.Instances	String.toFormat	true
Init.Data.Char.Ordinal	Char.numSurrogates	false
Init.Data.String.Defs	String.rawStartPos_eq	false
Init.Data.String.Basic	String.ofList_nil	false
Init.Data.ByteArray.Lemmas	ByteArray.set.congr_simp	false
Init.Core	String.Pos.Raw.mk.injEq	false
Init.Data.ByteArray.Basic	ByteArray.Iterator.prevn	false
Init.Data.String.Lemmas.Pattern.Basic	String.Slice.Pattern.Model.matchAt?.fun_cases_unfolding	true
Init.Data.String.Lemmas.Intercalate	String.intercalate_cons_append	false
Init.Data.String.Modify	String.Pos.set.eq_1	true
Init.Prelude	ByteArray.emptyWithCapacity	false
Init.Data.ByteArray.Basic	ByteArray.size_data	false
Init.Data.ByteArray.Lemmas	ByteArray.fastAppend_eq_copySlice	false
Init.Data.String.Decode	ByteArray.utf8DecodeChar?.assemble₄Unchecked	false
Init.Data.String.Slice	String.Slice.back	true
Init.Data.String.Lemmas.Order	String.Slice.Pos.ofSliceFrom_lt_iff	true
Init.Data.String.Subslice	String.Slice.subslice	false
Init.Data.String.Decode	String.utf8EncodeChar.eq_def	false
Init.Data.String.Slice	String.Slice.RevSplitIterator.casesOn	false
Init.Data.String.Basic	String.Pos.get_eq_get_ofSliceFrom	true
Init.Data.String.Termination	String.Pos.instWellFoundedRelationDown	false
Init.Data.String.ToSlice	String.ToSlice.noConfusionType	false
Init.Data.String.Basic	String.Pos.Raw.isValidForSlice_iff_isSome_utf8DecodeChar?	true
Init.Data.String.Basic	String.offsetOfPos	true
Init.Data.String.Lemmas.Pattern.Char	String.Slice.Pattern.Model.Char.isLongestMatch_iff_isLongestMatch_beq	true
Init.Data.String.Lemmas.FindPos	String.Slice.posLE.induct_unfolding	true
Init.Data.String.Pattern.Basic	String.Slice.Pattern.ToForwardSearcher.DefaultForwardSearcher.instIteratorIdSearchStepOfForwardPattern	true
Init.Data.String.Lemmas.Pattern.Char	String.Slice.Pattern.Model.Char.isLongestMatchAtChain_startPos_endPos_iff_toList	true
Init.Data.String.Decode	ByteArray.utf8DecodeChar?_utf8EncodeChar_append	true
Init.Data.String.Lemmas.Pattern.Basic	String.Slice.Pattern.Model.RevMatchesAt.casesOn	true
Init.Data.String.Lemmas.Pattern.Find.Char	String.contains_char_eq	true
Init.Data.String.Pattern.String	String.Slice.Pattern.ForwardSliceSearcher.noConfusion	false
Init.Data.String.Lemmas.Iterate	String.Slice.forIn_eq_forIn_chars	true
Init.Data.String.Defs	String.startPos	false
Init.Data.String.Basic	String.Slice.Pos.prevAux.go.match_1	false
Init.Data.Char.Ordinal	Char.ordinal_comp_ofOrdinal	true
Init.Data.String.Lemmas.Pattern.TakeDrop.Char	String.Slice.endsWith_char_eq_false_iff_get	true
Init.Data.String.Basic	String.endExclusive_sliceFrom	true
Init.Data.String.Decode	ByteArray.isUTF8FirstByte_of_validateUTF8At	true
Init.Data.String.Lemmas.Order	String.Slice.Pos.sliceTo_lt_iff	true
Init.Data.Char.Ordinal	Char.le_iff_ofOrdinal_le	true
Init.Data.String.Lemmas.Pattern.TakeDrop.Basic	String.Slice.Pattern.Model.endsWith_eq_false_iff	true
Init.Data.String.Lemmas.IsEmpty	String.Slice.isEmpty_sliceTo_eq_false_iff	false
Init.Data.String.Lemmas.Pattern.TakeDrop.Basic	String.takeEndWhile_takeEndWhile	true
Init.Data.String.PosRaw	String.Pos.Raw.dec	false
Init.Data.String.Modify	String.Pos.splits_pastSet	true
Init.Data.String.FindPos	String.Slice.posGE	true
Init.Data.String.Lemmas.Pattern.TakeDrop.Basic	String.Slice.endsWith_eq_backwardPatternEndsWith	false
Init.Data.String.Lemmas.Pattern.TakeDrop.Basic	String.Slice.dropSuffix?_congr	true
Init.Data.String.Defs	String.Pos.Raw.IsValidForSlice.mk	false
Init.Data.String.Lemmas.Iterate	String.Model.map_get_positionsFrom_of_splits	true
Init.Data.String.Lemmas.Slice	String.Slice.Pos.get?_eq_some_get	true
Init.Data.ByteArray.Basic	ByteArray.usize.eq_1	false
Init.Data.String.Lemmas.Pattern.String.ForwardPattern	String.Slice.takeEndWhile_string_eq_takeEndWhile_toSlice	true
Init.Data.String.Bootstrap	String.Internal.isPrefixOf	false
Init.Data.String.Pattern.Basic	String.Slice.Pattern.ToForwardSearcher.noConfusionType	false
Init.Data.String.Basic	String.Pos.Raw.utf8GetAux	false
Init.Data.String.Lemmas.Basic	String.Slice.pos!.eq_1	true
Init.Data.String.Lemmas.Search	String.front?_eq_get?	true
Init.Data.String.Lemmas.Pattern.Basic	String.Slice.Pattern.Model.IsValidSearchFrom.below.matched	true
Init.Data.String.Slice	String.Slice.dropWhile	true
Init.Data.String.Pattern.Basic	String.Slice.Pattern.ForwardPattern.startsWith	false
Init.Data.String.Lemmas.Pattern.Find.Pred	String.Slice.Pos.find?_bool_eq_none_iff	true
Init.Data.String.Lemmas.Pattern.TakeDrop.Basic	String.skipSuffix?_toSlice	true
Init.Data.String.Lemmas.Pattern.String.Basic	String.Slice.Pattern.Model.ForwardStringSearcher.isLongestRevMatchAt_iff_splits	true
Init.Data.String.Lemmas.Iterate	String.Slice.toList_revPositions	true
Init.Data.String.PosRaw	String.pos_add_char	false
Init.Data.String.Termination	String.Slice.Pos.next?.eq_1	true
Init.Data.String.Lemmas.Pattern.Split.Char	String.toList_split_intercalate	true
Init.Data.String.Decode	String.utf8EncodeChar.fun_cases_unfolding	false
Init.Data.String.Lemmas.Pattern.Basic	String.Slice.Pattern.Model.IsLongestRevMatchAt.revMatchesAt	true
Init.Prelude	String.decEq.match_3	false
Init.Data.String.Lemmas.Pattern.Find.Char	String.Pos.find?_char_eq_some_iff_splits	true
Init.Data.String.Lemmas.Pattern.Char	String.Slice.Pattern.Model.Char.revMatchesAt_iff_splits	true
Init.Data.String.Lemmas.Order	String.Pos.le_ofSliceTo_iff	true
Init.Data.String.Basic	String.Slice.Pos.le_trans	false
Init.Data.String.PosRaw	String.Pos.Raw.unoffsetBy_le_self	false
Init.Data.String.Lemmas.Pattern.Basic	String.Slice.Pattern.Model.NoPrefixPatternModel.casesOn	false
Init.Data.String.Lemmas.Pattern.TakeDrop.Char	String.eq_append_of_dropPrefix?_char_eq_some	true
Init.Data.String.Lemmas.Pattern.TakeDrop.Basic	String.takeWhile_eq_takeWhile_toSlice	true
Init.Data.String.Iterate	String.Slice.ByteIterator	false
Init.Data.String.Bootstrap	String.mk	false
Init.Data.String.Lemmas.Pattern.Basic	String.Slice.Pattern.Model.PatternModel	false
Init.Data.String.Lemmas.Pattern.TakeDrop.Pred	String.Slice.Pos.skipWhile_prop_eq_self_iff_get	true
Init.Data.String.Defs	String.Pos.Raw.IsValidForSlice.isValid_offsetBy	false
Init.Data.String.Basic	String.Slice.Pos.prevAuxGo_le_self	true
Init.Data.String.Iterator	String.Legacy.Iterator	false
Init.Data.String.Lemmas.Pattern.TakeDrop.Basic	String.Slice.Pattern.Model.skipPrefix?_eq_some_iff	true
Init.Data.String.TakeDrop	String.Slice.dropRight	true
Init.Data.String.Termination	String.Slice.Pos.eq_prev_of_prev?_eq_some	true
Init.Data.String.Defs	String.Pos.rec	false
Init.Data.String.Pattern.Basic	String.Slice.Pattern.SearchStep.rejected.sizeOf_spec	false
Init.Data.String.Slice	String.Slice.SplitIterator.PlausibleStep.noConfusion	false
Init.Data.String.Slice	String.Slice.SplitIterator.atEnd.elim	false
Init.Data.String.Basic	String.Slice.Pos.utf8ByteSize_byte	true
Init.Data.String.Defs	String.Pos	false
Init.Data.String.FindPos	String.Slice.posLT	true
Init.Data.String.Lemmas.IsEmpty	String.isEmpty_eq_utf8ByteSize_beq_zero	false
Init.Data.String.Slice	String.Slice.instDecidableLE	true
Init.Data.String.Lemmas.FindPos	String.Pos.prev?_eq_none_iff	true
Init.Data.String.Lemmas.Pattern.Basic	String.Slice.Pattern.Model.IsLongestMatch.casesOn	true
Init.Data.String.Basic	ByteArray.isSome_utf8Decode?_eq_validateUTF8	true
Init.Data.Char.Basic	Char.instInhabited	false
Init.Data.String.Basic	String.Pos.Raw.extract.match_1	false
Init.Data.String.Lemmas.FindPos	String.Pos.prev_eq_iff	true
Init.Data.String.Basic	String.Slice.Pos.le_of_not_lt	false
Init.Data.ByteArray.Basic	ByteArray.Iterator.sizeOf_eq	false
Init.Data.String.TakeDrop	String.trimLeft	true
Init.Data.String.Lemmas.Pattern.TakeDrop.Basic	String.Slice.Pattern.Model.eq_append_of_dropPrefix?_eq_some	true
Init.Data.Range.Polymorphic.Char	Char.instIsAlwaysFinite_2	true
Init.Data.String.Pattern.Basic	String.Slice.Pattern.ToForwardSearcher.toSearcher	false
Init.Data.String.Lemmas.Splits	String.copy_sliceFrom_eq_iff_exists_splits	true
Init.Data.String.Basic	String.Slice.Pos.ofSlice_startPos	false
Init.Data.String.Basic	String.Slice.slice!	false
Init.Data.String.Lemmas.Iterate	String.Model.map_get_revPositionsFrom_of_splits	true
Init.Data.ByteArray.Lemmas	ByteArray.empty_append	false
Init.Data.String.Lemmas.Pattern.TakeDrop.Basic	String.Slice.startsWith_dropWhile	true
Init.Data.String.Lemmas.Pattern.TakeDrop.Pred	String.Pos.skipWhile_bool_eq_self_iff_get	true
Init.Data.String.Lemmas.IsEmpty	String.eq_empty_iff_forall_eq	true
Init.Data.String.Modify	String.modify	true
Init.Data.String.Basic	String.Slice.Pos.cast_le_cast_iff	true
Init.Data.String.Lemmas.Pattern.Pred	String.Slice.dropWhile_prop_eq_dropWhile_decide	true
Init.Data.String.Lemmas.Splits	String.Pos.Splits.rec	false
Init.Data.String.Basic	ByteArray.validateUTF8.go.congr_simp	true
Init.Data.String.Lemmas.Pattern.Pred	String.Slice.Pattern.Model.CharPred.instLawfulForwardPatternModelForallCharBool	true
Init.Data.String.Lemmas.Pattern.Basic	String.Slice.Pattern.Model.PatternModel.ctorIdx	false
Init.Data.Range.Polymorphic.Char	Char.instLeast?	false
Init.Data.Char.Basic	Char.instLT	false
Init.Data.String.Lemmas.Pattern.Basic	String.Slice.Pattern.Model.PatternModel.noConfusion	false
Init.Data.String.Lemmas.Splits	String.Pos.Splits.toByteArray_right_eq	true
Init.Data.String.Lemmas.Search	String.front?_eq	true
Init.Data.String.ToSlice	String.ToSlice.toSlice	false
Init.Prelude	String.decEq	false
Init.Data.String.Slice	String.Slice.toNat?	true
Init.Prelude	Char.casesOn	false
Init.Data.String.Lemmas.FindPos	String.Slice.Pos.prevn_startPos	true
Init.Data.String.Lemmas.Pattern.Char	String.Slice.Pattern.Model.Char.instLawfulBackwardPatternModelChar	true
Init.Data.String.Lemmas.FindPos	String.Pos.prevn_add_one	true
Init.Data.String.Basic	String.Pos.nextn	true
Init.Data.String.Lemmas.FindPos	String.Pos.prev_eq_posLT	true
Init.Data.String.Pattern.Basic	String.Slice.Pattern.ToForwardSearcher.DefaultForwardSearcher	false
Init.Data.String.Lemmas.Pattern.TakeDrop.Pred	String.Pos.skip?_bool_eq_some_iff	true
Init.Data.Char.Ordinal	Char.ordinal_inj	true
Init.Data.String.Slice	String.Slice.SplitIterator.casesOn	false
Init.Prelude	String.ofList	false
Init.Data.String.Termination	String.Slice.Pos.eq_next_of_next?_eq_some	true
Init.Data.String.Basic	String.Pos.le_nextn	true
Init.Data.String.ToSlice	String.instToSliceSlice	false
Init.Data.String.Lemmas.Pattern.TakeDrop.Basic	String.all_takeWhile	true
Init.Data.String.Defs	String.Pos.Raw.IsValid.le_rawEndPos	false
Init.Data.String.Slice	String.Slice.SplitInclusiveIterator.recOn	false
Init.Data.String.Slice	String.Slice.isNat	true
Init.Data.String.Lemmas.Pattern.Basic	String.Slice.Pattern.Model.IsLongestRevMatchAt.isLongestRevMatch_sliceTo	true
Init.Data.String.Lemmas.Pattern.Basic	String.Slice.Pattern.Model.LawfulBackwardPatternModel	true
Init.Data.String.Pattern.Basic	String.Slice.Pattern.ToForwardSearcher.DefaultForwardSearcher.currPos	false
Init.Data.String.Lemmas.Iterate	String.Slice.Pos.Splits.mem_toList_right_iff	true
Init.Data.String.Lemmas.Splits	String.Pos.Splits.copy_sliceTo_eq	true
Init.Data.String.Basic	String.Pos.ofSlice_endPos	true
Init.Data.String.Lemmas.Basic	String.push_inj	true
Init.Data.String.Basic	String.Slice.Pos.ofSliceFrom_endPos	false
Init.Data.ByteArray.Basic	ByteArray.Iterator.hasNext	false
Init.Data.String.Modify	String.toUpper	true
Init.Data.String.Basic	String.Slice.Pos.ofStr	false
Init.Data.String.Slice	String.Slice.SplitIterator.instIteratorLoopIdSubsliceOfMonad	true
Init.Data.String.Decode	ByteArray.utf8DecodeChar?.isInvalidContinuationByte	false
Init.Data.String.Lemmas.Pattern.Char	String.Slice.Pattern.Model.Char.isLongestRevMatch_iff_isLongestRevMatch_beq	true
Init.Data.String.Pattern.Basic	String.Slice.Pattern.StrictForwardPattern.mk	false
Init.Data.String.Lemmas.Splits	String.Slice.Pos.Splits.cast	true
Init.Data.String.Lemmas.Pattern.TakeDrop.Pred	String.Slice.endsWith_bool_iff_get	true
Init.Data.Char.Lemmas	Char.val_inj	false
Init.Data.String.Basic	String.Slice.Pos.sliceOrPanic	false
Init.Data.String.Lemmas.Pattern.Char	String.Slice.Pos.revSkipWhile_char_eq_revSkipWhile_beq	true
Init.Data.String.Defs	String.push.eq_1	false
Init.Data.String.Lemmas.Pattern.Basic	String.Slice.Pattern.Model.IsValidRevSearchFrom.startPos	false
Init.Data.String.Basic	String.get'_eq	true
Init.Data.String.Basic	String.Slice.Pos.ofSliceTo_inj	false
Init.Data.String.Lemmas.Pattern.Char	String.Slice.Pos.find?_char_eq_find?_beq	true
Init.Prelude	String.Pos.Raw.casesOn	false
Init.Data.String.Lemmas.IsEmpty	String.startPos_ne_endPos	true
Init.Data.String.Lemmas.Pattern.Split.Basic	String.Slice.Pattern.toList_splitToSubslice_eq_modelSplit	true
Init.Data.String.Lemmas.Pattern.TakeDrop.Basic	String.skipPrefixWhile_eq_startPos	true
Init.Data.String.Basic	String.Pos.sliceTo_ofSliceTo	true
Init.Data.String.Lemmas.Pattern.TakeDrop.Pred	String.Pos.apply_revSkipWhile_prop	true
Init.Data.String.PosRaw	String.Pos.Raw.zero_add_char_eq	false
Init.Data.String.Termination	String.Pos.prev?.eq_1	true
Init.Prelude	Char.recOn	false
Init.Data.String.Iterator	String.Legacy.Iterator.setCurr	true
Init.Data.ByteArray.Lemmas	ByteArray.data_extract	false
Init.Data.String.Basic	String.Pos.eq_copy_sliceTo_append_get	true
Init.Data.String.Termination	String.Slice.Pos.prev_prev_lt	true
Init.Data.String.Lemmas.Pattern.TakeDrop.Char	String.startsWith_char_iff_exists_append	true
Init.Data.String.Pattern.Basic	String.Slice.Pattern.SearchStep.cast_cast	true
Init.Data.String.Lemmas.Splits	String.Slice.Pos.Splits.eq	true
Init.Data.ByteArray.Basic	ByteArray.instForInUInt8OfMonad	false
Init.Data.String.Lemmas.FindPos	String.Pos.prev?_eq_some_prev	true
Init.Data.String.Lemmas.FindPos	String.Slice.posLT_eq_prev	true
Init.Data.String.Bootstrap	String.Internal.capitalize	false
Init.Data.ByteArray.Basic	ByteArray.foldlMUnsafe	false
Init.Data.String.Lemmas.Basic	String.Pos.nextn_zero	true
Init.Data.String.PosRaw	String.Pos.Raw.decreaseBy_zero	false
Init.Data.ByteArray.Basic	ByteArray.forIn.loop	false
Init.Data.String.Iterate	String.Slice.RevByteIterator.casesOn	false
Init.Prelude	ByteArray.IsValidUTF8.rec	false
Init.Data.String.Basic	String.Slice.Pos.offset_sliceFrom	false
Init.Data.String.Lemmas.Pattern.String.Basic	String.Slice.Pattern.Model.ForwardSliceSearcher.offset_of_isLongestMatchAt	true
Init.Data.String.Lemmas.Pattern.TakeDrop.Pred	String.Slice.endsWith_prop_eq_getLast?	true
Init.Data.String.Lemmas.Splits	String.Slice.Pos.Splits.exists_eq_singleton_append_of_ne_startPos	true
Init.Data.String.Lemmas.Order	String.Slice.Pos.ne_endPos_of_sliceTo_ne_endPos	true
Init.Data.Ord.String	String.instLawfulEqOrd	true
Init.Data.String.Basic	ByteArray.utf8Decode?.go	true
Init.Data.String.Iterate	String.Slice.RevByteIterator.mk.noConfusion	false
Init.Data.String.Decode	ByteArray.utf8DecodeChar?.verify₁.eq_1	false
Init.Data.String.Defs	String.byteIdx_rawEndPos	false
Init.Data.ByteArray.Basic	ByteArray.Iterator.array	false
Init.Data.String.Lemmas.Search	String.front_eq	true
Init.Data.String.Basic	String.Slice.Pos.get_copy	true
Init.Data.String.Subslice	String.Slice.Subslice.str_toSlice	false
Init.Data.String.Basic	String.data_append	true
Init.Data.String.Basic	String.Slice.Pos.ofSlice_endPos	false
Init.Data.String.Basic	String.Pos.le_trans	false
Init.Data.String.Basic	ByteArray.validateUTF8.go	true
Init.Data.String.Iterate	String.Slice.ByteIterator.mk.injEq	false
Init.Data.String.Lemmas.Order	String.Pos.sliceFrom_le_sliceFrom_iff	true
Init.Data.String.Basic	ByteArray.isSome_utf8Decode?Go_eq_validateUTF8Go	true
Init.Data.String.Termination	String.Slice.Pos.Down.inner	false
Init.Data.String.Subslice	String.Slice.Subslice.endExclusive_extendLeft	false
Init.Data.String.Basic	String.startInclusive_sliceFrom	true
Init.Data.String.TakeDrop	String.dropRight	true
Init.Data.ByteArray.Basic	ByteArray.Iterator.curr'.match_1	false
Init.Data.String.Lemmas.Pattern.Basic	String.Slice.Pattern.Model.IsLongestRevMatchAt.rec	true
Init.Data.String.Subslice	String.Slice.Subslice.noConfusionType	false
Init.Data.String.Decode	String.utf8EncodeChar_eq_cons_cons_cons_cons	true
Init.Data.String.Basic	String.Pos.cast_eq_endPos	true
Init.Data.String.Lemmas.Order	String.Slice.Pos.ofSliceTo_lt_iff	false
Init.Data.String.Slice	String.Slice.SplitIterator.PlausibleStep.casesOn	false
Init.Data.String.Lemmas.Pattern.TakeDrop.Char	String.Slice.get_eq_of_lt_skipPrefixWhile_char	true
Init.Data.String.Pattern.Basic	String.Slice.Pattern.SearchStep.cast_matched	true
Init.Data.String.Defs	String.Pos.Raw.isValid_of_eq_rawEndPos	true
Init.Data.String.Basic	String.replaceStart	true
Init.Data.String.Pattern.Basic	String.Slice.Pattern.SearchStep.matched.elim	false
Init.Data.String.Pattern.String	String.Slice.Pattern.ForwardSliceSearcher.skipPrefix?	true
Init.Data.String.Subslice	String.Slice.Subslice.mk	false
Init.Data.String.Lemmas.Pattern.Basic	String.Slice.Pattern.Model.isRevMatch_iff_exists_splits	true
Init.Data.String.Lemmas.FindPos	String.Slice.lt_posGT_iff	true
Init.Data.String.Lemmas.Order	String.Pos.le_startPos	true
Init.Data.String.Lemmas.Pattern.TakeDrop.Basic	String.Slice.Pattern.Model.Pos.revSkip?_eq_revMatchAt?	true
Init.Data.String.Lemmas.Pattern.Basic	String.Slice.Pattern.Model.IsValidRevSearchFrom.below.casesOn	true
Init.Data.String.Defs	String.Slice.startInclusive_le_endExclusive	false
Init.Data.String.Basic	String.rawEndPos_sliceTo	true
Init.Data.String.Lemmas.FindPos	String.Pos.posGT_offset	true
Init.Data.String.Pattern.Basic	String.Slice.Pattern.ToForwardSearcher.DefaultForwardSearcher.ctorIdx	false
Init.Data.String.Basic	String.Slice.Pos.offset_next	true
Init.Data.String.Decode	ByteArray.validateUTF8At_eq_isSome_utf8DecodeChar?	true
Init.Data.ByteArray.Basic	ByteArray.toList.loop	false
Init.Data.String.Bootstrap	String.Internal.posOf	false
Init.Data.String.Slice	String.Slice.SplitInclusiveIterator.rec	false
Init.Data.String.PosRaw	String.getUTF8Byte	false
Init.Data.String.Lemmas.Order	String.Slice.Pos.ne_startPos_of_lt	false
Init.Data.String.Basic	String.startInclusive_slice	true
Init.Data.ByteArray.Basic	ByteArray.fastAppend.eq_1	false
Init.Data.String.Lemmas.Basic	String.Slice.sliceFrom_sliceTo	true
Init.Data.String.Lemmas.Pattern.TakeDrop.Basic	String.Slice.isSome_skipSuffix?	false
Init.Data.String.Lemmas.Pattern.String.ForwardSearcher	String.Slice.Pattern.Model.ForwardStringSearcher.toSearcher_empty	true
Init.Data.String.Lemmas.Pattern.TakeDrop.Char	String.Slice.startsWith_char_iff_exists_append	true
Init.Data.String.Modify	String.toLower	true
Init.Data.String.Lemmas.Pattern.String.ForwardPattern	String.Slice.dropWhile_string_eq_dropWhile_toSlice	true
Init.Data.Ord.String	String.instOrd	true
Init.Data.String.Lemmas.Pattern.Basic	String.Slice.Pattern.Model.LawfulToForwardSearcherModel.recOn	true
Init.Data.String.Lemmas.Pattern.Split.Basic	String.Slice.Pattern.Model.split_eq_of_not_matchesAt	true
Init.Data.String.Lemmas.Pattern.TakeDrop.Basic	String.Slice.Pos.revSkipWhile_congr	true
Init.Data.String.Lemmas.Splits	String.Pos.Splits.eq_append	false
Init.Data.String.Lemmas.Pattern.Basic	String.Slice.Pattern.Model.IsLongestMatchAt.mk	true
Init.Data.String.Decode	ByteArray.utf8DecodeChar?.assemble₂.eq_def	false
Init.Data.String.Basic	String.Slice.Pos.ofSliceFrom_inj	false
Init.Data.Char.Ordinal	Char.succMany?_eq	true
Init.Data.String.Basic	String.Slice.Pos.str_lt_str_iff	false
Init.Data.String.Pattern.Basic	String.Slice.Pattern.StrictBackwardPattern	false
Init.Data.String.Decode	ByteArray.utf8DecodeChar?.FirstByte.invalid	false
Init.Data.String.Lemmas.Search	String.back?_eq	true
Init.Prelude	String.Pos.Raw.ctorIdx	false
Init.Data.String.Lemmas.Pattern.Char	String.Slice.Pattern.Model.Char.isMatch_iff	true
Init.Data.ByteArray.Basic	ByteArray.Iterator.mk.noConfusion	false
Init.Data.Char.Lemmas	Char.notLTAntisymm	false
Init.Data.Char.Ordinal	Char.succ?	true
Init.Data.String.Lemmas.Pattern.Basic	String.Slice.Pattern.Model.IsValidSearchFrom.brecOn	true
Init.Data.String.FindPos	String.posLE	true
Init.Data.ByteArray.Lemmas	ByteArray.data_set	false
Init.Data.String.Pattern.Basic	String.Slice.Pattern.ToBackwardSearcher.DefaultBackwardSearcher.mk	false
Init.Data.String.Defs	String.toSubstring	false
Init.Data.String.Slice	String.Slice.SplitIterator.instFiniteIdSubsliceOfSearchStep	false
Init.Data.String.Lemmas.Pattern.TakeDrop.Basic	String.Slice.Pattern.Model.not_revMatchesAt_skipSuffixWhile	true
Init.Data.String.Lemmas.Pattern.TakeDrop.Basic	String.Slice.skipSuffix?_eq_backwardPatternSkipSuffix?	false
Init.Data.String.Lemmas.Pattern.Char	String.Slice.Pattern.Model.Char.matchesAt_iff	true
Init.Data.String.Lemmas.StringOrder	String.lt_asymm	true
Init.Data.String.Basic	String.str_sliceFrom	true
Init.Data.String.Decode	ByteArray.utf8DecodeChar?.isInvalidContinuationByte.eq_1	false
Init.Data.String.Decode	ByteArray.utf8DecodeChar?_eq_utf8DecodeChar?_extract	true
Init.Data.String.Basic	String.Slice.Pos.ofSliceFrom_startPos	false
Init.Data.String.OrderInstances	String.Slice.Pos.instLTCoOfNatIntHAddCastUtf8ByteSize	false
Init.Data.String.PosRaw	String.Pos.Raw.offsetBy	false
Init.Data.String.Iterate	String.Slice.RevPosIterator.casesOn	false
Init.Data.String.Defs	String.Pos.lt_iff	false
Init.Data.String.Lemmas.Pattern.Basic	String.Slice.Pattern.Model.IsMatch.ne_startPos	true
Init.Data.String.Subslice	String.Slice.Subslice.extendLeft	false
Init.Data.String.Lemmas.StringOrder	String.le_total	true
Init.Data.String.Defs	String.lengthAssumingAscii	false
Init.Data.String.Basic	String.Slice.slice?	false
Init.Data.String.Lemmas.Order	String.Pos.byteIdx_offset_le_utf8ByteSize	false
Init.Data.String.Lemmas.Pattern.TakeDrop.Basic	String.Slice.takeEndWhile_takeEndWhile	true
Init.Data.String.Lemmas.Iterate	String.Slice.forIn_eq_forIn_toList	true
Init.Data.String.Lemmas.Basic	String.Slice.sliceFrom_startPos	true
Init.Data.String.Lemmas.Pattern.Basic	String.Slice.Pattern.Model.IsValidRevSearchFrom.casesOn	true
Init.Data.String.Basic	String.Slice.Pos.ofSliceFrom	false
Init.Data.ByteArray.Lemmas	ByteArray.emptyc_eq_empty	false
Init.Data.String.Lemmas.Pattern.Basic	String.Slice.Pattern.Model.IsLongestMatch.isMatch	true
Init.Data.String.Basic	String.Slice.Pos.prevAux.go.eq_1	true
Init.Data.String.Subslice	String.Slice.Subslice.instToString	true
Init.Data.String.Lemmas.Pattern.TakeDrop.Basic	String.Slice.Pattern.Model.startsWith_iff	true
Init.Data.String.Lemmas.Pattern.TakeDrop.Basic	String.Slice.Pos.skip?_cast	true
Init.Data.String.Decode	ByteArray.utf8EncodeChar_utf8DecodeChar	true
Init.Data.String.Iterate	String.Slice.PosIterator.casesOn	false
Init.Data.String.Lemmas.Pattern.Find.String	String.contains_string_eq_false_iff	true
Init.Data.ByteArray.Lemmas	ByteArray.data_empty	false
Init.Data.String.Basic	String.get?	true
Init.Data.String.Basic	String.Slice.Pos.toCopy	true
Init.Data.String.Basic	String.str_sliceTo	true
Init.Data.ByteArray.Lemmas	ByteArray.data_append	false
Init.Data.String.Lemmas.Pattern.String.Basic	String.Slice.Pattern.Model.ForwardStringSearcher.isRevMatch_iff	true
Init.Prelude	String.Pos.Raw.mk.noConfusion	false
Init.Data.String.Lemmas.Pattern.TakeDrop.Pred	String.Slice.Pos.apply_eq_true_of_lt_skipWhile_bool	true
Init.Data.String.Lemmas.Pattern.Basic	String.Slice.Pattern.Model.isLongestRevMatchAt_of_ofSliceFrom	true
Init.Data.String.Lemmas.FindPos	String.posGE_eq_posGE_toSlice	true
Init.Data.String.Lemmas.FindPos	String.Pos.ofSlice_prev	true
Init.Data.String.Lemmas.Pattern.TakeDrop.Pred	String.Slice.Pos.revSkip?_prop_eq_some_iff	true
Init.Data.String.Basic	String.Slice.Pos.offset_str_le_offset_endExclusive	false
Init.Data.String.Lemmas.Pattern.Basic	String.Slice.Pattern.Model.isLongestMatchAt_of_ofSliceTo	true
Init.Data.String.OrderInstances	String.Pos.Raw.instLTCiOfNatInt	false
Init.Data.String.Decode	ByteArray.utf8DecodeChar?.match_1.congr_eq_4	false
Init.Data.String.Lemmas.Pattern.TakeDrop.Basic	String.isEmpty_takeWhile_dropWhile	true
Init.Data.String.Lemmas.Basic	String.sliceTo_eq_toSlice_iff	true
Init.Data.String.Iterator	String.Legacy.Iterator.curr	true
Init.Data.String.Lemmas.Basic	String.Slice.Pos.slice_eq_endPos	false
Init.Data.String.Lemmas.Pattern.TakeDrop.Basic	String.takeEndWhile_toSlice	true
Init.Data.String.Lemmas.Iterate	String.Model.revPositionsFrom_eq_cons	true
Init.Data.String.Lemmas.Pattern.String.Basic	String.Slice.Pattern.Model.ForwardSliceSearcher.revMatchesAt_iff_isLongestRevMatchAt	true
Init.Data.String.Lemmas.Pattern.TakeDrop.Pred	String.Pos.apply_revSkipWhile_bool_eq_false	true
Init.Data.String.Iterator	String.Legacy.instDecidableEqIterator	false
Init.Data.String.Slice	String.Slice.endsWith	false
Init.Data.String.Defs	String.Internal.pushnImpl	false
Init.Data.String.Lemmas.FindPos	String.offset_posLE_le	true
Init.Data.String.Subslice	String.Slice.Subslice.mk.sizeOf_spec	false
Init.Prelude	String.Pos.Raw.noConfusion	false
Init.Data.String.Iterate	String.Slice.ByteIterator.s	false
Init.Data.String.Lemmas.Order	String.Pos.offset_le_rawEndPos	false
Init.Data.String.Basic	String.Slice.sliceTo_append_sliceFrom	true
Init.Data.String.Lemmas.Pattern.TakeDrop.Pred	String.Slice.revAll_prop_eq	true
Init.Data.String.Pattern.Basic	String.Slice.Pattern.LawfulForwardPattern.skipPrefixOfNonempty?_eq	false
Init.Data.String.Iterator	String.Legacy.Iterator.next'	true
Init.Data.String.Termination	String.Slice.Pos.Down.mk.injEq	false
Init.Data.String.Iterate	String.Slice.RevPosIterator.currPos	false
Init.Data.String.Lemmas.Splits	String.Slice.Pos.splits_next_right	true
Init.Data.String.Lemmas.Pattern.Pred	String.Slice.Pattern.Model.CharPred.Decidable.isLongestRevMatch_iff	true
Init.Data.String.Defs	String.instDecidableEqPos	false
Init.Data.String.Termination	String.Pos.eq_prev_of_prev?_eq_some	true
Init.Data.ByteArray.Basic	ByteArray.hash	false
Init.Data.String.Lemmas.Pattern.Find.Char	String.contains_char_eq_contains_beq	true
Init.Data.String.Pattern.String	String.Slice.Pattern.ForwardSliceSearcher.atEnd.sizeOf_spec	false
Init.Data.String.Decode	ByteArray.utf8DecodeChar?.assemble₃.eq_def	false
Init.Data.String.Lemmas.Order	String.Slice.Pos.le_sliceFrom_iff	true
Init.Data.String.Basic	String.Pos.ne_of_lt	false
Init.Data.String.TakeDrop	String.dropSuffix?	true
Init.Data.String.Slice	String.Slice.RevSplitIterator.recOn	false
Init.Data.String.Lemmas.Pattern.TakeDrop.Basic	String.revAll_eq_revAll_toSlice	true
Init.Data.String.Lemmas.Basic	String.append_eq_left_iff	true
Init.Data.String.Search	String.anyAux	true
Init.Data.String.OrderInstances	String.Pos.Raw.instToIntCiOfNatInt	false
Init.Data.String.Pattern.Char	String.Slice.Pattern.Char.instLawfulBackwardPatternChar	true
Init.Data.String.Lemmas.Slice	String.Pos.get?_eq_none_iff	true
Init.Data.ByteArray.Lemmas	ByteArray.getElem_extract_aux	false
Init.Data.String.Pattern.Basic	String.Slice.Pattern.BackwardPattern.noConfusion	false
Init.Data.ByteArray.Lemmas	ByteArray.getElem!_push_eq	false
Init.Data.String.Lemmas.Pattern.String.Basic	String.Slice.Pattern.Model.ForwardStringSearcher.isLongestRevMatch_iff	true
Init.Data.Char.Basic	Char.isWhitespace	false
Init.Data.String.Decode	ByteArray.utf8DecodeChar?.match_1.congr_eq_2	false
Init.Data.String.Lemmas.FindPos	String.Slice.Pos.posLE_offset	true
Init.Data.String.Lemmas.Pattern.Basic	String.Slice.Pattern.Model.MatchesAt.casesOn	true
Init.Data.String.Lemmas.Pattern.String.ForwardPattern	String.Slice.Pattern.ForwardPattern.skipPrefix?_string_eq_skipPrefix?_toSlice	true
Init.Data.String.Defs	String.Pos.Raw.IsValid.isValidUTF8_extract_zero	false
Init.Data.String.Lemmas.Basic	String.Slice.slice.eq_1	false
Init.Data.String.Lemmas.FindPos	String.offset_posGE_eq_self_iff	true
Init.Data.String.FindPos	String.Slice.posLE.eq_def	true
Init.Data.String.Basic	String.Pos.Raw.get	true
Init.Core	String.Pos.Raw.mk.inj	false
Init.Data.String.Lemmas.Pattern.TakeDrop.Char	String.Slice.Pos.get_skipWhile_char_ne	true
Init.Data.Char.Basic	Char.toLower	false
Init.Data.ByteArray.Lemmas	ByteArray.size_append	false
Init.Data.String.Lemmas.Pattern.Basic	String.Slice.Pattern.Model.IsLongestMatchAtChain.recOn	true
Init.Data.String.Slice	String.Slice.any	false
Init.Data.String.Defs	String.Slice.instDecidableEqPos	false
Init.Data.String.TakeDrop	String.Internal.dropRightImpl	true
Init.Data.Char.Ordinal	Char.ordinal_injective	true
Init.Data.Char.Lemmas	Char.isDigit.eq_1	false
Init.Data.String.Lemmas.FindPos	String.Slice.Pos.posGE_offset	true
Init.Ext	Char.ext_iff	false
Init.Data.String.Lemmas.Pattern.Pred	String.Slice.Pattern.Model.CharPred.Decidable.isRevMatch_iff	true
Init.Data.String.Lemmas.Pattern.TakeDrop.Basic	String.Slice.Pattern.Model.Pos.revSkipWhile_eq_self	true
Init.Data.String.Lemmas.Pattern.TakeDrop.Pred	String.Slice.skipSuffix?_prop_eq_some_iff	true
Init.Data.String.Lemmas.TakeDrop	String.Slice.toList_copy_takeEnd	true
Init.Data.String.Pattern.Basic	String.Slice.Pattern.BackwardPattern.mk.noConfusion	false
Init.Data.String.Lemmas.Pattern.String.Basic	String.Slice.Pattern.Model.ForwardSliceSearcher.offset_of_isLongestRevMatchAt	true
Init.Data.String.Lemmas.Pattern.TakeDrop.Basic	String.Slice.Pattern.Model.eq_append_of_dropSuffix?_eq_some	true
Init.Data.String.Bootstrap	String.Internal.intercalate	false
Init.Data.String.Lemmas.Splits	String.Pos.Splits.rotateRight	true
Init.Data.String.Lemmas.Pattern.TakeDrop.Char	String.Slice.eq_append_of_dropPrefix?_char_eq_some	true
Init.Data.String.Slice	String.Slice.revFind?	false
Init.Data.String.Basic	String.Slice.Pos.sliceFrom_inj	true
Init.Data.String.Lemmas.Basic	String.push_empty	false
Init.Data.String.Basic	String.Pos.Raw.offsetOfPos	true
Init.Data.String.Defs	String.Slice	false
Init.Data.String.Lemmas.Pattern.TakeDrop.Pred	String.Slice.Pos.revSkip?_bool_eq_some_iff	true
Init.Data.String.Basic	ByteArray.utf8Decode?.go.eq_def	true
Init.Data.String.Slice	String.Slice.find?	false
Init.Data.String.Basic	String.Slice.Pos.get_eq_get_copy	true
Init.Data.String.Pattern.Basic	String.Slice.Pattern.ToBackwardSearcher.ctorIdx	false
Init.Data.String.Lemmas.Pattern.TakeDrop.String	String.Slice.startsWith_string_eq_false_iff	true
Init.Data.String.Iterate	String.Slice.ByteIterator.instIteratorUInt8OfPure.match_3	false
Init.Data.String.Lemmas.Pattern.TakeDrop.Char	String.Slice.startsWith_char_eq_false_iff_forall_append	true
Init.Data.String.Lemmas.Pattern.TakeDrop.Basic	String.Slice.isEmpty_takeEndWhile_eq_true	true
Init.Data.String.Termination	String.Slice.Pos.prev_induction	true
Init.Data.String.Defs	String.Slice.getUTF8Byte	false
Init.Data.String.PosRaw	String.Pos.Raw.zero_addChar_eq	false
Init.Data.String.Lemmas.Pattern.TakeDrop.Char	String.startsWith_char_eq_false_iff_forall_append	true
Init.Data.String.Decode	ByteArray.utf8DecodeChar?.assemble₁.eq_1	true
Init.Data.String.Lemmas.Intercalate	String.join_eq_foldl	false
Init.Data.String.Termination	String.Pos.wellFounded_lt	false
Init.Data.String.Lemmas.Pattern.Basic	String.Slice.Pattern.Model.isLongestRevMatch_iff	true
Init.Data.String.Lemmas.Pattern.Char	String.Slice.Pattern.Model.Char.isLongestRevMatchAtChain_iff	true
Init.Data.String.Lemmas.Pattern.TakeDrop.Basic	String.Slice.cast_skipSuffixWhile	true
Init.Data.Ord.String	Char.instTransOrd	true
Init.Data.String.PosRaw	String.instDecidableLeRaw	false
Init.Data.String.Lemmas.Pattern.TakeDrop.Char	String.Slice.Pos.skip?_char_eq_none_iff	true
Init.Data.String.Termination	String.Slice.Pos.Down.noConfusionType	false
Init.Prelude	Char.val_ne_of_ne	false
Init.Data.String.Lemmas.Pattern.Pred	String.Slice.Pattern.Model.CharPred.Decidable.not_revMatchesAt_of_get	true
Init.Data.String.Basic	String.Pos.slice_inj	true
Init.Data.String.Lemmas.FindPos	String.Slice.Pos.prev.eq_1	true
Init.Data.String.Lemmas.Pattern.TakeDrop.Char	String.endsWith_char_eq_false_iff_get	true
Init.Data.String.Defs	String.Pos.mk.inj	false
Init.Data.String.Lemmas.Pattern.Basic	String.Slice.Pattern.Model.IsLongestMatchAtChain.below	true
Init.Data.String.Lemmas.Pattern.TakeDrop.Pred	String.apply_of_lt_skipPrefixWhile_prop	true
Init.Data.String.Decode	ByteArray.utf8DecodeChar?.FirstByte.ctorElimType	false
Init.Data.String.PosRaw	String.instHAddRaw	false
Init.Data.String.Pattern.Basic	String.Slice.Pattern.LawfulForwardPattern.startsWith_eq	false
Init.Data.String.Lemmas.Slice	String.Slice.back_eq	true
Init.Data.Char.Ordinal	Char.ofOrdinal_comp_ordinal	true
Init.Data.String.Length	String.length	true
Init.Data.String.Lemmas.Pattern.Pred	String.Slice.Pattern.Model.CharPred.Decidable.instNoSuffixPatternModelForallCharProp	true
Init.Data.String.Pattern.Basic	String.Slice.Pattern.SearchStep.rejected.elim	false
Init.Data.String.Lemmas.Pattern.Basic	String.Slice.Pattern.Model.IsValidRevSearchFrom	true
Init.Data.String.ToSlice	String.ToSlice.rec	false
Init.Data.String.Basic	String.Pos.Raw.isValid_copy_iff	true
Init.Data.String.TakeDrop	String.Slice.dropRightWhile	true
Init.Data.String.Lemmas.Pattern.Basic	String.Slice.Pattern.Model.IsLongestRevMatchAtChain.eq_of_isLongestRevMatchAt_self	true
Init.Data.String.Slice	String.Slice.skipSuffix?	false
Init.Data.String.Lemmas.FindPos	String.posGT_le_iff	true
Init.Data.Char.Basic	Char.isValidChar_of_isValidCharNat	false
Init.Data.String.Lemmas.Pattern.TakeDrop.Basic	String.Slice.skip?_startPos	true
Init.Data.String.Lemmas.Pattern.Basic	String.Slice.Pattern.Model.IsLongestRevMatchAtChain.recOn	true
Init.Data.String.Lemmas.Pattern.TakeDrop.Basic	String.Slice.Pos.revSkipWhile_le	true
Init.Data.String.Lemmas.Splits	String.Slice.Pos.splits_copy_iff	true
Init.Data.String.Decode	ByteArray.utf8DecodeChar?.verify₁	false
Init.Data.ByteArray.Lemmas	ByteArray.extract_eq_empty_iff	true
Init.Data.String.Lemmas.TakeDrop	String.Slice.take_eq_sliceTo	true
Init.Data.String.Lemmas.Pattern.TakeDrop.Pred	String.skipSuffix?_bool_eq_some_iff	true
Init.Data.String.Lemmas.Pattern.TakeDrop.String	String.Slice.skipSuffix?_string_eq_some_iff'	true
Init.Data.ByteArray.Basic	ByteArray.findIdx?	false
Init.Data.String.Termination	String.Pos.map_toSlice_next?	true
Init.Data.String.Lemmas.Splits	String.Slice.Pos.Splits.mk	true
Init.Data.String.Basic	String.Pos.Raw.utf8SetAux.eq_def	false
Init.Data.String.Lemmas.Pattern.Find.Pred	String.Slice.find?_bool_eq_some_iff	true
Init.Data.String.Lemmas.Pattern.TakeDrop.Pred	String.Pos.apply_of_revSkipWhile_le_prop	true
Init.Data.String.Lemmas.Pattern.Pred	String.Slice.Pattern.Model.CharPred.Decidable.toBackwardSearcher_eq	true
Init.Data.String.Decode	Char.utf8Size_le_four	false
Init.Data.String.Iterate	String.Slice.instInhabitedRevPosIterator.default	false
Init.Data.String.Lemmas.Pattern.TakeDrop.Basic	String.Slice.dropPrefix?_congr	true
Init.Data.String.Basic	String.Pos.cast_eq_startPos	false
Init.Data.String.Lemmas.Splits	String.Slice.Pos.Splits.next	true
Init.Data.String.Basic	String.Slice.Pos.offset_slice	false
Init.Data.String.Lemmas.Pattern.Basic	String.Slice.Pattern.Model.IsMatch.mk	true
Init.Data.ByteArray.Lemmas	ByteArray.toList.eq_1	false
Init.Data.String.Subslice	String.Slice.Subslice.ofSliceFrom	false
Init.Data.String.Lemmas.Pattern.Char	String.Slice.Pattern.Model.Char.revMatchAt?_eq_revMatchAt?_beq	true
Init.Data.String.Hashable	String.instHashablePos	false
Init.Data.String.Basic	String.Pos.copy_toSlice_eq_cast	true
Init.Data.String.Lemmas.Pattern.String.Basic	String.Slice.Pattern.Model.ForwardStringSearcher.revMatchesAt_iff_toSlice	true
Init.Data.String.Lemmas.Pattern.TakeDrop.String	String.Slice.startsWith_slice_eq_false_iff	true
Init.Data.String.Lemmas.Pattern.TakeDrop.Basic	String.Pos.revSkipWhile_toSlice	true
Init.Data.String.Slice	String.Slice.SplitInclusiveIterator.noConfusionType	false
Init.Data.String.Lemmas.Pattern.TakeDrop.Pred	String.startsWith_prop_iff_get	true
Init.Data.String.Lemmas.Pattern.TakeDrop.String	String.Slice.dropSuffix?_slice_of_isEmpty	true
Init.Data.String.Search	String.back?	true
Init.SizeOf	String.ofByteArray.sizeOf_spec	false
Init.Data.String.Pattern.Basic	String.Slice.Pattern.ToForwardSearcher.instInhabitedDefaultForwardSearcher.default	false
Init.Data.Char.Basic	Char.lt	false
Init.Data.String.Search	String.isInt	true
Init.Data.String.Lemmas.Basic	String.pos!.eq_1	true
Init.Data.String.Defs	String.Pos.le_refl	false
Init.Data.String.Iterator	String.Pos.Raw.atEnd.eq_1	false
Init.Data.String.Defs	String.Pos.noConfusionType	false
Init.Data.String.Basic	String.Slice.Pos.sliceTo.congr_simp	false
Init.Data.String.Lemmas.Pattern.TakeDrop.Basic	String.dropWhile_toSlice	true
Init.Data.String.Lemmas.Pattern.TakeDrop.Basic	String.isEmpty_takeEndWhile_dropEndWhile	true
Init.Data.String.Lemmas.Splits	String.Slice.Pos.splits_empty_left_iff	true
Init.Data.String.Lemmas.Pattern.TakeDrop.Basic	String.skipSuffix?_eq_skipSuffix?_toSlice	true
Init.Data.String.Lemmas.Pattern.Basic	String.Slice.Pattern.Model.revMatchAt?_cast	true
Init.Data.String.Lemmas.Pattern.TakeDrop.Pred	String.Pos.apply_eq_true_of_revSkipWhile_le_bool	true
Init.Data.String.Lemmas.Pattern.String.Basic	String.Slice.Pattern.Model.ForwardStringSearcher.isValidRevSearchFrom_iff_isValidRevSearchFrom_toSlice	true
Init.Data.ByteArray.Bootstrap	ByteArray.append	false
Init.Data.String.Lemmas.Pattern.Pred	String.Slice.Pattern.BackwardPattern.skipSuffix?_prop_eq_skipSuffix?_decide	true
Init.Data.String.Lemmas.Pattern.String.Basic	String.Slice.Pattern.Model.ForwardStringSearcher.exists_matchesAt_iff_eq_append	true
Init.Data.String.Lemmas.Pattern.String.ForwardPattern	String.Slice.Pos.revSkipWhile_string_eq_revSkipWhile_toSlice	true
Init.Data.String.Lemmas.Pattern.Find.Char	String.Slice.Pos.find?_char_eq_some_iff	true
Init.Data.String.FindPos	String.posGE	true
Init.Data.String.Slice	String.Slice.instInhabitedRevSplitIterator.default	false
Init.Prelude	String.rec	false
Init.Data.String.Lemmas.Pattern.Pred	String.Slice.Pos.skip?_prop_eq_skip?_decide	true
Init.Data.String.Lemmas.Splits	String.Slice.Pos.Splits.offset_eq_decreaseBy	true
Init.Data.String.Lemmas.Pattern.TakeDrop.Basic	String.Slice.Pos.skip?_copy	true
Init.Data.String.Pattern.Basic	String.Slice.Pattern.ToForwardSearcher.DefaultForwardSearcher.recOn	false
Init.Data.String.Lemmas.Pattern.TakeDrop.Basic	String.Slice.all_takeWhile	true
Init.Data.ByteArray.Basic	ByteArray.copySlice.eq_1	false
Init.Data.String.Basic	String.Slice.Pos.next?	true
Init.Data.String.Lemmas.Pattern.Pred	String.Slice.Pos.revSkipWhile_prop_eq_revSkipWhile_decide	true
Init.Data.String.Lemmas.Pattern.Basic	String.Slice.Pattern.Model.LawfulBackwardPatternModel.mk	true
Init.Data.String.Slice	String.Slice.toName	true
Init.Data.String.Lemmas.Iterate	String.Model.positionsFrom_eq_cons	true
Init.Data.String.Decode	ByteArray.utf8DecodeChar?.parseFirstByte	false
Init.Data.String.Search	String.Pos.find	true
Init.Data.String.Slice	String.Slice.RevSplitIterator.operating	false
Init.Data.String.Lemmas.Intercalate	String.toList_intercalate	true
Init.Data.String.Lemmas.Pattern.Basic	String.Slice.Pattern.Model.IsValidRevSearchFrom.mismatched_of_eq	true
Init.Data.String.Lemmas.Order	String.Pos.le_sliceTo_iff	true
Init.Data.String.Lemmas.Pattern.TakeDrop.Char	String.Slice.endsWith_char_eq_getLast?	true
Init.Data.String.Lemmas.Pattern.Char	String.Slice.Pattern.Model.Char.isLongestMatch_iff	true
Init.Data.String.Iterate	String.Slice.RevByteIterator.rec	false
Init.Data.Range.Polymorphic.Char	Char.instLawfulUpwardEnumerable	true
Init.Data.String.Lemmas.Splits	String.Slice.Pos.Splits.recOn	true
Init.Data.String.TakeDrop	String.revAll	true
Init.Data.String.Iterate	String.Slice.ByteIterator.instIteratorUInt8OfPure	false
Init.Data.String.Basic	String.Pos.utf8ByteSize_byte	true
Init.Data.String.Basic	String.get	true
Init.Data.String.Decode	ByteArray.add_utf8Size_utf8DecodeChar_le_size	true
Init.Data.String.Basic	String.Pos.ofSlice_startPos	true
Init.Data.Char.Basic	Char.isDigit	false
Init.Data.String.Lemmas.Pattern.Basic	String.Slice.Pattern.Model.IsLongestMatchAt.of_eq	true
Init.Data.String.PosRaw	String.instHAddRaw_1	false
Init.Data.String.Lemmas.Splits	String.Pos.Splits.copy_sliceFrom_eq	true
Init.Data.String.Lemmas.Pattern.Basic	String.Slice.Pattern.Model.revMatchesAt_iff_exists_isLongestRevMatch	true
Init.Data.String.Legacy	String.splitToList	true
Init.Data.String.Iterator	String.Legacy.instInhabitedIterator.default	false
Init.Data.String.Lemmas.Pattern.Basic	String.Slice.Pattern.Model.revMatchAt?_eq_none_iff	true
Init.Data.String.PosRaw	String.rawEndPos_empty	false
Init.Data.String.Basic	String.firstDiffPos.loop	true
Init.Data.String.Lemmas.Splits	String.Pos.Splits.offset_eq_decreaseBy	false
Init.Data.String.Basic	String.sliceFrom	true
Init.Data.String.Basic	String.Pos.copy_ofCopy	true
Init.Data.String.Iterate	String.revPositions	true
Init.Data.String.Lemmas.Pattern.Basic	String.Slice.Pattern.Model.IsRevMatch	true
Init.Data.String.Pattern.String	String.Slice.Pattern.ForwardSliceSearcher.emptyAt.elim	false
Init.Data.String.Basic	String.Pos.toSlice_next	true
Init.Data.String.Lemmas.FindPos	String.Slice.Pos.prevn.induct_unfolding	true
Init.Data.String.Basic	String.Pos.Raw.next	true
Init.Data.String.Basic	String.decodeChar.congr_simp	true
Init.Data.String.PosRaw	String.Pos.Raw.zero_addString_eq	false
Init.Data.ByteArray.Basic	ByteArray.findFinIdx?.loop	false
Init.Data.String.Decode	ByteArray.lt_size_of_isSome_utf8DecodeChar?	true
Init.Data.String.Legacy	String.splitOn	true
Init.Prelude	List.utf8Encode	false
Init.Data.String.Lemmas.Pattern.Basic	String.Slice.Pattern.Model.RevMatchesAt.mk	true
Init.Data.String.Lemmas.Pattern.Basic	String.Slice.Pattern.Model.IsMatch.recOn	true
Init.Data.String.Lemmas.Pattern.TakeDrop.Basic	String.Slice.Pattern.Model.Pos.skipWhile_eq_self_iff_or	true
Init.Data.String.Defs	String.Slice.Pos	false
Init.Data.ByteArray.Lemmas	ByteArray.getElem_set!_ne	false
Init.Data.String.Lemmas.Splits	String.Slice.Pos.Splits.le_iff_exists_eq_append	true
Init.Data.String.Lemmas.Pattern.String.Basic	String.Slice.Pattern.Model.ForwardStringSearcher.matchesAt_iff_isLongestMatchAt	true
Init.Data.String.Pattern.Basic	String.Slice.Pattern.LawfulBackwardPattern.endsWith_eq	false
Init.Data.String.Basic	String.le	true
Init.Data.String.Lemmas.Pattern.Char	String.Slice.revFind?_char_eq_revFind?_beq	true
Init.Data.String.Lemmas.Pattern.Char	String.Slice.Pattern.Model.Char.isLongestMatchAt_iff	true
Init.Data.String.Lemmas.Order	String.Pos.le_slice_iff	true
Init.Data.String.Lemmas.Pattern.Char	String.Slice.Pattern.Model.Char.isValidSearchFrom_iff_isValidSearchFrom_beq	true
Init.Data.String.Basic	String.Pos.Raw.byteIdx_lt_byteIdx_next	true
Init.Data.String.Basic	String.Pos.Raw.get?.match_1	false
Init.Data.String.Lemmas.Length	String.length_join	true
Init.Data.String.Lemmas.Iterate	String.Slice.Model.revPositionsFrom	true
Init.Data.String.Lemmas.Pattern.TakeDrop.Basic	String.dropWhile_eq_toSlice	true
Init.Data.String.Lemmas.Pattern.Basic	String.Slice.Pattern.Model.MatchesAt.mk	true
Init.Data.String.Lemmas.Pattern.Find.Basic	String.Slice.Pattern.Model.posFind?_eq_some_iff	true
Init.Data.String.Lemmas.FindPos	String.Slice.posGE_inc	true
Init.Data.String.Lemmas.Iterate	String.Slice.toList_chars	true
Init.Data.String.Modify	String.mapAux	true
Init.Data.String.Pattern.Basic	String.Slice.Pattern.SearchStep.matched.sizeOf_spec	false
Init.Data.String.Lemmas.Modify	String.map_eq_empty	true
Init.Data.String.Lemmas.Pattern.Basic	String.Slice.Pattern.Model.IsLongestRevMatchAt.of_eq	true
Init.Data.String.Lemmas.Pattern.Char	String.Slice.Pos.skipWhile_char_eq_skipWhile_beq	true
Init.Data.String.Pattern.String	String.Slice.Pattern.ForwardSliceSearcher.instForwardPattern_1	true
Init.Data.String.Lemmas.FindPos	String.Slice.posLE_lt_iff	true
Init.Data.String.Defs	String.push_eq_append	false
Init.Data.String.Lemmas.Pattern.Basic	String.Slice.Pattern.Model.isLongestMatch_iff	true
Init.Data.String.Lemmas.Pattern.TakeDrop.String	String.dropPrefix?_slice_of_isEmpty	true
Init.Data.String.Basic	String.Slice.Pos.offset_ofSliceFrom	false
Init.Data.String.PosRaw	String.Pos.Raw.increaseBy_zero	false
Init.Data.String.Lemmas.IsEmpty	String.isEmpty_iff_utf8ByteSize_eq_zero	false
Init.Data.String.Lemmas.Basic	String.Pos.nextn_eq_nextn_toSlice	true
Init.Data.String.Lemmas.Splits	String.Slice.copy_sliceTo_eq_iff_splits	true
Init.Data.String.Lemmas.Pattern.TakeDrop.Pred	String.Pos.skip?_prop_eq_some_iff	true
Init.Data.String.Basic	String.Slice.Pos.ofStr.congr_simp	false
Init.Data.String.Lemmas.Iterate	String.toList_chars	true
Init.Data.String.Lemmas.IsEmpty	String.Slice.isEmpty_slice_eq_false_iff	false
Init.Data.String.Bootstrap	String.instInhabited	false
Init.Data.String.Defs	String.Pos.Raw.isValid_empty_iff	false
Init.Data.String.Lemmas.Intercalate	String.Slice.intercalate_eq	true
Init.Data.String.Lemmas.Pattern.Pred	String.Slice.Pattern.Model.CharPred.Decidable.isLongestMatchAtChain_iff_isLongestMatchAtChain_decide	true
Init.Data.String.Lemmas.Pattern.TakeDrop.Char	String.Slice.Pos.revSkip?_char_eq_some_iff	true
Init.Prelude	Char.mk.noConfusion	false
Init.Data.String.Defs	String.toUTF8	false
Init.Prelude	ByteArray.IsValidUTF8.recOn	false
Init.Data.String.OrderInstances	String.Slice.Pos.instLinearOrderPackage	true
Init.Data.String.Defs	String.Pos.Raw.isValid_iff_isValidUTF8_extract_zero	false
Init.Data.String.Lemmas.Pattern.TakeDrop.Pred	String.Slice.Pos.apply_skipWhile_bool_eq_false	true
Init.Data.String.Basic	String.eq_singleton_append	true
Init.Data.Char.Basic	Char.isAlpha	false
Init.Data.String.Lemmas.FindPos	String.Slice.posGE_eq_pos	true
Init.Data.String.Subslice	String.Slice.Subslice.toString	true
Init.Data.String.Defs	String.Slice.Pos.lt_trans	false
Init.Data.String.Basic	String.Pos.ofSliceFrom_endPos	true
Init.Data.String.Iterate	String.Slice.positions	false
Init.Data.String.Basic	String.Slice.Pos.offset_ofSliceTo	false
Init.Data.String.Defs	List.utf8Encode_nil	false
Init.Data.String.Lemmas.Slice	String.Slice.back?_eq	true
Init.Prelude	Char.rec	false
Init.Data.ByteArray.Lemmas	ByteArray.extract_same	false
Init.Prelude	String.casesOn	false
Init.Data.String.Lemmas.TakeDrop	String.drop_toSlice	true
Init.Data.String.Lemmas.Pattern.TakeDrop.Basic	String.Slice.Pattern.Model.Pos.skipWhile_eq	true
Init.Prelude	Char.val_eq_of_eq	false
Init.Data.String.Lemmas.Iterate	String.Model.positionsFrom_endPos	true
Init.Data.String.Lemmas.Pattern.Pred	String.Slice.Pattern.Model.CharPred.isMatch_iff	true
Init.Data.String.Lemmas.Pattern.TakeDrop.String	String.Slice.endsWith_string_eq_false_iff	true
Init.Data.String.PosRaw	String.Pos.Raw.eq_zero_iff	false
Init.Data.String.Basic	String.append_empty	false
Init.Data.String.Basic	String.toList_injective	true
Init.Data.String.Lemmas.Pattern.TakeDrop.Pred	String.Pos.skipWhile_prop_eq_self_iff_get	true
Init.Data.String.OrderInstances	String.Slice.Pos.instLawfulOrderLT	false
Init.Data.String.Basic	String.Slice.Pos.ofCopy_copy	true
Init.Data.String.Basic	String.slice	true
Init.Data.String.Lemmas.Basic	String.Slice.copy_pos	true
Init.Data.String.Lemmas.Pattern.Split.Basic	String.toList_split_empty	true
Init.Data.String.Lemmas.Pattern.TakeDrop.Pred	String.Slice.Pos.apply_eq_true_of_revSkipWhile_le_bool	true
Init.Data.String.Basic	String.Slice.Pos.prevAux.go.congr_simp	true
Init.Data.String.Lemmas.Pattern.Basic	String.Slice.Pattern.Model.IsLongestMatch.eq	true
Init.Data.String.Basic	String.empty_append	false
Init.Data.String.Lemmas.Splits	String.Pos.Splits.mk	false
Init.Data.String.Lemmas.Pattern.Pred	String.Slice.Pos.skipWhile.induct_unfolding	true
Init.Data.String.Defs	String.Pos.mk.noConfusion	false
Init.Data.String.Termination	String.Pos.remainingBytes_eq_byteDistance	true
Init.Data.String.Lemmas.Pattern.Basic	String.Slice.Pattern.Model.matchesAt_iff_exists_isLongestMatch	true
Init.Data.String.Basic	String.Slice.Pos.le_endPos	false
Init.Data.String.Slice	String.Slice.RevSplitIterator.rec	false
Init.Data.String.Lemmas.Pattern.Pred	String.Slice.Pattern.Model.CharPred.Decidable.toSearcher_eq	true
Init.Data.String.Lemmas.Order	String.Pos.slice_lt_slice_iff	true
Init.Data.String.Lemmas.Pattern.TakeDrop.String	String.Slice.skipSuffix?_slice_of_isEmpty	true
Init.Data.String.Decode	ByteArray.utf8DecodeChar?.FirstByte.twoMore.sizeOf_spec	false
Init.Data.String.Lemmas.Search	String.Slice.Pos.le_find	false
Init.Data.String.PosRaw	String.Pos.Raw.inc_unoffsetBy_inc	false
Init.Data.String.Modify	String.Pos.Raw.IsValid.modify_of_le	true
Init.Data.String.Decode	ByteArray.isUTF8FirstByte_getElem_zero_utf8EncodeChar_append	true
Init.Data.String.Lemmas.Pattern.Basic	String.Slice.Pattern.Model.isRevMatch_cast_iff	true
Init.Data.String.Lemmas.Pattern.TakeDrop.Basic	String.Slice.Pattern.Model.not_revMatchesAt_or_isLongestRevMatchAt_skipSuffixWhile	true
Init.Data.String.Lemmas.Order	String.Slice.Pos.lt_next_iff_le	true
Init.Data.ByteArray.Lemmas	ByteArray.extract_append_size_left	true
Init.Data.ByteArray.Basic	ByteArray.Iterator.hasPrev	false
Init.Data.String.Search	String.find?	true
Init.Data.String.Iterate	String.revPositionsFrom	true
Init.Data.String.Defs	String.Slice.Pos.byte	false
Init.Data.String.Iterator	String.Legacy.Iterator.mk.noConfusion	false
Init.Data.String.OrderInstances	String.Pos.Raw.instLECiOfNatInt	false
Init.Data.String.Lemmas.Length	String.length_map	true
Init.Data.Char.Lemmas	Char.toNat_mk	false
Init.Data.String.Basic	String.Pos.sliceFrom_inj	true
Init.Data.String.Lemmas.Slice	String.Pos.get?_eq_some_get	true
Init.Data.String.Lemmas.Pattern.TakeDrop.Basic	String.Slice.all_eq_skipPrefixWhile_beq	true
Init.Data.String.Basic	String.startPos_toSlice	true
Init.Data.String.Basic	String.utf8PrevAux	false
Init.Prelude	ByteArray.mk	false
Init.Data.String.Lemmas.Pattern.Pred	String.Slice.Pattern.Model.CharPred.Decidable.isLongestRevMatchAtChain_iff_isLongestRevMatchAtChain_decide	true
Init.Data.ByteArray.Basic	ByteArray.Iterator.casesOn	false
Init.Data.String.Lemmas.TakeDrop	String.Slice.takeEnd_eq_sliceFrom	true
Init.Data.String.Lemmas.Order	String.Pos.next_eq_iff	true
Init.Data.String.Lemmas.Splits	String.Slice.Pos.Splits.rotateRight.congr_simp	true
Init.Data.String.Slice	String.Slice.SplitInclusiveIterator.atEnd.sizeOf_spec	false
Init.Data.String.Lemmas.Modify	String.Pos.Splits.pastModify	true
Init.Data.String.Slice	String.Slice.RevSplitIterator.operating.injEq	false
Init.Data.Char.Ordinal	Char.ordinal	true
Init.Data.String.Iterate	String.Slice.instInhabitedRevPosIterator	false
Init.Data.String.Basic	String.toList	true
Init.Data.String.Lemmas.Basic	String.Pos.Raw.isValidForSlice_zero	false
Init.Data.String.Iterate	String.Slice.RevPosIterator.instIteratorSubtypePosNeEndPosOfPure	true
Init.Data.String.Pattern.Basic	String.Slice.Pattern.ToForwardSearcher.DefaultForwardSearcher.instIteratorIdSearchStepOfForwardPattern.match_3	false
Init.Data.String.Lemmas.IsEmpty	String.isEmpty_slice_eq_false_iff	true
Init.Data.String.Basic	String.firstDiffPos.loop.eq_def	true
Init.Data.String.Lemmas.Pattern.TakeDrop.Pred	String.Slice.Pos.apply_revSkipWhile_prop	true
Init.Data.String.PosRaw	String.Pos.Raw.byteIdx_add_char	false
Init.Data.String.Lemmas.Pattern.Basic	String.Slice.Pattern.Model.IsLongestRevMatchAtChain.brecOn	true
Init.Data.String.Iterate	String.Slice.length	true
Init.Data.String.Termination	String.Slice.Pos.ne_endPos_of_next?_eq_some	true
Init.Data.String.Subslice	String.Slice.startInclusive_subsliceFrom	false
Init.Data.String.Lemmas.Iterate	String.Model.map_get_revPositionsFrom_endPos	true
Init.Data.String.Basic	String.lt_next	true
Init.Data.String.Lemmas.Pattern.Pred	String.Slice.Pattern.Model.CharPred.revMatchAt?_eq	true
Init.Data.String.Basic	String.Slice.startInclusive_sliceTo	false
Init.Data.String.Modify	String.Internal.capitalizeImpl	true
Init.Data.String.Lemmas.Pattern.Basic	String.Slice.Pattern.Model.isLongestMatchAt_iff_isLongestMatchAt_ofSliceFrom	true
Init.Data.String.Pattern.Basic	String.Slice.Pattern.SearchStep	false
Init.Data.String.Lemmas.Modify	String.map_map	true
Init.Data.String.Lemmas.Pattern.String.ForwardPattern	String.Slice.dropEndWhile_string_eq_dropEndWhile_toSlice	true
Init.Data.String.Lemmas.Order	String.Pos.next_le_iff_lt	true
Init.Data.String.Lemmas.Pattern.TakeDrop.Basic	String.Slice.takeWhile_eq_self_iff	true
Init.Data.String.Lemmas.Pattern.String.Basic	String.Slice.Pattern.Model.ForwardSliceSearcher.matchesAt_iff_isLongestMatchAt	true
Init.Data.String.Lemmas.Order	String.Slice.Pos.lt_slice_iff	true
Init.Data.String.Lemmas.Pattern.TakeDrop.Basic	String.dropEndWhile_dropEndWhile	true
Init.Data.String.Lemmas.Pattern.String.ForwardPattern	String.Slice.Pattern.BackwardSliceSearcher.endsWith_of_isEmpty	true
Init.Data.String.Lemmas.Pattern.TakeDrop.Basic	String.Slice.takeEndWhile_eq_self_iff	true
Init.Data.String.Pattern.Basic	String.Slice.Pattern.ToForwardSearcher.mk	false
Init.Data.String.Iterator	String.rawEndPos.eq_1	false
Init.Data.String.Lemmas.FindPos	String.posGE_eq_iff	true
Init.Data.String.Defs	String.Slice.noConfusion	false
Init.Data.String.Lemmas.Basic	String.slice_endPos	true
Init.Data.String.Pattern.Basic	String.Slice.Pattern.BackwardPattern.skipSuffixOfNonempty?.congr_simp	false
Init.Data.String.Pattern.String	String.Slice.Pattern.ForwardSliceSearcher.iter	false
Init.Data.String.Lemmas.Splits	String.Slice.splits_endPos_iff	true
Init.Data.String.Slice	String.Slice.RevSplitIterator.operating.sizeOf_spec	false
Init.Data.String.Basic	String.Slice.Pos.ofSlice_slice	false
Init.Data.String.Basic	String.Slice.Pos.nextn.induct_unfolding	true
Init.Data.String.Lemmas.Pattern.String.ForwardSearcher	String.Slice.Pattern.Model.ForwardSliceSearcher.toList_emptyBefore_eq	true
Init.Data.String.Lemmas.Pattern.Split.Char	String.Slice.toList_split_intercalate	true
Init.Data.String.TakeDrop	String.Pos.revSkip?	true
Init.Data.String.Lemmas.Pattern.Basic	String.Slice.Pattern.Model.LawfulForwardPatternModel.toLawfulForwardPattern	false
Init.Data.String.Basic	String.Slice.Pos.get_eq_get_ofSliceFrom	true
Init.Data.String.Defs	String.Pos.Raw.IsValid.casesOn	false
Init.Data.String.Pattern.Basic	String.Slice.Pattern.ToForwardSearcher.DefaultForwardSearcher.mk.noConfusion	false
Init.Data.String.Lemmas.Hashable	String.Slice.hash_eq	true
Init.Data.String.Lemmas.Pattern.TakeDrop.Char	String.endsWith_char_iff_get	true
Init.Data.ByteArray.Basic	ByteArray.instDecidableEq	false
Init.Data.String.Lemmas.Pattern.Pred	String.Slice.Pattern.Model.CharPred.Decidable.matchesAt_iff_matchesAt_decide	true
Init.Data.Char.Basic	Char.toUInt8	false
Init.Data.String.Modify	String.set	true
Init.Data.String.Defs	String.append	false
Init.Data.String.Lemmas.Pattern.Basic	String.Slice.Pattern.Model.isMatch_iff_exists_splits	true
Init.Data.String.FindPos	String.Slice.posGT	true
Init.Data.String.Basic	String.Slice.Pos.le_nextn	true
Init.Data.String.Slice	String.Slice.instToFormat	true
Init.Data.String.Lemmas.Pattern.String.ForwardSearcher	String.Slice.Pattern.Model.ForwardSliceSearcher.toList_atEnd_eq	true
Init.Data.String.Lemmas.Pattern.Basic	String.Slice.Pattern.Model.LawfulForwardPatternModel.mk	true
Init.Data.String.Lemmas.Pattern.Split.Basic	String.Slice.Pattern.Model.split.congr_simp	true
Init.Data.String.Lemmas.Order	String.Pos.slice_lt_iff	true
Init.Data.String.Lemmas.Pattern.TakeDrop.Pred	String.endsWith_bool_eq_getLast?	true
Init.Data.String.Lemmas.Pattern.Basic	String.Slice.Pattern.Model.revMatchesAt_cast_iff	true
Init.Data.String.Lemmas.Pattern.Find.String	String.Slice.contains_string_eq_false_iff	true
Init.Data.String.Lemmas.Pattern.Find.Pred	String.Slice.contains_bool_eq	true
Init.Data.String.Basic	String.Slice.Pos.cast_lt_iff	true
Init.Data.String.Lemmas.IsEmpty	String.Slice.isEmpty_copy	true
Init.Data.String.Lemmas.Splits	String.Pos.Splits.prev	true
Init.Data.String.Slice	String.Slice.RevSplitIterator.instFiniteIdOfSearchStep	false
Init.Data.String.PosRaw	String.Pos.Raw.unoffsetBy	false
Init.Data.String.Decode	ByteArray.exists_of_utf8DecodeChar?_eq_some	true
Init.Data.String.Slice	String.Slice.instBEq	false
Init.Data.String.Lemmas.Order	String.Slice.Pos.sliceTo_lt_sliceTo_iff	false
Init.Data.String.Defs	String.Internal.intercalateImpl	false
Init.Data.String.Defs	String.instHAddRawSlice	false
Init.Data.ByteArray.Basic	ByteArray.fastAppend	false
Init.Data.String.Basic	String.Pos.Raw.substrEq	true
Init.Data.ByteArray.Lemmas	ByteArray.size.eq_1	false
Init.Data.String.Lemmas.Splits	String.Slice.Pos.Splits	true
Init.Data.String.OrderInstances	String.Pos.instToIntCoOfNatIntHAddCastUtf8ByteSize	false
Init.Data.String.Basic	String.Pos.sliceTo_inj	true
Init.Data.String.Lemmas.Pattern.Basic	String.Slice.Pattern.Model.NoSuffixPatternModel.of_length_toList_eq	true
Init.Data.String.Decode	ByteArray.utf8DecodeChar?.assemble₄.eq_def	false
Init.Data.String.Lemmas.Pattern.Char	String.Slice.Pattern.Model.Char.isLongestRevMatchAt_iff	true
Init.Data.String.Lemmas.Pattern.Basic	String.Slice.Pattern.Model.IsLongestMatchAtChain.le	true
Init.Data.String.Pattern.Pred	String.Slice.Pattern.CharPred.Decidable.instStrictForwardPatternForallCharProp	true
Init.Data.String.Basic	String.Slice.Pos.get.congr_simp	true
Init.Data.String.Lemmas.Order	String.Slice.Pos.next_ne_startPos	true
Init.Data.String.Lemmas.Slice	String.Pos.get?_eq_dif	true
Init.Data.String.Lemmas.Pattern.TakeDrop.Basic	String.all_toSlice	true
Init.Data.String.Termination	String.Pos.remainingBytes_inj	true
Init.Data.String.Lemmas.Splits	String.copy_slice_eq_iff_splits	true
Init.Data.String.Lemmas.Pattern.Pred	String.Slice.Pattern.Model.CharPred.matchesAt_iff	true
Init.Data.String.Iterate	String.Slice.RevByteIterator.mk.injEq	false
Init.Data.String.Lemmas.Pattern.Pred	String.Slice.Pattern.Model.CharPred.Decidable.instNoPrefixPatternModelForallCharProp	true
Init.Data.String.Lemmas.Pattern.Basic	String.Slice.Pattern.Model.IsValidSearchFrom.endPos	false
Init.Data.String.Subslice	String.Slice.Subslice.startInclusive_toSlice	false
Init.Data.String.Defs	String.Slice.Pos.rec	false
Init.Data.String.Subslice	String.Slice.toSlice_subslice	false
Init.Data.String.Lemmas.Pattern.TakeDrop.Basic	String.Slice.revAll_copy	true
Init.Data.String.Lemmas.Pattern.Find.Pred	String.Slice.find?_bool_eq_some_iff_splits	true
Init.Data.String.Lemmas.Pattern.Basic	String.Slice.Pattern.Model.IsLongestRevMatchAtChain.casesOn	true
Init.Data.String.Basic	String.toList_eq_nil_iff	true
Init.Data.String.Decode	ByteArray.utf8DecodeChar?.verify₂.eq_1	false
Init.Data.String.Basic	String.utf8encode_data	true
Init.Data.String.Lemmas.Pattern.String.ForwardPattern	String.Slice.Pattern.BackwardSliceSearcher.skipSuffix?.fun_cases_unfolding	true
Init.Data.String.TakeDrop	String.Internal.trimImpl	true
Init.Data.ByteArray.Basic	ByteArray.foldlMUnsafe.fold	false
Init.Prelude	String.ofByteArray	false
Init.Data.String.Search	String.revFind?	true
Init.Data.String.Decode	ByteArray.utf8DecodeChar?.FirstByte.ctorIdx	false
Init.Data.String.Basic	String.Slice.Pos.next_eq_nextFast	true
Init.Data.String.Lemmas.Order	String.Pos.le_sliceFrom_iff	true
Init.Data.String.Lemmas.FindPos	String.Slice.posGT_eq_posGE	true
Init.Data.String.Lemmas.Splits	String.Slice.Pos.Splits.prev	true
Init.Data.String.Lemmas.Modify	String.toList_mapAux	true
Init.Data.String.Lemmas.Pattern.Pred	String.Slice.dropPrefix?_prop_eq_dropPrefix?_decide	true
Init.Data.String.Termination	String.Pos.wellFounded_gt	true
Init.Data.String.Lemmas.Pattern.TakeDrop.Char	String.Slice.skipSuffix?_char_eq_some_iff	true
Init.Data.String.Defs	String.Pos.Raw.IsValid.le_endPos	false
Init.Data.String.Pattern.Basic	String.Slice.Pattern.ToBackwardSearcher.recOn	false
Init.Data.String.Lemmas.Splits	String.Pos.Splits.of_eq	false
Init.Data.String.Lemmas.Pattern.Char	String.Slice.endsWith_char_eq_endsWith_beq	true
Init.Data.String.Lemmas.Pattern.Basic	String.Slice.Pattern.Model.IsLongestRevMatchAt	true
Init.Data.String.Lemmas.Pattern.TakeDrop.Pred	String.apply_skipPrefixWhile_bool_eq_false	true
Init.Data.String.Lemmas.Pattern.TakeDrop.Basic	String.Slice.Pos.revSkip?_eq_map_skipSuffix?	false
Init.Data.String.Termination	String.Slice.Pos.Down.mk	false
Init.Data.ByteArray.Lemmas	ByteArray.extract.eq_1	false
Init.Data.String.Basic	ByteArray.utf8Decode?.go.match_1.congr_eq_2	false
Init.Data.String.Lemmas.Basic	String.Slice.sliceFrom.eq_1	false
Init.Data.String.Lemmas.Pattern.Find.Basic	String.Slice.Pattern.Model.LawfulToForwardSearcherModel.congr_simp	true
Init.Data.String.Lemmas.Basic	String.Slice.Pos.sliceFrom_eq_startPos	false
Init.Data.String.Pattern.Basic	String.Slice.Pattern.SearchStep.ctorIdx	false
Init.Data.String.Search	String.toNat!	true
Init.Data.String.Slice	String.Slice.SplitInclusiveIterator.atEnd.elim	false
Init.Data.String.Basic	String.Pos.sliceFrom.congr_simp	true
Init.Data.String.Basic	String.Slice.endExclusive_slice	false
Init.Data.String.Lemmas.Splits	String.Slice.Pos.Splits.get_eq_of_singleton	true
Init.Data.String.Lemmas.Hashable	String.Slice.instLawfulHashable	true
Init.Data.String.Lemmas.Splits	String.copy_sliceFrom_eq_iff_splits	true
Init.Data.String.Lemmas.Pattern.Basic	String.Slice.Pattern.Model.IsLongestRevMatch.le_of_isRevMatch	true
Init.Data.String.Lemmas.Pattern.TakeDrop.Pred	String.Slice.Pos.apply_skipWhile_prop	true
Init.Data.String.Lemmas.Modify	String.toList_map	true
Init.Data.String.Iterate	String.revChars	true
Init.Data.String.Lemmas.Pattern.TakeDrop.Basic	String.Slice.skipSuffixWhile_eq_revSkipWhile_endPos	false
Init.Data.String.PosRaw	String.Pos.Raw.dec_lt	false
Init.Data.String.Subslice	String.Slice.Subslice.recOn	false
Init.Data.String.Lemmas.Pattern.TakeDrop.String	String.Slice.revAll_slice_iff	true
Init.Data.String.Lemmas.Pattern.TakeDrop.Basic	String.Slice.Pattern.Model.Pos.not_revMatchesAt_or_isLongestRevMatchAt_revSkipWhile	true
Init.Data.String.Pattern.String	String.Slice.Pattern.ForwardSliceSearcher.proper	false
Init.Data.String.Pattern.Basic	String.Slice.Pattern.SearchStep.endPos	false
Init.Data.String.Bootstrap	String.Internal.offsetOfPos	false
Init.Data.String.Slice	String.Slice.contains	false
Init.Data.String.Pattern.String	String.Slice.Pattern.ForwardSliceSearcher.instInhabited	false
Init.Data.String.Lemmas.Order	String.Pos.getUTF8Byte_offset	true
Init.Data.String.PosRaw	String.getUtf8Byte	false
Init.Data.String.Iterate	String.Slice.PosIterator.ctorIdx	false
Init.Data.String.Pattern.String	String.Slice.Pattern.ForwardSliceSearcher.emptyAt.inj	false
Init.Data.String.Slice	String.Slice.SplitIterator.operating.inj	false
Init.Data.String.Lemmas.Pattern.Char	String.Slice.revAll_char_eq_revAll_beq	true
Init.Data.String.Iterator	String.Legacy.Iterator.foldUntil	true
Init.Data.String.Lemmas.Pattern.Basic	String.Slice.Pattern.Model.isMatch_cast_iff	true
Init.Data.ByteArray.Basic	ByteArray.instBEq	false
Init.Data.String.Defs	String.Pos.casesOn	false
Init.Data.String.Slice	String.Slice.SplitIterator.PlausibleStep.ctorIdx	false
Init.Data.String.Lemmas.Iterate	String.Slice.Pos.Splits.mem_toList_left_iff	true
Init.Data.String.PosRaw	String.Pos.Raw.le_of_lt	false
Init.Data.String.Lemmas.Order	String.Slice.Pos.ofSliceTo_next	true
Init.Data.String.Lemmas.Splits	String.Pos.Splits.nextn	true
Init.Data.String.Lemmas.Pattern.Pred	String.Slice.Pattern.Model.CharPred.instStrictPatternModelForallCharBool	true
Init.Prelude	Char.ofNatAux	false
Init.Data.String.Lemmas.Pattern.Basic	String.Slice.Pattern.Model.IsValidSearchFrom.recOn	true
Init.Data.String.Lemmas.Pattern.TakeDrop.Basic	String.Slice.Pattern.Model.Pos.revSkipWhile_eq_iff	true
Init.Data.String.Basic	String.Pos.Raw.isValidForSlice_eq_true_iff	true
Init.Data.String.Basic	String.Pos.le_endPos	true
Init.Data.String.Lemmas.Pattern.Basic	String.Slice.Pattern.Model.revMatchesAt_iff_exists_isLongestRevMatchAt	true
Init.Data.String.Pattern.Basic	String.Slice.Pattern.SearchStep.ctorElim	false
Init.Data.String.Slice	String.Slice.instHAppend	true
Init.Data.String.Iterate	String.Slice.RevPosIterator.instFiniteSubtypePosNeEndPos	true
Init.Data.String.Lemmas.Intercalate	String.join_cons	false
Init.Data.String.PosRaw	String.pos_lt_eq	false
Init.Data.String.Termination	String.Slice.Pos.Down.casesOn	false
Init.Prelude	String.toRawSubstring	false
Init.Data.String.Slice	String.Slice.instInhabitedSplitIterator	false
Init.Data.String.Defs	Char.isValidUTF8_toByteArray_utf8EncodeChar	false
Init.Data.String.Lemmas.Order	String.Pos.lt_next_iff_le	true
Init.Data.String.PosRaw	String.Pos.Raw.byteIdx_mk	false
Init.Data.String.Lemmas.Splits	String.Slice.splits_startPos_iff	true
Init.Data.String.Basic	String.Pos.Raw.extract.go₁	false
Init.Data.String.Lemmas.Pattern.String.ForwardPattern	String.Slice.Pos.revSkip?_string_eq_revSkip?_toSlice	true
Init.Data.String.Lemmas.Pattern.TakeDrop.Pred	String.Slice.revAll_bool_eq	true
Init.Data.String.Iterate	String.revBytes	true
Init.Data.String.Lemmas.Splits	String.Pos.Splits.eq_endPos_iff	true
Init.Data.String.Pattern.Basic	String.Slice.Pattern.SearchStep.endPos_matched	false
Init.Data.String.Basic	String.Slice.Pos.offset_copy	true
Init.Data.String.Subslice	String.Slice.Subslice.isEmpty_toSlice_iff	false
Init.Data.String.Lemmas.Splits	String.Pos.splits_append_rawEndPos	true
Init.Data.String.Basic	String.ofList_inj	true
Init.Data.String.Defs	String.ofList.eq_1	false
Init.Data.String.Lemmas.Pattern.TakeDrop.Basic	String.Slice.isSome_skipPrefix?	false
Init.Data.String.Lemmas.Pattern.String.Basic	String.Slice.Pattern.Model.ForwardSliceSearcher.isLongestRevMatchAt_iff	true
Init.Data.String.Basic	String.Slice.Pos.ofSliceTo	false
Init.Data.String.Pattern.Basic	String.Slice.Pattern.StrictForwardPattern.casesOn	false
Init.Data.Char.Order	Char.instIsLinearOrder	false
Init.Data.String.Pattern.Basic	String.Slice.Pattern.ToForwardSearcher.mk.noConfusion	false
Init.Data.String.Lemmas.FindPos	String.Slice.Pos.prev?_eq_some_prev	true
Init.Data.String.Lemmas.Pattern.Basic	String.Slice.Pattern.Model.LawfulForwardPatternModel.rec	true
Init.Data.String.Lemmas.Pattern.TakeDrop.Basic	String.Slice.copy_dropSuffix?_copy	true
Init.Data.String.Termination	String.Pos.Down.mk.sizeOf_spec	false
Init.Data.String.Lemmas.Pattern.Find.Pred	String.Slice.Pos.find?_prop_eq_none_iff	true
Init.Data.String.Lemmas.Splits	String.Pos.Splits.ne_endPos_of_singleton	true
Init.Data.String.Termination	String.Pos.Down.mk.noConfusion	false
Init.Data.String.TakeDrop	String.stripSuffix	true
Init.Data.String.Defs	String.startInclusive_toSlice	true
Init.Data.String.Termination	String.Pos.map_toSlice_prev?	true
Init.Data.String.Lemmas.Pattern.TakeDrop.Basic	String.Slice.dropEndWhile_eq_self	true
Init.Data.String.Lemmas.Pattern.Char	String.Slice.Pattern.Model.Char.revMatchesAt_iff_revMatchesAt_beq	true
Init.Data.ByteArray.Basic	ByteArray.Iterator.mk	false
Init.Data.String.Pattern.Basic	String.Slice.Pattern.ToBackwardSearcher.rec	false
Init.Data.String.Lemmas.Splits	String.Pos.Splits.eq_right	true
Init.Data.ByteArray.Basic	ByteArray.forIn	false
Init.Data.String.Iterator	String.Legacy.Iterator.atEnd	false
Init.Data.String.Lemmas.TakeDrop	String.toList_copy_take	true
Init.Data.String.Basic	String.Slice.Pos.offset_ofStr	false
Init.Data.Char.Lemmas	Char.lt_def	false
Init.Data.String.Pattern.Basic	String.Slice.Pattern.StrictBackwardPattern.casesOn	false
Init.Data.String.Basic	String.Pos.Raw.IsValid.isValidUTF8_extract_utf8ByteSize	true
Init.Data.String.Lemmas.FindPos	String.posLE_dec	true
Init.Data.String.Lemmas.Pattern.Find.Pred	String.find?_prop_eq_find?_decide	true
Init.Data.String.Bootstrap	String.Internal.length	false
Init.Data.String.Lemmas.Pattern.Basic	String.Slice.Pattern.Model.MatchesAt.recOn	true
Init.Data.String.Lemmas.Basic	String.Slice.slice_eq_self_iff	true
Init.Data.String.Lemmas.Pattern.Basic	String.Slice.Pattern.Model.IsLongestRevMatchAtChain.cons	true
Init.Data.String.Lemmas.Order	String.Pos.ofSliceFrom_lt_iff	true
Init.Data.String.TakeDrop	String.Slice.trimLeft	true
Init.Data.String.Basic	String.Pos.Raw.extract	true
Init.Data.String.Defs	String.Pos.Raw.IsValid.le_utf8ByteSize	false
Init.Data.String.Pattern.Basic	String.Slice.Pattern.ToBackwardSearcher.casesOn	false
Init.Data.String.Lemmas.Order	String.Pos.get_eq_get_ofSliceTo	true
Init.Data.String.Lemmas.Pattern.TakeDrop.Basic	String.Slice.isEmpty_takeWhile_dropWhile	true
Init.Data.String.PosRaw	String.Pos.Raw.byteIdx_zero_addString	false
Init.Data.String.Iterator	String.Legacy.Iterator.hasPrev	false
Init.Data.String.PosRaw	String.Pos.Raw.byteIdx_add_string	false
Init.Data.String.Slice	String.Slice.lines	true
Init.Data.String.Slice	String.Slice.splitInclusive	false
Init.Data.String.Pattern.Basic	String.Slice.Pattern.ToForwardSearcher.defaultImplementation	false
Init.Data.String.Lemmas.Pattern.Basic	String.Slice.Pattern.Model.LawfulForwardPatternModel.recOn	true
Init.Data.String.Lemmas.Pattern.TakeDrop.Basic	String.startsWith_eq_startsWith_toSlice	true
Init.Data.String.Lemmas.Pattern.TakeDrop.Basic	String.Slice.dropEndWhile_copy	true
Init.Data.ByteArray.Lemmas	ByteArray.ext_getElem	false
Init.Data.String.Lemmas.Pattern.Basic	String.Slice.Pattern.Model.IsLongestRevMatchAt.sliceFrom	true
Init.Data.String.Lemmas.Pattern.Find.Char	String.Slice.contains_char_eq	true
Init.Data.String.Lemmas.Order	String.Pos.ofSliceTo_le_iff	true
Init.Data.String.Pattern.Pred	String.Slice.Pattern.CharPred.Decidable.instForwardPatternForallCharPropOfDecidablePred	true
Init.Data.String.Lemmas.Order	String.Slice.Pos.slice_lt_iff	true
Init.Data.String.Slice	String.Slice.SplitIterator.ctorElim	false
Init.Data.String.Lemmas.Pattern.TakeDrop.String	String.Slice.endsWith_slice_iff	true
Init.Data.String.Lemmas.Pattern.TakeDrop.Basic	String.isEmpty_dropWhile_takeWhile	true
Init.Data.String.ToSlice	String.ToSlice.noConfusion	false
Init.Prelude	instDecidableEqString	false
Init.Data.String.Lemmas.Pattern.TakeDrop.Basic	String.Slice.dropEndWhile_dropEndWhile	true
Init.Prelude	String.ofByteArray.noConfusion	false
Init.Data.String.Lemmas.Pattern.String.ForwardSearcher	String.Slice.Pattern.Model.ForwardSliceSearcher.lawfulToForwardSearcherModel	true
Init.Data.String.Lemmas.Pattern.Basic	String.Slice.Pattern.Model.IsValidRevSearchFrom.below.mismatched	true
Init.Data.String.Decode	ByteArray.utf8DecodeChar?.eq_1	true
Init.Data.String.Lemmas.FindPos	String.Slice.offset_posLE_le	true
Init.Data.String.Basic	String.Slice.Pos.next_le_of_lt	true
Init.Data.ByteArray.Basic	ByteArray.isEmpty	false
Init.Data.String.Termination	String.Slice.Pos.Down	false
Init.Data.String.Lemmas.Basic	String.Pos.get_ofToSlice	true
Init.Data.String.Defs	String.utf8ByteSize_empty	false
Init.Data.String.Lemmas.Pattern.TakeDrop.String	String.Slice.endsWith_string_iff	true
Init.Data.String.Defs	String.Pos.lt_trans	false
Init.Data.String.Decode	ByteArray.utf8DecodeChar?.verify₄	false
Init.Data.ByteArray.Basic	ByteArray.uset.match_1	false
Init.Data.String.Basic	String.Slice.Pos.copy_eq_copy_sliceTo_append_get	true
Init.Data.String.Pattern.Basic	String.Slice.Pattern.ToForwardSearcher.DefaultForwardSearcher.instIteratorLoopIdSearchStep	true
Init.Data.String.Decode	ByteArray.utf8DecodeChar?.assemble₂.eq_1	false
Init.Data.String.Lemmas.Order	String.Pos.slice_le_slice_iff	true
Init.Data.String.Lemmas.Pattern.TakeDrop.Pred	String.eq_append_of_dropSuffix?_prop_eq_some	true
Init.Data.String.Iterate	String.Slice.ByteIterator.mk	false
Init.Data.String.Lemmas.Pattern.TakeDrop.Basic	String.Slice.isEmpty_dropEndWhile_takeEndWhile	true
Init.Data.String.Basic	String.Slice.Pos.copy_eq_append_get	true
Init.Data.String.Lemmas.FindPos	String.posLT.congr_simp	true
Init.Data.String.Decode	ByteArray.utf8DecodeChar.eq_1	true
Init.Data.String.Pattern.Basic	String.Slice.Pattern.SearchStep.rejected.noConfusion	false
Init.Data.String.Lemmas.FindPos	String.Slice.Pos.prev?_eq_none_iff	true
Init.Data.String.Lemmas.Pattern.Basic	String.Slice.Pattern.Model.IsLongestRevMatch.of_eq	true
Init.Data.String.Termination	String.Slice.Pos.wellFounded_lt	false
Init.Data.String.Lemmas.Pattern.TakeDrop.Pred	String.apply_skipSuffixWhile_bool_eq_false	true
Init.Data.String.Basic	String.startInclusive_sliceTo	true
Init.Data.Char.Ordinal	Char.lt_iff_ordinal_lt	true
Init.Data.String.Bootstrap	String.Internal.isEmpty	false
Init.Data.String.Lemmas.Order	String.Slice.Pos.get_slice	true
Init.Data.String.Lemmas.IsEmpty	String.Slice.copy_sliceFrom_endPos	true
Init.Data.String.Lemmas.Pattern.TakeDrop.Basic	String.dropPrefix?_toSlice	true
Init.Data.String.Basic	String.Slice.Pos.nextFast	true
Init.Data.String.Lemmas.Pattern.TakeDrop.Basic	String.isEmpty_dropEndWhile_takeEndWhile	true
Init.Data.String.Lemmas.Pattern.TakeDrop.Pred	String.skipPrefix?_bool_eq_some_iff	true
Init.Data.String.TakeDrop	String.skipPrefixWhile	true
Init.Prelude	ByteArray.recOn	false
Init.Data.String.Lemmas.Pattern.Basic	String.Slice.Pattern.Model.isLongestRevMatchAt_cast_iff	true
Init.Data.String.Lemmas.FindPos	String.posGT_eq_next	true
Init.Data.String.Defs	String.byteIdx_endPos	false
Init.Data.String.PosRaw	String.Pos.Raw.byteIdx_increaseBy	false
Init.Data.String.Lemmas.StringOrder	String.le_antisymm	true
Init.Data.String.Lemmas.Pattern.Basic	String.Slice.Pattern.Model.IsLongestRevMatch.recOn	true
Init.Data.String.Lemmas.Splits	String.splits_endPos	true
Init.Data.String.Lemmas.Pattern.Basic	String.Slice.Pattern.Model.PatternModel.mk.noConfusion	false
Init.Data.String.Defs	String.Slice.Pos.mk.sizeOf_spec	false
Init.Data.String.Basic	String.Pos.byte.eq_1	true
Init.Data.String.Lemmas.Basic	String.sliceTo_sliceTo	true
Init.Data.String.Decode	ByteArray.utf8DecodeChar?_append_eq_some	true
Init.Data.String.Lemmas.Pattern.String.Basic	String.Slice.Pattern.Model.ForwardStringSearcher.isLongestRevMatchAtChain_iff	true
Init.Data.Char.Lemmas	Char.notLTTrans	false
Init.Data.String.Basic	String.sliceFrom_toSlice	true
Init.Data.String.Pattern.String	String.Slice.Pattern.ForwardSliceSearcher.proper.elim	false
Init.Data.String.Iterate	String.Slice.PosIterator.noConfusionType	false
Init.Data.String.Lemmas.Pattern.TakeDrop.Basic	String.Slice.Pattern.Model.isLongestMatchAtChain_skipPrefixWhile	true
Init.Data.String.Lemmas.Pattern.TakeDrop.Basic	String.Slice.dropWhile_eq_self_iff	true
Init.Data.String.Iterate	String.Slice.ByteIterator.rec	false
Init.Data.String.Lemmas.IsEmpty	String.Slice.isEmpty_sliceFrom	false
Init.Data.String.Lemmas.Pattern.TakeDrop.Basic	String.Slice.endsWith_copy	true
Init.Data.String.Lemmas.Pattern.Pred	String.Slice.Pattern.Model.CharPred.isLongestMatchAtChain_iff	true
Init.Data.String.Lemmas.FindPos	String.posGE_eq_pos	true
Init.Data.String.Defs	String.Slice.Pos.mk.noConfusion	false
Init.Data.String.Pattern.Basic	String.Slice.Pattern.SearchStep.recOn	false
Init.Data.String.Lemmas.Pattern.TakeDrop.Pred	String.Slice.all_bool_eq	true
Init.Data.String.Defs	String.Slice.Pos.le_iff	false
Init.Data.String.Lemmas.TakeDrop	String.dropEnd_toSlice	true
Init.Data.String.Lemmas.Splits	String.Slice.Pos.Splits.splits_rotateLeft	true
Init.Data.String.Basic	String.decodeChar	true
Init.Data.String.FindPos	String.Slice.Pos.prevn	true
Init.Data.String.TakeDrop	String.dropRightWhile	true
Init.Data.String.Basic	String.Pos.Raw.isValid_eq_false_iff	true
Init.Data.String.Slice	String.Slice.SplitInclusiveIterator.atEnd	false
Init.Data.String.Lemmas.Pattern.TakeDrop.Pred	String.Slice.startsWith_prop_eq_false_iff_get	true
Init.Data.String.PosRaw	String.Pos.Raw.mk_le_mk	false
Init.Data.String.Pattern.String	String.Slice.Pattern.ForwardSliceSearcher.proper.congr_simp	false
Init.Data.String.Pattern.Basic	String.Slice.Pattern.ToForwardSearcher.DefaultForwardSearcher.noConfusion	false
Init.Data.String.Lemmas.TakeDrop	String.Slice.toList_copy_dropEnd	true
Init.Data.String.Lemmas.Search	String.back?_eq_get?	true
Init.Data.String.Slice	String.Slice.hash	true
Init.Data.String.Defs	String.utf8EncodeChar_ne_nil	false
Init.Data.String.Lemmas.Pattern.TakeDrop.Basic	String.Slice.endsWith_congr	true
Init.Data.String.Defs	String.endPos_eq_zero_iff	false
Init.Data.String.OrderInstances	String.Slice.Pos.instTransLe	false
Init.Data.String.Lemmas.Pattern.Pred	String.Slice.skipPrefix?_prop_eq_skipPrefix?_decide	true
Init.Data.String.Lemmas.Basic	String.Slice.sliceFrom_eq_self_iff	true
Init.Data.String.Basic	String.toList_singleton	true
Init.Data.String.Lemmas.Pattern.Split.Basic	String.split_eq_split_toSlice	true
Init.Data.String.Lemmas.Pattern.Split.Char	String.toList_split_char	true
Init.Data.String.Lemmas.Pattern.TakeDrop.Char	String.Slice.Pos.get_eq_of_revSkipWhile_le_char	true
Init.Data.String.Iterate	String.Slice.instInhabitedRevByteIterator	false
Init.Data.String.Lemmas.Pattern.TakeDrop.Basic	String.Slice.Pattern.Model.skipSuffix?_eq_none_iff	true
Init.Data.String.Defs	String.instInhabitedPos	false
Init.Data.ByteArray.Basic	ByteArray.toList	false
Init.Data.String.Iterator	String.Legacy.Iterator.recOn	false
Init.Data.String.Lemmas.Pattern.TakeDrop.String	String.eq_append_of_dropPrefix?_slice_eq_some	true
Init.Data.String.Modify	String.map	true
Init.Data.String.Basic	String.next	true
Init.Data.String.Lemmas.Order	String.Slice.Pos.isUTF8FirstByte_getUTF8Byte_offset	true
Init.Data.String.Slice	String.Slice.SplitIterator.ctorElimType	false
Init.Data.String.Basic	String.Slice.utf8ByteSize_copy	true
Init.Data.String.Pattern.Basic	String.Slice.Pattern.ForwardPattern.casesOn	false
Init.Data.String.Basic	String.Slice.sliceTo	false
Init.Data.Char.Ordinal	Char.coe_ordinal	true
Init.Data.String.Defs	String.toSubstring'	false
Init.Data.Char.Lemmas	Char.ofNat_toNat	false
Init.Data.String.Pattern.Basic	String.Slice.Pattern.BackwardPattern.ctorIdx	false
Init.Data.String.Basic	String.Pos.toSlice_lt_toSlice_iff	true
Init.Data.String.Lemmas.Pattern.Memcmp	String.Slice.Pattern.Internal.memcmpStr_eq_true_iff	true
Init.Data.String.Pattern.Pred	String.Slice.Pattern.CharPred.Decidable.instToBackwardSearcherForallCharPropDefaultBackwardSearcherForallBoolDecide	true
Init.Data.String.Lemmas.Pattern.Basic	String.Slice.Pattern.Model.LawfulForwardPatternModel.skipPrefix?_sliceFrom_eq_none_iff	true
Init.Data.String.Decode	String.utf8EncodeChar.eq_1	false
Init.Data.String.Basic	String.Slice.Pos.isUTF8FirstByte_byte	true
Init.Data.String.Lemmas.Pattern.TakeDrop.String	String.Slice.skipPrefix?_slice_eq_some_iff	true
Init.Data.String.Lemmas.Pattern.TakeDrop.String	String.Slice.all_slice_iff	true
Init.Data.String.Lemmas.Pattern.TakeDrop.Basic	String.Slice.Pos.revSkip?_congr	true
Init.Data.String.Pattern.Basic	String.Slice.Pattern.ToBackwardSearcher.mk	false
Init.Data.String.Lemmas.Pattern.TakeDrop.Pred	String.Slice.apply_skipPrefixWhile_prop	true
Init.Data.String.Lemmas.Pattern.TakeDrop.Basic	String.Pos.revSkipWhile_eq_revSkipWhile_toSlice	true
Init.Data.String.Lemmas.Pattern.String.Basic	String.Slice.Pattern.Model.ForwardStringSearcher.isLongestMatchAt_iff_isLongestMatchAt_toSlice	true
Init.Data.String.Basic	ByteArray.validateUTF8.go.eq_def	true
Init.Data.String.Lemmas.Order	String.Pos.not_lt_startPos	false
Init.Data.String.Basic	String.Pos.Raw.utf8SetAux_of_gt	false
Init.Data.String.Basic	String.Slice.Pos.get!	true
Init.Data.String.Basic	String.Slice.Pos.le_cast_iff	true
Init.Data.String.Decode	ByteArray.utf8DecodeChar?.FirstByte.threeMore.sizeOf_spec	false
Init.Data.String.Lemmas.Pattern.Basic	String.Slice.Pattern.Model.IsValidRevSearchFrom.below.rec	true
Init.Data.String.Defs	String.instLEPos_1	false
Init.Data.String.Basic	String.Pos.Raw.utf8GetAux?	false
Init.Data.String.Defs	String.Slice.ctorIdx	false
Init.Data.String.Length	String.length_empty	true
Init.Data.String.Lemmas.Pattern.Pred	String.Slice.Pattern.Model.CharPred.isLongestMatch_iff	true
Init.Data.String.Iterate	String.Slice.ByteIterator.mk.inj	false
Init.Data.String.Lemmas.Pattern.String.ForwardPattern	String.Slice.dropPrefix?_string_eq_dropPrefix?_toSlice	true
Init.Data.Char.Basic	Char.isValidUInt32	false
Init.Data.String.Lemmas.Pattern.Char	String.Slice.Pattern.Model.Char.isRevMatch_iff_isRevMatch_beq	true
Init.Data.String.Decode	ByteArray.utf8DecodeChar?.verify₃	false
Init.Data.String.Pattern.Basic	String.Slice.Pattern.ForwardPattern.dropPrefix?	false
Init.Data.String.Basic	String.Pos.next_le_of_lt	true
Init.Data.String.Lemmas.TakeDrop	String.take_toSlice	true
Init.Data.String.Basic	String.Pos.Raw.utf8SetAux	false
Init.Data.String.Lemmas.Pattern.Basic	String.Slice.Pattern.Model.StrictPatternModel.casesOn	false
Init.Data.String.Basic	String.Slice.Pos.prevAux	true
Init.Data.String.Basic	String.toList_empty	true
Init.Data.String.Lemmas.Intercalate	String.Slice.join_eq	true
Init.Data.String.Lemmas.IsEmpty	String.Slice.isEmpty_sliceFrom_eq_false_iff	false
Init.Data.String.Lemmas.FindPos	String.Pos.prevn_zero	true
Init.Data.Char.Ordinal	Char.ofOrdinal_le_of_le	true
Init.Data.String.Pattern.Basic	String.Slice.Pattern.Internal.memcmpSlice	false
Init.Data.String.Lemmas.Basic	String.sliceFrom_slice	true
Init.Data.String.Lemmas.Pattern.String.Basic	String.Slice.Pattern.Model.ForwardStringSearcher.instNoSuffixPatternModel	true
Init.Data.String.Lemmas.Splits	String.Slice.Pos.splits_prev	true
Init.Data.String.Lemmas.Basic	String.Slice.slice_endPos	true
Init.Data.String.Pattern.Basic	String.Slice.Pattern.SearchStep.matched	false
Init.Data.String.Lemmas.Pattern.Basic	String.Slice.Pattern.Model.IsLongestRevMatchAtChain.below.rec	true
Init.Data.String.Lemmas.Pattern.TakeDrop.Basic	String.revAll_takeEndWhile	true
Init.Data.String.Lemmas.Pattern.TakeDrop.Basic	String.takeWhile_toSlice	true
Init.Data.String.PosRaw	String.Pos.Raw.le_trans	false
Init.Data.String.Lemmas.Pattern.Basic	String.Slice.Pattern.Model.IsValidSearchFrom.below	true
Init.Data.String.Basic	String.Slice.getUTF8Byte_eq_getUTF8Byte_copy	true
Init.Data.String.Lemmas.Order	String.Pos.le_ofSliceFrom_iff	true
Init.Data.String.Lemmas.Splits	String.Pos.splits_empty_right_iff	true
Init.Data.ByteArray.Basic	ByteArray.instGetElemUSizeUInt8LtNatValToFinSize	false
Init.Data.String.Modify	String.Pos.toModifyOfLE	true
Init.SizeOf	Char.mk.sizeOf_spec	false
Init.Data.String.Lemmas.Pattern.Basic	String.Slice.Pattern.Model.isRevMatch_sliceFrom_iff	true
Init.Data.String.Lemmas.Pattern.Find.Basic	String.Slice.Pattern.Model.posFind?_eq_none_iff	true
Init.Data.String.Basic	String.Slice.Pos.sliceFrom	false
Init.Data.String.Lemmas.Slice	String.Slice.back?_eq_get?	true
Init.Data.String.Lemmas.Pattern.TakeDrop.Pred	String.Slice.Pos.revSkip?_prop_eq_none_iff	true
Init.Data.String.Lemmas.TakeDrop	String.Slice.dropEnd_eq_sliceTo	true
Init.Data.String.Slice	String.Slice.SplitIterator.instIteratorIdSubslice.match_3	false
Init.Data.String.Lemmas.FindPos	String.posGT_eq_posGT_toSlice	true
Init.Data.String.Defs	String.singleton.eq_1	false
Init.Data.String.Basic	String.Pos.next	true
Init.Data.String.Basic	String.Pos.toSlice_comp_ofToSlice	true
Init.Data.String.Lemmas.Order	String.Slice.Pos.le_ofSlice_iff	true
Init.Data.String.Slice	String.Slice.Pos.revSkipWhile	false
Init.Data.String.Lemmas.Pattern.Pred	String.Slice.Pattern.Model.CharPred.isLongestRevMatchAt_of_get	true
Init.Data.String.Lemmas.Pattern.Char	String.Slice.contains_char_eq_contains_beq	true
Init.Data.ByteArray.Basic	ByteArray.get.match_1	false
Init.Data.String.Subslice	String.Slice.Subslice.startInclusive_cast	true
Init.Data.String.Pattern.Basic	String.Slice.Pattern.SearchStep.casesOn	false
Init.Data.String.Slice	String.Slice.eqIgnoreAsciiCase	false
Init.Data.String.Basic	String.Slice.Pos.str	false
Init.Data.String.Modify	String.Pos.pastModify	true
Init.Data.Ord.String	Char.instLawfulEqOrd	true
Init.Data.String.Subslice	String.Slice.Subslice.startInclusive_extendLeft	false
Init.Data.String.Slice	String.Slice.SplitInclusiveIterator.instIteratorId	false
Init.Data.String.Lemmas.Pattern.TakeDrop.Basic	String.Slice.Pattern.Model.Pos.revSkip?_eq_none_iff	true
Init.Data.String.Pattern.String	String.Slice.Pattern.BackwardSliceSearcher.instBackwardPattern_1	true
Init.Data.String.Lemmas.Pattern.Basic	String.Slice.Pattern.Model.IsValidSearchFrom.endPos_of_eq	true
Init.Data.String.PosRaw	String.Pos.Raw.byteIdx_addString	false
Init.Data.String.Defs	String.Slice.Pos.offset	false
Init.Data.ByteArray.Basic	ByteArray.toList.loop.eq_def	false
Init.Data.String.Lemmas.Pattern.Basic	String.Slice.Pattern.Model.matchAt?	true
Init.Data.String.Lemmas.Pattern.Basic	String.Slice.Pattern.Model.isLongestMatchAtChain_of_ofSliceTo	true
Init.Data.String.Basic	String.Slice.str_sliceTo	false
Init.Data.String.Lemmas.Pattern.Pred	String.Slice.Pos.find?_prop_eq_find?_decide	true
Init.Data.String.OrderInstances	String.Pos.instAntisymmLe	false
Init.Data.String.Lemmas.FindPos	String.Slice.posLE_dec	true
Init.Data.String.Lemmas.Pattern.TakeDrop.String	String.Slice.dropSuffix?_string_empty	true
Init.Data.String.Lemmas.Pattern.Pred	String.Slice.Pattern.Model.CharPred.Decidable.isLongestMatch_iff	true
Init.Data.String.Defs	String.rawEndPos_eq_zero_iff	false
Init.Data.String.Basic	String.startPos_eq_endPos_iff	true
Init.Data.ByteArray.Basic	ByteArray.instSizeOfIterator	false
Init.Data.String.Lemmas.Pattern.Char	String.Slice.dropSuffix_char_eq_dropSuffix_beq	true
Init.Data.String.PosRaw	String.Pos.Raw.ne_of_lt	false
Init.Data.String.Basic	String.Pos.Raw.extract.go₂	false
Init.Prelude	Char.utf8Size	false
Init.Data.String.Lemmas.FindPos	String.Pos.prev_lt_iff_le	true
Init.Data.String.Iterate	String.Slice.RevPosIterator.rec	false
Init.Data.String.Basic	String.Pos.Raw.utf8PrevAux_lt_of_pos	false
Init.Data.String.Lemmas.Pattern.Char	String.Slice.Pattern.Model.Char.instNoPrefixPatternModelChar	true
Init.Data.ByteArray.Lemmas	ByteArray.set.eq_1	false
Init.Data.String.TakeDrop	String.trim	true
Init.Data.String.Basic	String.Slice.Pos.next.eq_1	true
Init.Data.String.Lemmas.TakeDrop	String.Slice.toList_copy_drop	true
Init.Data.String.Pattern.String	String.Slice.Pattern.ForwardSliceSearcher.startsWith	false
Init.Data.String.Termination	String.Slice.Pos.le_iff_remainingBytes_le	true
Init.Data.String.Pattern.Char	String.Slice.Pattern.Char.instBackwardPatternChar	true
Init.Data.String.Lemmas.Pattern.TakeDrop.Pred	String.Pos.revSkipWhile_prop_eq_self_iff_get	true
Init.Data.String.Slice	String.Slice.lines.lineMap	true
Init.Data.String.Basic	String.Pos.Raw.isValidForSlice_sliceTo	false
Init.Data.String.Defs	String.Pos.le_iff	false
Init.Data.String.Decode	ByteArray.utf8DecodeChar?.match_1.congr_eq_5	false
Init.Data.Char.Order	Char.instLawfulOrderLT	false
Init.Data.String.Lemmas.Iterate	String.Model.mem_positionsFrom	true
Init.Data.String.Pattern.Pred	String.Slice.Pattern.CharPred.instForwardPatternForallCharBool	true
Init.Data.String.Slice	String.Slice.dropSuffix?	false
Init.Data.ByteArray.Lemmas	ByteArray.getElem!_push	false
Init.Data.String.Lemmas.Pattern.Split.Basic	String.Slice.Pattern.Model.split_eq_next_of_not_matchesAt	true
Init.Data.String.Lemmas.Order	String.Pos.sliceTo_lt_sliceTo_iff	true
Init.Data.String.Basic	String.Slice.pos	false
Init.Data.String.Bootstrap	String.Pos.Raw.Internal.sub	false
Init.Data.String.Lemmas.Pattern.Basic	String.Slice.Pattern.Model.IsLongestMatchAt.matches_slice	true
Init.Data.String.Lemmas.Pattern.Basic	String.Slice.Pattern.Model.IsValidSearchFrom.mismatched_of_eq	true
Init.Data.String.Basic	String.Pos.ofToSlice_toSlice	true
Init.Data.String.Pattern.Basic	String.Slice.Pattern.ToBackwardSearcher.instInhabitedDefaultBackwardSearcher	false
Init.Data.String.Defs	String.Slice.byteIdx_rawEndPos	false
Init.Data.String.Defs	String.Pos.noConfusion	false
Init.Data.String.Lemmas.Intercalate	String.toList_join	true
Init.Data.String.Lemmas.Pattern.TakeDrop.Basic	String.revAll_toSlice	true
Init.Data.String.Lemmas.Pattern.Basic	String.Slice.Pattern.Model.IsLongestMatch.sliceTo	true
Init.Data.ByteArray.Lemmas	ByteArray.extract_eq_extract_append_extract	true
Init.Data.String.Iterate	String.Slice.PosIterator.instFiniteSubtypePosNeEndPos	true
Init.Data.String.Lemmas.Pattern.Basic	String.Slice.Pattern.Model.IsLongestMatch.isLongestMatchAt_ofSliceFrom	true
Init.Data.String.Pattern.Basic	String.Slice.Pattern.ToForwardSearcher.DefaultForwardSearcher.mk.inj	false
Init.Data.String.TakeDrop	String.Internal.nextWhileImpl	true
Init.Data.String.Lemmas.FindPos	String.Slice.Pos.prev_lt	true
Init.Data.String.Iterate	String.Slice.RevPosIterator.mk.noConfusion	false
Init.Data.String.Basic	ByteArray.utf8Decode?_utf8Encode_singleton_append	true
Init.Data.String.Lemmas.Slice	String.Slice.front?_eq_get?	true
Init.Data.String.Lemmas.Pattern.Pred	String.Slice.Pattern.Model.CharPred.instLawfulToForwardSearcherModelForallCharBoolDefaultForwardSearcher	true
Init.Data.String.Lemmas.Pattern.Char	String.Slice.takeWhile_char_eq_takeWhile_beq	true
Init.Data.String.Lemmas.Pattern.Pred	String.Slice.Pattern.Model.CharPred.matchAt?_eq	true
Init.Data.String.Lemmas.Pattern.TakeDrop.Basic	String.skipPrefixWhile_eq_startPos_iff	true
Init.Data.Char.Ordinal	Char.ofOrdinal_inj	true
Init.Data.String.Lemmas.Pattern.Pred	String.Slice.Pattern.Model.CharPred.Decidable.instStrictPatternModelForallCharProp	true
Init.Data.String.Iterate	String.Slice.PosIterator.noConfusion	false
Init.Data.String.Iterate	String.Slice.ByteIterator.offset	false
Init.Data.String.Defs	String.exists_eq_ofList	false
Init.Data.String.Lemmas.Pattern.TakeDrop.Basic	String.Slice.Pattern.Model.Pos.skipWhile_eq_self_iff	true
Init.Data.String.Basic	String.next'	true
Init.Data.String.Extra	String.utf8DecodeChar?	true
Init.Data.String.Slice	String.Slice.dropEndWhile	false
Init.Data.String.Decode	ByteArray.utf8DecodeChar?.assemble₂	false
Init.Data.String.Lemmas.FindPos	String.Slice.posLE_eq_pos	true
Init.Data.String.Basic	String.Slice.Pos.lt_cast_iff	true
Init.Data.String.Slice	String.Slice.trimAscii	true
Init.Data.Range.Polymorphic.Char	Char.pRangeSuccMany?_eq	true
Init.Data.String.Lemmas.Pattern.TakeDrop.Pred	String.Slice.Pos.apply_of_lt_skipWhile_prop	true
Init.Data.String.Lemmas.IsEmpty	String.copy_slice_self	true
Init.Data.ByteArray.Lemmas	ByteArray.append_empty	false
Init.Data.String.Pattern.Pred	String.Slice.Pattern.CharPred.instStrictBackwardPatternForallCharBool	true
Init.Data.String.Slice	String.Slice.startsWith	false
Init.Data.String.Lemmas.Pattern.Basic	String.Slice.Pattern.Model.StrictPatternModel.mk	false
Init.Data.String.Lemmas.Slice	String.Slice.beq_list_eq_decide	true
Init.Data.String.Pattern.Basic	String.Slice.Pattern.SearchStep.matched.injEq	false
Init.Data.String.Lemmas.Pattern.TakeDrop.Pred	String.Slice.skipSuffix?_bool_eq_some_iff	true
Init.Data.String.Pattern.Basic	String.Slice.Pattern.ForwardPattern.skipPrefix?	false
Init.Data.String.Lemmas.Pattern.TakeDrop.Basic	String.Slice.isEmpty_takeWhile_eq_true	true
Init.Data.String.Basic	String.prev_zero	true
Init.Data.String.Lemmas.Pattern.Split.Pred	String.Slice.toList_split_prop	true
Init.Data.String.Basic	String.Pos.ofCopy_inj	true
Init.Data.String.Lemmas.Pattern.Basic	String.Slice.Pattern.Model.isLongestRevMatch_of_ofSliceFrom	true
Init.Data.String.Basic	String.Pos.le_ofSliceFrom	true
Init.Prelude	String.Pos.Raw.mk	false
Init.Data.String.Lemmas.Pattern.Find.Char	String.Pos.find?_char_eq_none_iff	true
Init.Data.String.Lemmas.Pattern.Split.Pred	String.Slice.toList_splitToSubslice_prop	true
Init.Data.String.Lemmas.FindPos	String.Slice.le_offset_posGE	true
Init.Prelude	Char.ctorIdx	false
Init.Data.String.Search	String.replace	true
Init.Data.String.Lemmas.Pattern.TakeDrop.Basic	String.isEmpty_takeEndWhile	true
Init.Data.String.Lemmas.Pattern.TakeDrop.String	String.Slice.endsWith_slice_eq_false_iff	true
Init.Data.String.Lemmas.Pattern.Basic	String.Slice.Pattern.Model.IsLongestMatchAtChain	true
Init.Data.String.Lemmas.Pattern.Char	String.Slice.Pattern.Model.Char.instNoSuffixPatternModelChar	true
Init.Data.String.Lemmas.Pattern.Basic	String.Slice.Pattern.Model.IsLongestMatchAtChain.below.nil	true
Init.Data.String.Lemmas.Pattern.TakeDrop.Pred	String.startsWith_bool_iff_get	true
Init.Data.String.Search	String.findAux	true
Init.Data.String.Termination	String.Pos.inner_down	false
Init.Data.String.TakeDrop	String.trimRight	true
Init.Data.String.Basic	String.Pos.cast_cast	false
Init.Data.String.Defs	String.Slice.isEmpty	false
Init.Data.String.Basic	String.Pos.get	true
Init.Data.Char.Lemmas	Char.notLTTotal	false
Init.Data.String.Lemmas.FindPos	String.Slice.Pos.prevn_le	true
Init.Data.String.Slice	String.Slice.RevSplitIterator.ctorElim	false
Init.Data.String.Iterate	String.Internal.ofToSliceWithProof	true
Init.Data.String.Lemmas.IsEmpty	String.isEmpty_toSlice_iff	true
Init.Data.String.Lemmas.Order	String.Slice.Pos.startPos_lt_iff	true
Init.Data.String.Lemmas.Basic	String.sliceFrom_startPos	true
Init.Data.String.Lemmas.Splits	String.Slice.Pos.Splits.ne_startPos_of_singleton	true
Init.Data.String.Lemmas.Splits	String.Slice.Pos.sliceFrom_cast	true
Init.Data.String.Subslice	String.Slice.Subslice.toStringToString_eq	true
Init.Data.String.Basic	String.ofList_toList	true
Init.Data.String.Search	String.isNat	true
Init.Data.String.Lemmas.FindPos	String.Pos.prev_lt	true
Init.Data.String.Lemmas.Splits	String.Slice.Pos.ofEqAppend	true
Init.Data.String.Lemmas.Basic	String.Slice.copy_eq_copy_slice	true
Init.Data.String.PosRaw	String.Pos.Raw.byteDistance_eq	false
Init.Data.String.Slice	String.Slice.drop	true
Init.Data.String.Basic	String.Pos.ofToSlice	true
Init.Data.String.Basic	String.utf8SetAux	false
Init.Data.String.Lemmas.Pattern.Basic	String.Slice.Pattern.Model.IsValidSearchFrom.below.casesOn	true
Init.Data.String.Lemmas.Pattern.TakeDrop.Basic	String.Slice.skipSuffix?_copy	true
Init.Data.String.Slice	String.Slice.splitToSubslice	false
Init.Data.String.Slice	String.Slice.SplitInclusiveIterator.ctorIdx	false
Init.Data.String.Iterator	String.Iterator.next	true
Init.Data.String.Slice	String.Slice.all	true
Init.Data.String.Lemmas.Pattern.Pred	String.Slice.Pattern.Model.CharPred.isLongestRevMatchAt_iff	true
Init.Data.String.PosRaw	String.Pos.Raw.add_char_eq	false
Init.Data.String.Lemmas.Pattern.Basic	String.Slice.Pattern.Model.IsLongestRevMatch.not_isRevMatch	true
Init.Data.String.Lemmas.Pattern.Basic	String.Slice.Pattern.Model.IsValidRevSearchFrom.startPos_of_eq	true
Init.Data.String.Slice	String.Slice.dropSuffix	false
Init.Data.ByteArray.Basic	ByteArray.Iterator.forward	false
Init.Data.String.Lemmas.Pattern.Find.Pred	String.Pos.find?_prop_eq_some_iff_splits	true
Init.Data.String.Termination	String.Slice.Pos.Down.noConfusion	false
Init.Data.String.OrderInstances	String.Pos.instLECoOfNatIntHAddCastUtf8ByteSize	false
Init.Data.String.Pattern.Basic	String.Slice.Pattern.LawfulForwardPattern.rec	false
Init.Data.String.Defs	String.Pos.recOn	false
Init.Data.String.Basic	String.getUTF8Byte.eq_1	false
Init.Data.String.Lemmas.Splits	String.Pos.Splits.toByteArray_eq_right	true
Init.Data.String.Lemmas.Pattern.Pred	String.Slice.Pattern.Model.CharPred.Decidable.revMatchAt?_eq_revMatchAt?_decide	true
Init.Data.String.Slice	String.Slice.join	true
Init.Data.String.Lemmas.Splits	String.Slice.Pos.Splits.copy_sliceFrom_eq	true
Init.Data.String.Lemmas.Splits	String.Pos.Splits.toSlice	true
Init.Data.String.Basic	String.Slice.Pos.prevAux.go.eq_def	true
Init.Data.String.Slice	String.Slice.takeEndWhile	false
Init.Data.String.Lemmas.Splits	String.Slice.copy_slice_next	true
Init.Data.String.Lemmas.Pattern.String.ForwardPattern	String.Slice.Pos.skip?_string_eq_skip?_toSlice	true
Init.Data.String.Lemmas.Pattern.Basic	String.Slice.Pattern.Model.IsLongestMatchAtChain.below.cons	true
Init.Data.String.Lemmas.Pattern.TakeDrop.Basic	String.Slice.revAll_eq_skipSuffixWhile_beq	false
Init.Data.String.Lemmas.Splits	String.Pos.splits_next_right	true
Init.Data.String.Lemmas.FindPos	String.le_posLE_iff	true
Init.Data.String.Iterate	String.Slice.PosIterator.currPos	false
Init.Prelude	String.isValidUTF8	false
Init.Data.String.Basic	String.utf8ByteSize_sliceFrom	true
Init.Data.String.Slice	String.Slice.RevSplitIterator.atEnd.elim	false
Init.Data.String.Lemmas.Pattern.TakeDrop.Basic	String.Slice.dropSuffix?_eq_map_skipSuffix?	false
Init.Data.String.Lemmas.Pattern.Basic	String.Slice.Pattern.Model.LawfulForwardPatternModel	false
Init.Data.String.Lemmas.Pattern.TakeDrop.Basic	String.Slice.dropEndWhile_congr	true
Init.Data.String.Pattern.Basic	String.Slice.Pattern.ToForwardSearcher.DefaultForwardSearcher.casesOn	false
Init.Data.String.Lemmas.Pattern.String.Basic	String.Slice.Pattern.Model.ForwardStringSearcher.isValidSearchFrom_iff_isValidSearchFrom_toSlice	true
Init.Data.String.Lemmas.Pattern.Find.Pred	String.Pos.find?_prop_eq_find?_decide	true
Init.Data.String.Basic	String.Pos.Raw.IsValid.exists	true
Init.Data.String.Lemmas.Pattern.Pred	String.Slice.Pattern.Model.CharPred.isLongestMatchAt_of_get	true
Init.Data.String.Lemmas.Splits	String.splits_next_startPos	true
Init.Data.String.Basic	String.Pos.Raw.get?	true
Init.Data.String.Lemmas.FindPos	String.Slice.posLE_eq_iff	true
Init.Data.String.Lemmas.FindPos	String.posGT_eq_posGE	true
Init.Data.String.Basic	String.Slice.Pos.cast_le_iff	true
Init.Data.String.Decode	ByteArray.utf8DecodeChar?.parseFirstByte.eq_1	false
Init.Data.String.Lemmas.Pattern.Pred	String.Slice.Pattern.Model.CharPred.isLongestMatchAtChain_iff_toList	true
Init.Data.String.Lemmas.FindPos	String.pos_eq_posGE	true
Init.Data.String.Lemmas.Basic	String.singleton_ne_empty	true
Init.Data.String.Lemmas.Pattern.String.Basic	String.Slice.Pattern.Model.ForwardSliceSearcher.isLongestRevMatch_iff	true
Init.Data.String.Lemmas.Pattern.TakeDrop.String	String.Slice.skipSuffix?_string_empty	true
Init.Data.String.Lemmas.Order	String.Pos.endPos_le	true
Init.Data.String.Lemmas.FindPos	String.offset_posLT_lt	true
Init.Data.String.Slice	String.Slice.SplitIterator.operating.noConfusion	false
Init.Data.String.Basic	String.prev_lt_of_pos	true
Init.Data.String.Lemmas.Pattern.String.Basic	String.Slice.Pattern.Model.ForwardStringSearcher.revMatchesAt_iff_revMatchesAt_toSlice	true
Init.Data.String.Pattern.Basic	String.Slice.Pattern.StrictForwardPattern.rec	false
Init.Data.String.Basic	String.Pos.Raw.utf8PrevAux	false
Init.Data.String.Defs	String.Slice.Pos.mk.injEq	false
Init.Data.String.Lemmas.Pattern.Find.Char	String.find?_char_eq_some_iff_splits	true
Init.Data.String.Lemmas.Pattern.TakeDrop.Pred	String.Slice.eq_append_of_dropPrefix?_prop_eq_some	true
Init.Data.String.Lemmas.FindPos	String.Pos.le_prev_iff_lt	true
Init.Data.String.Decode	ByteArray.isSome_utf8DecodeChar?_append	true
Init.Data.String.Lemmas.Pattern.Pred	String.Slice.Pos.revSkipWhile.induct_unfolding	false
Init.Data.String.Lemmas.Pattern.TakeDrop.Char	String.Slice.startsWith_char_iff_get	true
Init.Data.String.Lemmas.FindPos	String.Pos.prevn_le	true
Init.Data.String.Lemmas.Pattern.Char	String.Slice.Pattern.Model.Char.matchAt?_eq	true
Init.Data.String.PosRaw	String.Pos.Raw.add_byteIdx	false
Init.Data.String.Lemmas.Pattern.TakeDrop.Basic	String.revSkip?_toSlice	true
Init.Data.String.Lemmas.FindPos	String.posLT_eq_posLE	true
Init.Data.String.Lemmas.FindPos	String.Pos.prev_next	true
Init.Data.String.Lemmas.Pattern.Char	String.Slice.Pattern.Model.Char.not_matchesAt_of_get_ne	true
Init.Data.String.Lemmas.Pattern.TakeDrop.String	String.Slice.skipPrefix?_string_empty	true
Init.Data.String.Lemmas.Pattern.TakeDrop.Pred	String.Slice.Pos.apply_of_revSkipWhile_le_prop	true
Init.Prelude	Char.mk	false
Init.Data.String.Lemmas.Pattern.TakeDrop.Char	String.Slice.get_eq_of_skipSuffixWhile_le_char	true
Init.Data.String.Lemmas.Pattern.TakeDrop.String	String.dropPrefix?_string_empty	true
Init.Data.ByteArray.Basic	ByteArray.ext_iff	false
Init.Data.String.Decode	ByteArray.utf8DecodeChar?.assemble₃Unchecked.eq_1	false
Init.Data.Range.Polymorphic.Char	Char.instLawfulUpwardEnumerableLE	true
Init.Data.String.Pattern.Basic	String.Slice.Pattern.ToForwardSearcher.ctorIdx	false
Init.Data.String.Lemmas.Pattern.TakeDrop.Pred	String.Slice.apply_of_skipSuffixWhile_le_prop	true
Init.Data.String.Lemmas.Pattern.TakeDrop.Basic	String.Slice.Pattern.Model.Pos.not_revMatchesAt_revSkipWhile	true
Init.Data.String.Lemmas.Pattern.Basic	String.Slice.Pattern.Model.LawfulToForwardSearcherModel.casesOn	true
Init.Data.String.Slice	String.Slice.RevSplitIterator.operating.noConfusion	false
Init.Data.String.Basic	String.Pos.ofSlice_lt_ofSlice_iff	true
Init.Data.String.Lemmas.Pattern.String.Basic	String.Slice.Pattern.Model.ForwardStringSearcher.instPatternModel	false
Init.Data.String.Lemmas.Order	String.Pos.ne_endPos_of_slice_ne_endPos	true
Init.Data.String.Basic	String.ext	true
Init.Data.ByteArray.Lemmas	ByteArray.size_push	false
Init.Data.String.Lemmas.Pattern.TakeDrop.Pred	String.Pos.revSkip?_prop_eq_none_iff	true
Init.Data.String.Basic	String.slice!	true
Init.Data.ByteArray.Basic	ByteArray.instAppend	false
Init.Data.String.PosRaw	String.Pos.Raw.zero_addChar_byteIdx	false
Init.Data.String.Lemmas.Iterate	String.Slice.chars.eq_1	true
Init.Data.String.PosRaw	String.Pos.Raw.le_dec	true
Init.Prelude	ByteArray.mk.noConfusion	false
Init.Data.String.Basic	String.utf8ByteSize_push	true
Init.Data.String.Lemmas.Pattern.Pred	String.Slice.Pattern.Model.CharPred.instLawfulBackwardPatternModelForallCharBool	true
Init.Data.String.Lemmas.Pattern.TakeDrop.Char	String.Slice.Pos.skip?_char_eq_some_iff	true
Init.Data.String.Pattern.Basic	String.Slice.Pattern.BackwardPattern.casesOn	false
Init.Data.String.Lemmas.Pattern.Find.Char	String.Pos.find?_char_eq_some_iff	true
Init.Data.String.PosRaw	String.Pos.Raw.dec_lt_iff	true
Init.Data.String.Basic	String.Slice.endExclusive_sliceTo	false
Init.Data.String.Lemmas.Pattern.Basic	String.Slice.Pattern.Model.NoSuffixPatternModel.recOn	false
Init.Data.String.Lemmas.Pattern.Basic	String.Slice.Pattern.Model.isRevMatch_ofSliceFrom_iff	true
Init.Data.String.Basic	String.Pos.Raw.isValid_asString	true
Init.Data.String.Lemmas.Pattern.Pred	String.Slice.contains_prop_eq_contains_decide	true
Init.Data.String.Defs	String.Slice.Pos.mk	false
Init.Data.String.Iterate	String.Slice.ByteIterator.noConfusionType	false
Init.Data.String.Lemmas.Pattern.Split.Pred	String.Slice.toList_split_bool	true
Init.Data.String.TakeDrop	String.dropEndWhile	true
Init.Data.String.Lemmas.Pattern.TakeDrop.Basic	String.skipSuffixWhile_eq_endPos_iff	true
Init.Data.String.Lemmas.Pattern.TakeDrop.Basic	String.Pos.skip?_eq_skip?_toSlice	true
Init.Data.String.Basic	String.Pos.toReplaceStart	true
Init.Data.String.Iterate	String.Slice.PosIterator	false
Init.Data.String.Defs	String.instLTPos	false
Init.Data.String.Lemmas.Pattern.Split.Pred	String.Slice.toList_splitToSubslice_bool	true
Init.Data.String.Basic	String.Pos.next.congr_simp	true
Init.Data.String.Defs	String.instDecidableEqPos.decEq.match_1	false
Init.Data.String.Lemmas.Pattern.Basic	String.Slice.Pattern.Model.isLongestMatch_iff_isLongestMatchAt_ofSliceFrom	true
Init.Data.String.Lemmas.Iterate	String.Model.revPositionsFrom_startPos	true
Init.Data.String.Subslice	String.Slice.endExclusive_subsliceFrom	false
Init.Data.String.Lemmas.Iterate	String.Pos.Splits.mem_toList_left_iff	true
Init.Data.String.Lemmas.Pattern.Find.Char	String.Slice.Pos.find?_char_eq_none_iff_not_mem_of_splits	true
Init.Data.String.Lemmas.Splits	String.Slice.splits_singleton_iff	true
Init.Data.String.Lemmas.Splits	String.Pos.Splits.exists_eq_singleton_append_of_ne_startPos	true
Init.Data.String.Basic	String.endExclusive_sliceTo	true
Init.Data.String.Lemmas.Basic	String.toByteArray_copy_slice	true
Init.Data.ByteArray.Basic	ByteArray.findFinIdx?	false
Init.Data.String.Lemmas.FindPos	String.Pos.prev_toSlice	true
Init.Data.String.Lemmas.Pattern.TakeDrop.Basic	String.Slice.takeWhile_copy	true
Init.Data.String.Lemmas.Order	String.Pos.Raw.offsetBy.eq_1	false
Init.Data.String.Pattern.Basic	String.Slice.Pattern.ToForwardSearcher.DefaultForwardSearcher.instFiniteIdSearchStepOfStrictForwardPattern	true
Init.Data.String.Termination	String.Pos.le_iff_remainingBytes_le	true
Init.Data.String.Basic	String.Pos.Raw.isValid_iff_isValidUTF8_extract_utf8ByteSize	true
Init.Data.String.Termination	String.Slice.Pos.Down.rec	false
Init.Data.String.Basic	String.Pos.toSlice_lt	true
Init.Data.String.Basic	ByteArray.utf8Decode?.eq_1	true
Init.Data.String.Hashable	String.instHashableRaw.hash	false
Init.Data.String.Defs	String.toByteArray_push	false
Init.Data.String.Basic	String.Pos.ofSliceTo_endPos	true
Init.Data.String.Lemmas.Pattern.TakeDrop.String	String.Slice.eq_append_of_dropPrefix?_string_eq_some	true
Init.Data.ByteArray.Lemmas	ByteArray.append_assoc	false
Init.Data.String.Lemmas.Pattern.Basic	String.Slice.Pattern.Model.LawfulToBackwardSearcherModel.isValidRevSearchFrom_toList	true
Init.Data.String.Iterator	String.Legacy.Iterator.rec	false
Init.Data.String.Defs	String.instDecidableIsAtEnd	true
Init.Data.String.Decode	List.utf8DecodeChar?_utf8Encode_cons	true
Init.Data.String.Lemmas.Pattern.TakeDrop.Pred	String.Slice.Pos.skip?_bool_eq_some_iff	true
Init.Data.String.Lemmas.Basic	String.Pos.byte.congr_simp	true
Init.Data.String.Lemmas.Pattern.TakeDrop.Basic	String.Slice.isEmpty_dropEndWhile	true
Init.Data.String.Lemmas.Order	String.Slice.Pos.ofSliceFrom_ne_startPos	true
Init.Data.String.Decode	ByteArray.utf8DecodeChar_eq_utf8DecodeChar_extract	true
Init.Data.String.Lemmas.FindPos	String.lt_posGT_iff	true
Init.Data.String.Lemmas.Pattern.Pred	String.Slice.Pattern.Model.CharPred.Decidable.revMatchesAt_iff_revMatchesAt_decide	true
Init.Data.String.Basic	String.Pos.Raw.isValidForSlice_stringSliceTo	true
Init.Data.String.Basic	String.Pos.ofSlice_inj	true
Init.Prelude	ByteArray.size	false
Init.Data.String.Lemmas.Pattern.Char	String.Slice.dropPrefix?_char_eq_dropPrefix?_beq	true
Init.Data.String.Lemmas.Pattern.TakeDrop.Basic	String.Slice.Pattern.Model.Pos.revSkip?_eq_some_iff	true
Init.Data.String.Basic	ByteArray.utf8Encode_get_utf8Decode?	true
Init.Data.String.Defs	String.Slice.offset_endPos	false
Init.Data.String.Lemmas.Intercalate	String.join_nil	false
Init.Data.String.Pattern.Basic	String.Slice.Pattern.StrictForwardPattern.recOn	false
Init.Data.String.Iterator	String.Legacy.Iterator.mk.inj	false
Init.Data.ByteArray.Lemmas	ByteArray.getElem_set!	false
Init.Data.String.Lemmas.StringOrder	String.instLawfulOrderLT	true
Init.Data.String.Iterate	String.Slice.ByteIterator.recOn	false
Init.Data.String.TakeDrop	String.Slice.trim	true
Init.Data.String.Lemmas.Basic	String.Slice.startPos.eq_1	false
Init.Data.String.Basic	String.Pos.ofToSlice_le	true
Init.Data.Ord.String	String.compare	true
Init.Data.String.Basic	String.Slice.Pos.ofSlice_le	false
Init.Data.String.Lemmas.Splits	String.Pos.splits_toSlice_iff	true
Init.Data.ByteArray.Basic	ByteArray.forIn.loop.match_1	false
Init.Prelude	ByteArray.noConfusion	false
Init.Data.String.Lemmas.Pattern.TakeDrop.Basic	String.Slice.dropEndWhile_eq_self_iff	true
Init.Data.String.Lemmas.Pattern.Pred	String.Slice.Pattern.ForwardPattern.skipPrefix?_prop_eq_skipPrefix?_decide	true
Init.Data.String.Lemmas.Pattern.String.ForwardPattern	String.Slice.revAll_string_eq_revAll_toSlice	true
Init.Core	ByteArray.mk.injEq	false
Init.Data.String.Decode	Char.utf8Size_eq_four_iff	false
Init.Data.String.Basic	String.str_slice	true
Init.Data.String.Lemmas.IsEmpty	String.startPos_ne_endPos_iff	true
Init.Data.String.Pattern.Basic	String.Slice.Pattern.instBEqSearchStep	true
Init.Data.String.Iterator	String.Legacy.Iterator.find	true
Init.Data.ByteArray.Lemmas	ByteArray.extract_append_eq_left	true
Init.Data.String.Basic	String.Slice.Pos.ofSlice_inj	false
Init.Data.String.FindPos	String.Pos.prev	true
Init.Data.String.Lemmas.Pattern.String.Basic	String.Slice.Pos.ofEqAppend.congr_simp	true
Init.Data.String.Decode	ByteArray.isUTF8FirstByte_of_isSome_utf8DecodeChar?	true
Init.Data.String.Iterate	String.Slice.RevPosIterator.mk.sizeOf_spec	false
Init.Data.String.Iterate	String.Slice.ByteIterator.ctorIdx	false
Init.Data.String.Pattern.Basic	String.Slice.Pattern.BackwardPattern.endsWith	false
Init.Data.String.Basic	String.Pos.extract	true
Init.Data.String.Basic	String.Pos.ofToSlice_le_iff	true
Init.Prelude	Char.val	false
Init.Data.String.Lemmas.Basic	String.Pos.startPos_le	false
Init.Data.String.Basic	String.Pos.lt_cast_iff	false
Init.Data.String.PosRaw	String.instHAddRawChar	false
Init.Data.String.Lemmas.FindPos	String.posLT_lt_iff	true
Init.Data.String.Lemmas.Order	String.Pos.offset_lt_rawEndPos_iff	true
Init.Data.String.Iterator	String.Legacy.Iterator.pos	false
Init.Data.String.Lemmas.Pattern.Basic	String.Slice.Pattern.Model.IsLongestMatchAt.matchesAt	true
Init.Data.String.Defs	String.Pos.Raw.IsValidForSlice.casesOn	false
Init.Data.String.Pattern.String	String.Slice.Pattern.ForwardSliceSearcher.buildTable	false
Init.Data.String.Lemmas.Pattern.Basic	String.Slice.Pattern.Model.NoPrefixPatternModel	false
Init.Data.String.Lemmas.IsEmpty	String.Slice.copy_eq_empty_iff	true
Init.Data.String.Basic	String.Slice.Pos.cast	true
Init.Data.String.Modify	String.Pos.set	true
Init.Data.String.Lemmas.Pattern.Char	String.Slice.Pos.revSkip?_char_eq_revSkip?_beq	true
Init.Data.String.Basic	String.Pos.ofReplaceStart	true
Init.Data.String.Basic	String.instDecidableIsValidForSlice	true
Init.Data.Range.Polymorphic.Char	Char.instIsAlwaysFinite	true
Init.Data.String.Lemmas.Pattern.Basic	String.Slice.Pattern.Model.revMatchAt?.fun_cases_unfolding	true
Init.Data.String.Lemmas.Splits	String.Pos.Splits.next	true
Init.Data.String.Lemmas.Pattern.TakeDrop.Basic	String.skipPrefixWhile_eq_skipPrefixWhile_toSlice	true
Init.Data.String.Lemmas.Splits	String.Slice.Pos.splits_of_splits_copy	true
Init.Data.String.Lemmas.Splits	String.Slice.Pos.splits_ofToSlice_iff	true
Init.Data.String.Lemmas.Order	String.Pos.ofSlice_ne_startPos	true
Init.Data.String.Lemmas.Pattern.TakeDrop.Basic	String.Slice.Pos.revSkip?_copy	true
Init.Data.ByteArray.Basic	ByteArray.beq	false
Init.Data.String.Lemmas.Pattern.Pred	String.Slice.Pattern.Model.CharPred.Decidable.skipSuffix?_eq_skipSuffix?_decide	true
Init.Data.String.Lemmas.FindPos	String.posLE_eq_posLE_toSlice	true
Init.Data.String.Lemmas.Pattern.TakeDrop.Basic	String.Slice.revAll_takeEndWhile	true
Init.Data.String.Length	String.length_singleton	true
Init.Data.String.Lemmas.Basic	String.slice_startPos	true
Init.Data.String.PosRaw	String.Pos.Raw.increaseBy_charUtf8Size	false
Init.Prelude	ByteArray.rec	false
Init.Data.String.Lemmas.Iterate	String.Slice.Model.positionsFrom_eq_cons	true
Init.Data.String.Basic	String.endExclusive_slice	true
Init.Data.String.Basic	String.utf8ByteSize_slice	true
Init.Data.ByteArray.Basic	ByteArray.foldlM.loop.match_1	false
Init.Data.String.Lemmas.Order	String.Slice.Pos.ofSlice_next	true
Init.Data.String.Lemmas.Pattern.TakeDrop.Pred	String.Slice.endsWith_bool_eq_getLast?	true
Init.Data.String.Decode	String.toByteArray_utf8EncodeChar_of_utf8DecodeChar?_eq_some	true
Init.Data.String.Pattern.String	String.Slice.Pattern.ForwardSliceSearcher.ctorIdx	false
Init.Data.String.Iterate	String.Slice.RevPosIterator.instIteratorLoopSubtypePosNeEndPosOfMonad	true
Init.Data.String.Lemmas.Pattern.Pred	String.Slice.Pattern.Model.CharPred.isLongestMatchAtChain_startPos_endPos_iff_toList	true
Init.Prelude	String.Pos.Raw.noConfusionType	false
Init.Data.String.Lemmas.Pattern.TakeDrop.Basic	String.Slice.dropWhile_eq_self	true
Init.Data.String.Termination	String.Pos.prev_induction	true
Init.Data.Char.Lemmas	Char.ltIrrefl	false
Init.Data.String.Basic	String.Slice.Pos.offset_sliceTo	false
Init.Data.String.Basic	String.rawEndPos_push	true
Init.Data.String.Iterator	String.Legacy.Iterator.remainingBytes	false
Init.Data.String.Basic	String.ofList_comp_toList	true
Init.Prelude	String.hash	false
Init.Data.String.Defs	String.isEmpty	false
Init.Data.String.Iterate	String.instForInCharOfMonad	true
Init.Data.ByteArray.Basic	ByteArray.foldl	false
Init.Data.String.Lemmas.Pattern.String.Basic	String.Slice.Pattern.Model.ForwardStringSearcher.le_of_matchesAt	true
Init.Data.String.Slice	String.Slice.SplitInclusiveIterator.operating	false
Init.Data.String.Defs	String.Pos.Raw.IsValid.recOn	false
Init.Data.String.Subslice	String.Slice.Subslice	false
Init.Data.String.Basic	String.Pos.byteIdx_offset_next	true
Init.Data.String.Lemmas.FindPos	String.posLE_lt_iff	true
Init.Data.String.Lemmas.Basic	String.Slice.endPos.eq_1	false
Init.Data.String.Defs	String.Slice.rawEndPos	false
Init.Data.String.PosRaw	String.Pos.Raw.unoffsetBy_zero	false
Init.Data.String.Slice	String.Slice.skipPrefix?	false
Init.Data.String.Termination	String.Slice.Pos.remainingBytes_copy	true
Init.Data.String.Basic	String.Slice.Pos.offset_str	false
Init.Data.String.Lemmas.Basic	String.Slice.utf8ByteSize_eq_size_toByteArray_copy	true
Init.Data.String.Modify	String.Pos.modify	true
Init.Data.String.Lemmas.Pattern.Find.Basic	String.Slice.Pos.find?_eq_find?_sliceFrom	false
Init.Data.ByteArray.Basic	ByteArray.Iterator.noConfusionType	false
Init.Data.String.Pattern.Basic	String.Slice.Pattern.ToForwardSearcher.DefaultForwardSearcher.rec	false
Init.Data.String.Lemmas.Iterate	String.toList_positionsFrom	true
Init.Data.String.Pattern.Basic	String.Slice.Pattern.LawfulForwardPattern.mk	false
Init.Data.String.Lemmas.Pattern.Basic	String.Slice.Pattern.Model.IsValidRevSearchFrom.below.matched	true
Init.Data.String.Lemmas.Iterate	String.Slice.Model.mem_positionsFrom	true
Init.Data.String.Pattern.Basic	String.Slice.Pattern.SearchStep.endPos_ofSliceFrom	false
Init.Data.String.Lemmas.Splits	String.copy_slice_next	true
Init.Data.String.Lemmas.Pattern.TakeDrop.Basic	String.Slice.isEmpty_takeEndWhile_iff_dropEndWhile_eq_self	true
Init.Data.String.Lemmas.Pattern.String.ForwardPattern	String.Slice.Pattern.ForwardSliceSearcher.startsWith_of_isEmpty	true
Init.Data.String.Lemmas.IsEmpty	String.ne_empty_of_lt	true
Init.Data.String.Pattern.Basic	String.Slice.Pattern.SearchStep.startPos_ofSliceFrom	false
Init.Data.String.Lemmas.FindPos	String.Pos.toSlice_prevn	true
Init.Data.String.Lemmas.Pattern.Basic	String.Slice.Pattern.Model.lt_of_revMatchAt?_eq_some	true
Init.Data.ByteArray.Basic	ByteArray.Iterator.recOn	false
Init.Data.String.Lemmas.Iterate	String.Slice.toList_revChars	true
Init.Data.String.Defs	String.Slice.Pos.le_refl	false
Init.Data.String.Lemmas.Pattern.String.Basic	String.Slice.Pattern.Model.ForwardStringSearcher.isRevMatch_iff_slice	true
Init.Data.String.Pattern.Basic	String.Slice.Pattern.SearchStep.rec	false
Init.Data.String.Defs	String.Slice.mk	false
Init.Data.String.Basic	String.head_toList	true
Init.Data.String.Lemmas.Basic	String.sliceTo_sliceFrom	true
Init.Data.String.Decode	List.utf8DecodeChar?_utf8Encode_singleton	true
Init.Data.String.Lemmas.Basic	String.Slice.Pos.nextn_endPos	true
Init.Data.String.Decode	ByteArray.utf8DecodeChar?.verify₁.congr_simp	false
Init.Data.String.Lemmas.Modify	String.Pos.Splits.pastSet	true
Init.Data.ByteArray.Basic	ByteArray.forInUnsafe.loop.match_1	false
Init.Data.ByteArray.Basic	ByteArray.findIdx?.loop	false
Init.Data.String.Lemmas.Pattern.TakeDrop.Basic	String.skipSuffixWhile_eq_endPos	true
Init.Data.String.Lemmas.Pattern.Basic	String.Slice.Pattern.Model.isMatch_iff	true
Init.Data.String.Lemmas.Pattern.TakeDrop.Basic	String.dropSuffix?_eq_dropSuffix?_toSlice	true
Init.Data.String.Lemmas.Pattern.TakeDrop.Pred	String.Slice.apply_eq_true_of_skipSuffixWhile_le_bool	true
Init.Data.String.Pattern.Pred	String.Slice.Pattern.CharPred.instToForwardSearcherForallCharBoolDefaultForwardSearcher	true
Init.Data.String.Lemmas.Splits	String.Pos.splits_ofEqAppend	true
Init.Data.String.Slice	String.Slice.SplitIterator.PlausibleStep.rec	false
Init.Data.String.Basic	String.Pos.ofToSlice_lt	true
Init.Data.String.Lemmas.Order	String.Pos.startPos_lt_iff	true
Init.Data.String.Slice	String.Slice.SplitInclusiveIterator.instIteratorLoopIdOfMonad	true
Init.Data.String.Decode	Char.utf8Size.eq_1	false
Init.Data.String.Basic	String.toList_ofList	true
Init.Data.Range.Polymorphic.Char	Char.instLawfulUpwardEnumerableLeast?	true
Init.Data.String.Lemmas.Basic	String.pos!_eq_pos	true
Init.Data.String.Basic	ByteArray.utf8Decode?.go.induct_unfolding	true
Init.Data.String.Lemmas.Pattern.TakeDrop.Basic	String.Slice.all_copy	true
Init.Data.String.Legacy	String.splitAux	true
Init.Data.String.Bootstrap	String.instOfNatRaw	false
Init.Data.String.Lemmas.Pattern.TakeDrop.Basic	String.isEmpty_takeEndWhile_eq_true	true
Init.Data.String.Lemmas.FindPos	String.Slice.posLT.congr_simp	true
Init.Data.String.Lemmas.IsEmpty	String.isEmpty_sliceTo_eq_false_iff	true
Init.Data.String.Basic	String.sliceTo	true
Init.Data.String.Lemmas.Order	String.Pos.isUTF8FirstByte_getUTF8Byte_offset	true
Init.Data.String.Pattern.Basic	String.Slice.Pattern.BackwardPattern.skipSuffixOfNonempty?	false
Init.Data.String.Defs	String.Pos.Raw.byteIdx_add_slide	false
Init.Data.String.Search	String.revPosOf	true
Init.Data.String.Lemmas.Iterate	String.Model.revPositionsFrom_eq_map	true
Init.Data.String.OrderInstances	String.Pos.Raw.instLawfulOrderBEq	true
Init.Data.String.Lemmas.Pattern.TakeDrop.Pred	String.apply_skipSuffixWhile_prop	true
Init.Data.String.Pattern.Basic	String.Slice.Pattern.ForwardPattern.rec	false
Init.Data.String.Lemmas.Pattern.TakeDrop.Basic	String.Slice.skipSuffix?_eq_none_iff	false
Init.Data.String.Lemmas.Splits	String.Slice.splits_next_startPos	true
Init.Data.String.Basic	String.Slice.Pos.cast_startPos	true
Init.Data.String.TakeDrop	String.takeEnd	true
Init.Data.String.Basic	String.Pos.ofSliceTo_le_ofSliceTo_iff	true
Init.Data.String.Decode	ByteArray.utf8DecodeChar?.assemble₄.fun_cases_unfolding	false
Init.Data.String.Basic	String.instLT	true
Init.Data.String.Lemmas.Basic	String.push_ne_empty	true
Init.Data.Char.Basic	Char.isAlphanum	false
Init.Data.String.Lemmas.Pattern.TakeDrop.Basic	String.Slice.skipPrefix?_copy	true
Init.Data.String.Lemmas.Pattern.String.Basic	String.Slice.Pattern.Model.ForwardSliceSearcher.instNoPrefixPatternModel	true
Init.Data.String.Lemmas.FindPos	String.le_posLT_iff	true
Init.Data.String.Lemmas.Pattern.Find.Pred	String.find?_prop_eq_some_iff_splits	true
Init.Data.String.Basic	String.Pos.byte	true
Init.Data.String.Decode	ByteArray.utf8DecodeChar?.FirstByte.oneMore	false
Init.Data.String.Modify	String.capitalize	true
Init.Data.String.PosRaw	String.Pos.Raw.mk_byteIdx	false
Init.Data.String.Lemmas.Pattern.Basic	String.Slice.Pattern.Model.IsLongestRevMatch.rec	true
Init.Data.String.OrderInstances	String.Pos.instLTCoOfNatIntHAddCastUtf8ByteSize	false
Init.Data.String.Bootstrap	String.Internal.nextWhile	false
Init.Data.String.Lemmas.Pattern.Basic	String.Slice.Pattern.Model.isLongestRevMatch_iff_isRevMatch	true
Init.Data.String.Basic	String.Pos.Raw.lt_next	true
Init.Data.String.Lemmas.Pattern.Find.Basic	String.contains_eq_contains_toSlice	true
Init.Data.String.Lemmas.Pattern.Basic	String.Slice.Pattern.Model.isValidRevSearchFrom_cast_iff	true
Init.Data.String.Subslice	String.Slice.Subslice.endExclusive_ofSliceFrom	false
Init.Data.String.Lemmas.Basic	String.Slice.cast_pos	true
Init.Data.String.Defs	String.bytes	false
Init.Data.String.Iterate	String.Slice.PosIterator.instIteratorSubtypePosNeEndPosOfPure.match_1	false
Init.Data.String.Lemmas.Basic	String.Slice.Pos.nextn_add_one	true
Init.Prelude	String.Pos.Raw.recOn	false
Init.Data.String.Decode	ByteArray.utf8DecodeChar?.FirstByte.twoMore	false
Init.Data.Repr	Char.quoteCore	false
Init.Data.String.Basic	ByteArray.isValidUTF8_utf8Encode_singleton_append_iff	true
Init.Data.String.Basic	String.Pos.Raw.atEnd	false
Init.Data.String.Subslice	String.Slice.Subslice.ext	false
Init.Data.String.Pattern.Basic	String.Slice.Pattern.SearchStep.noConfusionType	false
Init.Data.String.Basic	String.data_push	true
Init.Data.String.Defs	String.Slice.Pos.ext	false
Init.Data.String.Pattern.Basic	String.Slice.Pattern.instInhabitedSearchStep	false
Init.Data.ByteArray.Basic	ByteArray.uset	false
Init.Data.String.Basic	String.Pos.Raw.prev_zero	true
Init.Data.String.Lemmas.Pattern.Char	String.Slice.skipPrefixWhile_char_eq_skipPrefixWhile_beq	true
Init.Data.String.Defs	String.Pos.Raw.isValid_zero	false
Init.Data.String.Lemmas.Pattern.Basic	String.Slice.Pattern.Model.IsLongestMatch.mk	true
Init.Data.String.Lemmas.Basic	String.ofList_cons	true
Init.Data.String.Lemmas.Iterate	String.Slice.Model.map_get_revPositionsFrom_endPos	true
Init.Data.String.PosRaw	String.Pos.Raw.lt_iff	false
Init.Data.ByteArray.Bootstrap	ByteArray.toList_data_append'	false
Init.Data.String.Bootstrap	String.Internal.dropRight	false
Init.Data.String.Lemmas.Splits	String.Slice.copy_sliceFrom_eq_iff_splits	true
Init.Data.String.Lemmas.FindPos	String.Slice.offset_posLT_lt	true
Init.Data.String.Bootstrap	String.Internal.getUTF8Byte	false
Init.Data.String.Lemmas.Pattern.TakeDrop.Basic	String.Slice.startsWith_copy	true
Init.Data.String.Basic	String.Pos.offset_ofSlice	true
Init.Data.String.Lemmas.FindPos	String.Pos.posGE_offset	true
Init.Data.String.Lemmas.Pattern.TakeDrop.Basic	String.Slice.Pattern.Model.revAll_eq_true_iff	true
Init.Data.String.Lemmas.Pattern.TakeDrop.Pred	String.Slice.eq_append_of_dropSuffix?_bool_eq_some	true
Init.Data.String.Lemmas.Pattern.TakeDrop.Pred	String.apply_of_skipSuffixWhile_le_prop	true
Init.Data.String.Pattern.Basic	String.Slice.Pattern.SearchStep.ctorElimType	false
Init.Data.String.Decode	String.length_utf8EncodeChar	true
Init.Data.String.Defs	String.instDecidableIsAtEnd_1	false
Init.Data.String.Lemmas.Slice	String.Slice.beq_eq_decide	true
Init.Data.String.Basic	String.Slice.Pos.get?	true
Init.Data.String.Lemmas.Pattern.Pred	String.Slice.Pattern.Model.CharPred.Decidable.instLawfulToForwardSearcherModelForallCharPropDefaultForwardSearcherForallBoolDecide	true
Init.Data.Range.Polymorphic.Char	Char.instUpwardEnumerable	true
Init.Data.Char.Lemmas	Char.leAntisymm	false
Init.Data.String.Slice	String.Slice.toStringToString_eq	true
Init.Data.String.Lemmas.Basic	String.Pos.byte_toSlice	true
Init.Data.String.Basic	String.Pos.Raw.isValidForSlice.fun_cases_unfolding	false
Init.Data.String.Lemmas.IsEmpty	String.Slice.copy_slice_self	true
Init.Data.String.Termination	String.Slice.Pos.remainingBytes_eq_byteDistance	false
Init.Data.String.Lemmas.Pattern.Basic	String.Slice.Pattern.Model.IsLongestMatchAtChain.sliceTo	true
Init.Data.String.TakeDrop	String.nextUntil	true
Init.Data.String.Lemmas.FindPos	String.Pos.prev.congr_simp	true
Init.Data.String.Lemmas.Pattern.Basic	String.Slice.Pattern.Model.IsValidSearchFrom.below.rec	true
Init.Data.String.Search	String.posOf	true
Init.Data.String.Decode	String.utf8EncodeChar_eq_cons_cons_cons	true
Init.Data.String.Lemmas.Pattern.Char	String.Slice.Pattern.Model.Char.isMatch_iff_isMatch_beq	true
Init.Data.String.Pattern.Basic	String.Slice.Pattern.ToForwardSearcher.noConfusion	false
Init.Data.String.Defs	ByteArray.isValidUTF8_empty	false
Init.Data.String.Slice	String.Slice.SplitInclusiveIterator.operating.injEq	false
Init.Data.String.Lemmas.IsEmpty	String.Slice.startPos_ne_endPos	false
Init.Data.String.Lemmas.Order	String.Slice.Pos.slice_le_iff	true
Init.Data.String.Lemmas.Pattern.String.ForwardSearcher	String.Slice.Pattern.Model.ForwardSliceSearcher.toList_emptyAt_eq	true
Init.Data.String.Lemmas.Pattern.Pred	String.Slice.startsWith_prop_eq_startsWith_decide	true
Init.Data.String.Defs	String.Pos.IsAtEnd	true
Init.Data.String.Lemmas.Pattern.TakeDrop.String	String.Slice.dropPrefix?_slice_of_isEmpty	true
Init.Data.String.Lemmas.Slice	String.Slice.Pos.get?.eq_1	true
Init.Data.String.Basic	String.Slice.pos!	true
Init.Data.String.Lemmas.Pattern.Basic	String.Slice.Pattern.Model.IsLongestMatch.not_isMatch	true
Init.Data.String.Subslice	String.Slice.Subslice.extendLeft.congr_simp	false
Init.Data.String.Lemmas.Order	String.Pos.sliceFrom_le_iff	true
Init.Data.String.Pattern.String	String.Slice.Pattern.ForwardSliceSearcher.proper.injEq	false
Init.Data.String.TakeDrop	String.dropEnd	true
Init.Data.Char.Lemmas	Char.lt_irrefl	false
Init.Data.Repr	String.quote	false
Init.Data.String.Lemmas.IsEmpty	String.isEmpty_slice	true
Init.Data.ByteArray.Lemmas	ByteArray.append_toByteArray_singleton	false
Init.Data.String.Basic	String.Pos.ofReplaceEnd	true
Init.Data.String.Basic	String.Slice.slice	false
Init.Data.String.Slice	String.Slice.instDecidableLt	true
Init.Data.String.Search	String.Internal.containsImpl	true
Init.Data.String.Basic	String.Pos.get.congr_simp	true
Init.Data.String.Lemmas.Pattern.Char	String.Slice.Pattern.Model.Char.isRevMatch_iff	true
Init.Data.String.Subslice	String.Slice.Subslice.ext_iff	false
Init.Data.String.Basic	String.Internal.offsetOfPosImpl	true
Init.Data.String.Lemmas.Pattern.Basic	String.Slice.Pattern.Model.IsRevMatch.rec	true
Init.Data.String.Lemmas.Order	String.Pos.ne_startPos_of_sliceFrom_ne_startPos	true
Init.Data.String.Lemmas.Pattern.Basic	String.Slice.Pattern.Model.IsLongestRevMatchAt.recOn	true
Init.Data.String.Basic	String.bytes_ofList	false
Init.Data.String.Defs	String.Slice.Pos.ctorIdx	false
Init.Data.String.Lemmas.Pattern.Find.Pred	String.Slice.Pos.find?_bool_eq_some_iff	true
Init.Data.String.Basic	String.replaceEnd	true
Init.Data.String.Lemmas.Pattern.Find.Pred	String.Slice.Pos.find?_bool_eq_some_iff_splits	true
Init.Data.String.TakeDrop	String.stripPrefix	true
Init.Data.String.Lemmas.Splits	String.splits_slice	true
Init.Data.String.Lemmas.IsEmpty	String.Slice.startPos_ne_endPos_iff	false
Init.Data.String.Iterator	String.Legacy.Iterator.i	false
Init.Data.String.Lemmas.FindPos	String.lt_posGE_iff	true
Init.Data.ByteArray.Lemmas	ByteArray.getElem_append_right	false
Init.Data.String.Lemmas.Pattern.Find.String	String.Slice.contains_slice_eq_false_iff	true
Init.Data.String.Lemmas.Pattern.TakeDrop.Basic	String.Slice.dropEndWhile_append_takeEndWhile	true
Init.Data.String.Lemmas.StringOrder	String.le_trans	true
Init.Data.String.TakeDrop	String.take	true
Init.Data.ByteArray.Basic	ByteArray.Iterator.noConfusion	false
Init.Data.String.Lemmas.Slice	String.Slice.front?_eq	true
Init.Data.String.Slice	String.Slice.toInt!	true
Init.Data.String.Pattern.String	String.Slice.Pattern.ForwardSliceSearcher.emptyBefore.noConfusion	false
Init.Data.String.Decode	ByteArray.utf8DecodeChar?.parseFirstByte.fun_cases_unfolding	false
Init.Data.String.Lemmas.Order	String.Pos.ne_endPos_of_lt	true
Init.Data.String.Lemmas.IsEmpty	String.copy_sliceFrom_startPos	true
Init.Data.String.Decode	ByteArray.utf8DecodeChar?.verify₄.eq_1	false
Init.Data.String.Basic	String.endPos_push	true
Init.Data.String.Lemmas.FindPos	String.Pos.toSlice_prev	true
Init.Data.String.Basic	String.Pos.cast.congr_simp	false
Init.Data.String.Lemmas.Pattern.TakeDrop.Basic	String.Slice.skipSuffixWhile_eq_endPos	true
Init.Data.String.Slice	String.Slice.SplitIterator.atEnd	false
Init.Data.String.Iterator	String.Legacy.Iterator.curr'	true
Init.Data.String.Basic	String.Pos.ofToSlice_lt_iff	true
Init.Data.ByteArray.Basic	ByteArray.extract	false
Init.Data.ByteArray.Lemmas	ByteArray.size_eq_zero_iff	false
Init.Data.ByteArray.Basic	ByteArray.append_eq_fastAppend	true
Init.Data.String.Iterator	String.Legacy.Iterator.nextn	true
Init.Data.String.Lemmas.Order	String.Slice.Pos.ofSliceFrom_next	true
Init.Data.String.PosRaw	String.Pos.Raw.byteIdx_zero_add_char	false
Init.Data.String.Decode	ByteArray.utf8DecodeChar?.FirstByte.done	false
Init.Data.String.Lemmas.Basic	String.Slice.sliceTo.eq_1	false
Init.Data.String.Slice	String.Slice.back?	true
Init.Data.String.Basic	String.Slice.Pos.le_ofSliceFrom	false
Init.Data.String.Lemmas.Order	String.Pos.ne_endPos_of_sliceTo_ne_endPos	true
Init.Data.String.Lemmas.Pattern.Find.Basic	String.Slice.isSome_find?	true
Init.Data.String.Lemmas.Pattern.TakeDrop.Basic	String.Slice.Pos.skipWhile_copy	true
Init.Data.String.OrderInstances	String.Slice.Pos.toInt_eq	false
Init.Data.String.Pattern.String	String.Slice.Pattern.ForwardSliceSearcher.instInhabited.default	false
Init.Data.String.Basic	String.singleton_eq	false
Init.Data.String.Subslice	String.Slice.Subslice.noConfusion	false
Init.Data.String.TakeDrop	String.skipSuffixWhile	true
Init.Data.String.Basic	String.Pos.Raw.get!	true
Init.Data.Char.Lemmas	Char.ne_of_lt	false
Init.Prelude	ByteArray.noConfusionType	false
Init.Data.String.Lemmas.Splits	String.Pos.Splits.of_prev	true
Init.Data.String.Basic	String.sliceTo.eq_1	true
Init.Data.String.Defs	String.Slice.offset_startInclusive_add_self	false
Init.Data.String.Basic	String.Slice.Pos.ofSlice_lt_ofSlice_iff	false
Init.Data.String.Lemmas.Pattern.Basic	String.Slice.Pattern.Model.LawfulToForwardSearcherModel.rec	true
Init.Data.String.Defs	String.Slice.Pos.recOn	false
Init.Data.String.Basic	String.Pos.Raw.isValidForSlice_iff_isSome_utf8DecodeChar?_copy	true
Init.Data.String.Lemmas.Splits	String.Pos.Splits.exists_eq_append_singleton	true
Init.Data.String.Basic	String.fromUTF8!	true
Init.Data.String.Termination	String.Slice.Pos.remainingBytes_eq	false
Init.Data.String.Pattern.Pred	String.Slice.Pattern.CharPred.Decidable.instStrictBackwardPatternForallCharProp	true
Init.Data.String.Slice	String.Slice.find	false
Init.Data.String.Search	String.Pos.find?	true
Init.Data.ByteArray.Lemmas	ByteArray.append_eq_append_iff_of_size_eq_right	true
Init.Data.String.Basic	String.asString_data	true
Init.Data.String.Defs	String.join	false
Init.Data.String.Lemmas.FindPos	String.Slice.Pos.prev_ofSliceTo	true
Init.Data.String.Search	String.revFind	true
Init.Data.String.Lemmas.Splits	String.Slice.Pos.Splits.exists_eq_singleton_append	true
Init.Data.String.Lemmas.Pattern.TakeDrop.Char	String.eq_append_of_dropSuffix?_char_eq_some	true
Init.Data.String.Basic	String.Pos.Raw.get'	true
Init.Data.String.Iterate	String.Slice.foldl	true
Init.Data.String.Basic	String.Slice.Pos.cast_inj	true
Init.Data.String.Basic	String.Slice.replaceEnd	false
Init.Data.String.Defs	String.Slice.utf8ByteSize	false
Init.Data.String.Iterate	String.Slice.RevByteIterator.mk	false
Init.Data.String.Lemmas.Pattern.Basic	String.Slice.Pattern.Model.IsLongestMatchAtChain.brecOn	true
Init.Data.String.Basic	String.Slice.utf8ByteSize_copy_eq_sub	true
Init.Data.Char.Basic	Char.ofUInt8	false
Init.Data.String.Decode	ByteArray.utf8DecodeChar?.FirstByte.recOn	false
Init.Data.String.Lemmas.FindPos	String.Slice.Pos.next_eq_posGT	true
Init.Data.String.Pattern.Basic	String.Slice.Pattern.BackwardPattern	false
Init.Data.String.Basic	String.Pos.toSlice_inj	true
Init.Data.String.Lemmas.Pattern.String.Basic	String.Slice.Pattern.Model.ForwardStringSearcher.isLongestRevMatchAt_iff_isLongestRevMatchAt_toSlice	true
Init.Data.String.Defs	String.lengthAssumingAscii_eq	false
Init.Data.String.Lemmas.Splits	String.Slice.Pos.splits_cast_iff	true
Init.Data.String.Lemmas.Pattern.Find.Basic	String.Slice.Pattern.Model.contains_eq_true_iff	true
Init.Data.String.Basic	String.Pos.cast_le_cast_iff	false
Init.Data.String.Basic	String.Pos.Raw.isValidForSlice_iff_isUTF8FirstByte	true
Init.Data.String.Lemmas.Intercalate	String.intercalate_cons_of_ne_nil	false
Init.Data.String.Lemmas.FindPos	String.posGT_toSlice	true
Init.Data.String.Lemmas.Iterate	String.mem_toList_iff_exists_get	true
Init.Data.String.Lemmas.Pattern.Pred	String.Slice.Pattern.Model.CharPred.Decidable.instLawfulForwardPatternModelForallCharProp	true
Init.Data.String.Lemmas.Pattern.TakeDrop.Basic	String.Slice.takeEndWhile_copy	true
Init.Data.String.Lemmas.Pattern.String.ForwardSearcher	String.Slice.Pattern.Model.ForwardStringSearcher.lawfulToForwardSearcherModel	true
Init.Data.String.Decode	Char.utf8Size_eq	false
Init.Data.String.Basic	String.Pos.offset_slice	true
Init.Data.String.Lemmas.Pattern.TakeDrop.Basic	String.Slice.all_congr	true
Init.Data.String.Lemmas.Pattern.TakeDrop.Basic	String.takeEndWhile_eq_toSlice_iff	true
Init.Data.String.Basic	String.Pos.byteIdx_lt_utf8ByteSize	true
Init.Data.String.Defs	String.Slice.Pos.IsAtEnd	false
Init.Data.String.Defs	String.pushn_eq_repeat_push	false
Init.Data.String.Lemmas.Pattern.TakeDrop.Pred	String.skipPrefix?_prop_eq_some_iff	true
Init.Data.String.Search	String.front	true
Init.Data.String.Lemmas.Pattern.Char	String.Slice.Pattern.Model.Char.instLawfulToBackwardSearcherModelCharDefaultBackwardSearcherForallBoolBeq	true
Init.Data.String.Basic	String.Slice.utf8ByteSize_sliceTo	false
Init.Data.String.TakeDrop	String.trimAsciiEnd	true
Init.Data.String.Subslice	String.Slice.subslice.congr_simp	false
Init.Data.Char.Ordinal	Char.map_ordinal_succ?	true
Init.Data.String.Lemmas.Pattern.TakeDrop.Basic	String.dropEndWhile_append_takeEndWhile	true
Init.Data.String.Decode	ByteArray.utf8DecodeChar.congr_simp	true
Init.Data.String.Lemmas.Pattern.Char	String.Slice.Pattern.Model.Char.isLongestMatchAtChain_iff	true
Init.Data.ByteArray.Basic	ByteArray.get!	false
Init.Data.String.Lemmas.Pattern.TakeDrop.Basic	String.Slice.Pattern.Model.skipSuffix?_eq_some_iff	true
Init.Data.String.Defs	ByteArray.isValidUTF8_utf8Encode	false
Init.Data.String.Lemmas.Pattern.TakeDrop.Basic	String.Slice.Pattern.Model.all_eq_true_iff	true
Init.Data.String.Lemmas.Pattern.Basic	String.Slice.Pattern.Model.IsValidSearchFrom.rec	true
Init.Data.String.Lemmas.Splits	String.Slice.copy_sliceFrom_eq_iff_exists_splits	true
Init.Data.String.Termination	String.Slice.Pos.inner_down	false
Init.Data.String.Basic	String.Slice.Pos.ofSliceTo_endPos	false
Init.Data.String.Lemmas.Iterate	String.Slice.revChars.eq_1	true
Init.Data.String.Lemmas.Pattern.Basic	String.Slice.Pattern.Model.MatchesAt	true
Init.Data.Char.Ordinal	Char.ordinal_le_of_le	true
Init.Data.String.Basic	String.Slice.Pos.get	true
Init.Data.String.Slice	String.Slice.instInhabitedSplitIterator.default	false
Init.Data.String.Decode	ByteArray.eq_of_utf8DecodeChar?_eq_some	true
Init.Data.String.Lemmas.Pattern.Basic	String.Slice.Pattern.Model.IsValidRevSearchFrom.matched	true
Init.Data.String.Lemmas.Pattern.TakeDrop.Basic	String.isEmpty_takeWhile	true
Init.Data.String.Lemmas.Pattern.Pred	String.Slice.dropSuffix?_prop_eq_dropSuffix?_decide	true
Init.Data.String.Lemmas.Pattern.Basic	String.Slice.Pattern.Model.isLongestMatch_cast_iff	true
Init.Data.String.Lemmas.Basic	String.Slice.sliceTo_endPos	true
Init.Data.String.Lemmas.Pattern.String.Basic	String.Slice.Pattern.Model.ForwardStringSearcher.isLongestMatch_iff_isLongestMatch_toSlice	true
Init.Data.String.Defs	String.default_eq	false
Init.Data.String.Lemmas.Pattern.Basic	String.Slice.Pattern.Model.not_matches_empty	false
Init.Data.String.Lemmas.Basic	String.append_eq_empty_iff	true
Init.Data.String.Basic	String.Slice.startPos_copy	true
Init.Data.String.Lemmas.Pattern.String.Basic	String.Slice.Pattern.Model.ForwardStringSearcher.isMatch_iff_slice	true
Init.Data.String.Lemmas.Pattern.Char	String.Slice.Pattern.Model.Char.isLongestRevMatchAt_iff_isLongestRevMatchAt_beq	true
Init.Data.String.Pattern.Pred	String.Slice.Pattern.CharPred.Decidable.instBackwardPatternForallCharPropOfDecidablePred	true
Init.Data.String.Pattern.Basic	String.Slice.Pattern.SearchStep.startPos	false
Init.Data.String.Lemmas.Pattern.Pred	String.Slice.Pattern.Model.CharPred.not_revMatchesAt_of_get	true
Init.Data.String.Lemmas.Pattern.Basic	String.Slice.Pattern.Model.IsValidSearchFrom.matched	true
Init.Data.String.Pattern.Basic	String.Slice.Pattern.ForwardPattern.mk.noConfusion	false
Init.Data.String.Slice	String.Slice.SplitIterator.operating.elim	false
Init.Data.String.Lemmas.Pattern.Basic	String.Slice.Pattern.Model.IsLongestMatchAt.sliceTo	true
Init.Data.String.Lemmas.Order	String.Slice.Pos.le_ofSliceTo_iff	false
Init.Data.String.Lemmas.Order	String.Slice.Pos.ofSliceTo_le_ofSliceTo_iff	false
Init.Data.String.Bootstrap	String.Internal.trim	false
Init.Data.String.Lemmas.Pattern.TakeDrop.Basic	String.Slice.takeEndWhile_eq_sliceFrom_skipSuffixWhile	false
Init.Data.String.Lemmas.Pattern.Basic	String.Slice.Pattern.Model.IsValidRevSearchFrom.matched_of_eq	true
Init.Data.String.Lemmas.Pattern.TakeDrop.Basic	String.revSkip?_eq_revSkip?_toSlice	true
Init.Data.String.Lemmas.Iterate	String.Model.positionsFrom	true
Init.Data.String.Lemmas.Pattern.Find.Pred	String.Slice.Pos.find?_prop_eq_some_iff	true
Init.Data.String.Lemmas.Intercalate	String.intercalate_nil	false
Init.Data.Char.Basic	Char.instLE	false
Init.Data.String.Lemmas.Pattern.String.ForwardPattern	String.Slice.Pattern.Model.ForwardSliceSearcher.instLawfulForwardPatternModel	true
Init.Data.String.Lemmas.Splits	String.splits_endPos_iff	true
Init.Data.String.Lemmas.Pattern.Find.Basic	String.find?_eq_find?_toSlice	true
Init.Data.String.Lemmas.Pattern.Find.Char	String.Pos.find?_char_eq_none_iff_not_mem_of_splits	true
Init.Data.String.Iterate	String.Slice.chars	true
Init.Data.String.Lemmas.FindPos	String.le_offset_posGE	true
Init.Data.String.Slice	String.Slice.SplitIterator.instIteratorIdSubslice	false
Init.Data.String.Decode	Char.utf8Size.fun_cases_unfolding	false
Init.Data.String.Lemmas.Pattern.Basic	String.Slice.Pattern.Model.IsLongestRevMatchAt.eq	true
Init.Data.String.Hashable	String.instHashablePos_1.hash	false
Init.Data.String.Subslice	String.Slice.instInhabitedSubslice	false
Init.Data.String.Lemmas.Pattern.TakeDrop.String	String.startsWith_string_empty	true
Init.Data.String.Pattern.Basic	String.Slice.Pattern.ToBackwardSearcher.DefaultBackwardSearcher.mk.inj	false
Init.Data.String.Lemmas.Pattern.TakeDrop.Basic	String.Slice.skipPrefixWhile_eq_startPos	true
Init.Data.String.Basic	String.Pos.Raw.isValidForSlice_sliceFrom	false
Init.Data.String.Lemmas.Splits	String.Slice.Pos.Splits.eq_right	true
Init.Data.String.Lemmas.Pattern.Basic	String.Slice.Pattern.Model.IsLongestRevMatch.mk	true
Init.Data.String.Lemmas.Pattern.Basic	String.Slice.Pattern.Model.MatchesAt.exists_isLongestMatchAt	true
Init.Data.String.Defs	String.endExclusive_toSlice	true
Init.Data.String.Basic	String.Pos.Raw.isValid_push	true
Init.Data.String.Slice	String.Slice.RevSplitIterator.instIteratorLoopOfMonad	true
Init.Data.String.Lemmas.Pattern.Split.Char	String.toList_split_intercalate_beq	true
Init.Data.String.Basic	String.Pos.offset_cast	false
Init.Data.String.Lemmas.Pattern.Basic	String.Slice.Pattern.Model.IsLongestRevMatch.isRevMatch	true
Init.Data.String.Basic	String.Pos.Raw.get'_eq	true
Init.Data.String.Pattern.Basic	String.Slice.Pattern.BackwardPattern.noConfusionType	false
Init.Data.String.Lemmas.Pattern.String.Basic	String.Slice.Pattern.Model.ForwardSliceSearcher.le_of_matchesAt	true
Init.Data.String.Lemmas.Iterate	String.Slice.toList_positionsFrom	true
Init.Data.String.Lemmas.Pattern.Pred	String.Slice.all_prop_eq_all_decide	true
Init.Data.String.Lemmas.Basic	String.Slice.Pos.sliceTo_startPos	false
Init.Data.String.Termination	String.Pos.remainingBytes_toSlice	true
Init.Data.String.Defs	String.Pos.Raw.IsValid.rec	false
Init.Data.String.Lemmas.Splits	String.Pos.sliceTo_cast	true
Init.Data.String.Basic	String.Slice.getUTF8Byte_copy	true
Init.Data.String.Lemmas.Pattern.String.Basic	String.Slice.Pattern.Model.ForwardStringSearcher.isLongestMatchAtChain_startPos_endPos_iff	true
Init.Data.String.Basic	String.Pos.ofSlice	true
Init.Data.String.Lemmas.Pattern.Basic	String.Slice.Pattern.Model.IsRevMatch.casesOn	true
Init.Data.String.Slice	String.Slice.dropPrefix?	false
Init.Data.Range.Polymorphic.Char	Char.instIsAlwaysFinite_1	true
Init.Data.String.Lemmas.Pattern.Basic	String.Slice.Pattern.Model.IsLongestRevMatch.eq	true
Init.Data.String.Lemmas.Pattern.TakeDrop.Basic	String.skipPrefixWhile_toSlice	true
Init.Data.ByteArray.Basic	ByteArray.Iterator.next	false
Init.Data.String.Lemmas.Pattern.String.Basic	String.Slice.Pattern.Model.ForwardStringSearcher.offset_of_isLongestMatchAt	true
Init.Data.ByteArray.Lemmas	ByteArray.getElem_append_left	false
Init.Data.String.Lemmas.FindPos	String.Pos.prev?_eq_dif	true
Init.Data.String.Pattern.Basic	String.Slice.Pattern.BackwardPattern.mk	false
Init.Data.ByteArray.Lemmas	ByteArray.extract_append	true
Init.Data.String.Lemmas.Iterate	String.toList_revPositionsFrom	true
Init.Data.String.Basic	String.Pos.cast_lt_cast_iff	false
Init.Data.String.Lemmas.Splits	String.Slice.Pos.splits_prev_right	true
Init.Data.String.Lemmas.StringOrder	String.lt_trans	true
Init.Data.String.Lemmas.Iterate	String.Slice.Model.map_get_positionsFrom_startPos	true
Init.Data.Char.Ordinal	Char.ordinal_ofOrdinal	true
Init.Data.String.Lemmas.Pattern.Pred	String.Slice.Pattern.Model.CharPred.Decidable.isLongestRevMatchAt_of_get	true
Init.Data.String.Lemmas.FindPos	String.Pos.prevn_eq_prevn_toSlice	true
Init.Data.String.Lemmas.Order	String.Slice.Pos.le_ofSliceFrom_iff	true
Init.Data.String.Decode	ByteArray.utf8DecodeChar?.assemble₃.fun_cases_unfolding	false
Init.Data.String.Lemmas.Pattern.Basic	String.Slice.Pattern.Model.not_isLongestRevMatchAt_self	true
Init.Data.Char.Lemmas	Char.toNat_val	false
Init.Data.String.Basic	String.Slice.Pos.startInclusive_le_str	false
Init.Data.String.Lemmas.Pattern.TakeDrop.Basic	String.skipSuffixWhile_toSlice	true
Init.Data.String.Slice	String.Slice.RevSplitIterator.instIteratorOfPure.match_3	false
Init.Data.String.TakeDrop	String.Slice.stripPrefix	true
Init.Data.String.Lemmas.Pattern.Pred	String.Slice.Pattern.Model.CharPred.Decidable.isLongestMatch_iff_isLongestMatch_decide	true
Init.Data.String.Lemmas.Pattern.Basic	String.Slice.Pattern.Model.IsLongestRevMatchAt.lt	true
Init.Data.String.Lemmas.Pattern.Pred	String.Slice.skipPrefixWhile_prop_eq_skipPrefixWhile_decide	true
Init.Data.String.Defs	String.Pos.ext_iff	false
Init.Data.ByteArray.Lemmas	ByteArray.append_left_inj	false
Init.Prelude	ByteArray.empty	false
Init.Data.String.Defs	String.Pos.offset	false
Init.Data.String.Lemmas.Pattern.Basic	String.Slice.Pattern.Model.LawfulToBackwardSearcherModel.casesOn	true
Init.Data.String.Bootstrap	String.Internal.front	false
Init.Data.String.Defs	String.fromUTF8	false
Init.Data.String.Basic	String.toList_comp_ofList	true
Init.Data.ByteArray.Basic	ByteArray.Iterator.ctorIdx	false
Init.Data.String.Pattern.Basic	String.Slice.Pattern.ToForwardSearcher.DefaultForwardSearcher.iter	false
Init.Data.ByteArray.Basic	ByteArray.Iterator.pos	false
Init.Data.String.Lemmas.Pattern.String.Basic	String.Slice.Pattern.Model.ForwardStringSearcher.instNoPrefixPatternModel	true
Init.Data.String.Lemmas.Intercalate	String.intercalate_append_of_ne_nil	false
Init.Data.String.Lemmas.Pattern.Find.Basic	String.Slice.Pattern.Model.contains_eq_false_iff	true
Init.Data.String.Length	String.length_pushn	true
Init.Data.String.Termination	String.Slice.Pos.wellFounded_gt	true
Init.Data.String.Basic	String.Slice.Pos.str_inj	false
Init.Data.String.Lemmas.Pattern.String.Basic	String.Slice.Pattern.Model.ForwardStringSearcher.isLongestMatchAtChain_iff_isLongestMatchAtChain_toSlice	true
Init.Prelude	String.utf8EncodeChar	false
Init.Data.String.FindPos	String.Pos.prevn	true
Init.Data.String.PosRaw	String.Pos.Raw.addString_eq	false
Init.Data.String.Lemmas.Splits	String.Slice.Pos.Splits.pos_eq	true
Init.Data.String.Lemmas.Pattern.Basic	String.Slice.Pattern.Model.isLongestMatchAt_iff	true
Init.Data.String.Pattern.String	String.Slice.Pattern.ForwardSliceSearcher.getElem_buildTable_le	false
Init.Data.String.Termination	String.Slice.Pos.Down.mk.inj	false
Init.Data.String.Lemmas.Search	String.back?_toSlice	true
Init.Data.String.Lemmas.Order	String.Slice.Pos.offset_lt_rawEndPos_iff	true
Init.Data.String.Decode	ByteArray.lt_size_of_validateUTF8At	true
Init.Data.String.Lemmas.Splits	String.Pos.splits_prev	true
Init.Data.String.Defs	String.utf8ByteSize_ofByteArray	false
Init.Data.String.Pattern.Char	String.Slice.Pattern.Char.instToForwardSearcherCharDefaultForwardSearcherForallBoolBeq	true
Init.Data.String.Lemmas.Pattern.TakeDrop.String	String.eq_append_of_dropPrefix?_string_eq_some	true
Init.Data.String.Subslice	String.Slice.Subslice.startInclusive_ofSliceFrom	false
Init.Data.Char.Lemmas	Char.leTotal	false
Init.Data.String.Basic	String.toByteArray_extract	true
Init.Data.String.Decode	String.utf8EncodeCharFast	false
Init.Data.String.Pattern.Char	String.Slice.Pattern.Char.instForwardPatternChar	true
Init.Data.String.Lemmas.Pattern.Basic	String.Slice.Pattern.Model.not_matchesAt_endPos	true
Init.Data.String.Basic	String.Slice.Pos.prevAux.eq_1	true
Init.Data.String.Slice	String.Slice.Pos.skip?	false
Init.Data.String.Lemmas.Pattern.Find.Basic	String.Slice.Pattern.Model.find?_eq_none_iff	true
Init.Data.String.Defs	String.Slice.Pos.lt_iff	false
Init.Data.String.OrderInstances	String.Pos.instTotalLe	false
Init.Data.String.Basic	String.Pos.Raw.IsValid.append_left	true
Init.Data.String.Bootstrap	String.Internal.atEnd	false
Init.Data.String.Iterate	String.foldl	true
Init.Data.ByteArray.Basic	ByteArray.instInhabitedIterator.default	false
Init.Data.String.Lemmas.Pattern.Find.Pred	String.Pos.find?_prop_eq_some_iff	true
Init.Data.String.Lemmas.FindPos	String.Slice.Pos.posLT_offset	true
Init.Data.String.Lemmas.Order	String.Slice.Pos.endPos_le	true
Init.Data.String.Lemmas.FindPos	String.Slice.lt_offset_posGT	true
Init.Data.String.PosRaw	String.Pos.Raw.byteIdx_char_add	false
Init.Data.String.Basic	String.Pos.toReplaceEnd	true
Init.Data.String.Basic	String.Pos.Raw.utf8PrevAux.eq_def	false
Init.Data.String.Lemmas.Pattern.Pred	String.Slice.dropSuffix_prop_eq_dropSuffix_decide	true
Init.Prelude	ByteArray.size.match_1	false
Init.Data.String.FindPos	String.posLT	true
Init.Data.String.Lemmas.Pattern.TakeDrop.Basic	String.Slice.Pos.revSkipWhile_cast	true
Init.Data.String.Defs	String.singleton_eq_ofList	false
Init.Data.String.Lemmas.IsEmpty	String.isEmpty_sliceFrom_eq_false_iff	true
Init.Data.String.Modify	String.Pos.offset_pastSet	true
Init.Data.String.Lemmas.Order	String.Pos.ne_startPos_of_slice_ne_startPos	true
Init.Data.String.Iterator	String.Legacy.mkIterator	false
Init.Data.String.Lemmas.Pattern.Basic	String.Slice.Pattern.Model.IsLongestMatchAt	true
Init.Data.String.Lemmas.Pattern.TakeDrop.Basic	String.Slice.startsWith_congr	true
Init.Data.String.Pattern.String	String.Slice.Pattern.ForwardSliceSearcher.emptyBefore.inj	false
Init.Data.String.Lemmas.Pattern.TakeDrop.Char	String.endsWith_char_iff_exists_append	true
Init.Data.String.PosRaw	String.Pos.Raw.byteIdx_sub_char	false
Init.Data.String.FindPos	String.Slice.posLE	true
Init.Data.String.Slice	String.Slice.instInhabitedSplitInclusiveIterator	false
Init.Data.ByteArray.Basic	ByteArray.Iterator.remainingBytes	false
Init.Data.String.Defs	String.Internal.isEmptyImpl	false
Init.Data.String.Basic	String.get!_eq_get	true
Init.Data.String.Basic	String.Slice.Pos.offset_ofSlice	false
Init.Data.String.Pattern.String	String.Slice.Pattern.ForwardSliceSearcher.proper.noConfusion	false
Init.Data.String.Lemmas.Pattern.TakeDrop.Basic	String.Pos.skipWhile_toSlice	true
Init.Data.String.Lemmas.Splits	String.Slice.splits_slice	true
Init.Data.String.Iterate	String.Slice.RevPosIterator.recOn	false
Init.Data.String.Lemmas.IsEmpty	String.Slice.copy_ne_empty_iff	true
Init.Data.String.Slice	String.Slice.instLT	true
Init.Data.String.Decode	Char.utf8Size_eq_two_iff	false
Init.Data.String.Slice	String.Slice.SplitInclusiveIterator.instFiniteIdOfSearchStep	false
Init.Data.String.Basic	String.Pos.utf8Encode_get_eq_extract	true
Init.Data.String.Lemmas.Splits	String.Pos.Splits.get_eq_of_singleton	true
Init.Data.String.Basic	String.bytes_inj	false
Init.Data.String.Termination	String.Pos.instWellFoundedRelation	true
Init.Data.Char.Ordinal	Char.le_iff_ordinal_le	true
Init.Data.String.Lemmas.Pattern.Split.Char	String.Slice.toList_splitToSubslice_char	true
Init.Data.String.Basic	String.prev	true
Init.Data.String.Basic	String.Slice.str_slice	false
Init.Data.String.Lemmas.Pattern.Basic	String.Slice.Pattern.Model.RevMatchesAt	true
Init.Data.String.TakeDrop	String.endsWith	true
Init.Data.String.Lemmas.Splits	String.splits_singleton_right_iff	true
Init.Data.Char.Lemmas	Char.le_trans	false
Init.Data.String.Hashable	String.instHashablePos_1	false
Init.Data.String.Lemmas.Order	String.Pos.lt_slice_iff	true
Init.Data.String.Basic	String.Slice.Pos.byteIdx_offset_next	true
Init.Data.String.Iterate	String.foldr	true
Init.Data.String.Slice	String.Slice.toString	true
Init.Data.String.Iterate	String.Slice.instInhabitedByteIterator.default	false
Init.Data.String.Iterate	String.Slice.ByteIterator.mk.noConfusion	false
Init.Data.String.Lemmas.Order	String.Slice.Pos.ofSlice_lt_iff	true
Init.Data.String.Lemmas.Pattern.Basic	String.Slice.Pattern.Model.IsLongestRevMatchAtChain.rec	true
Init.Data.String.Lemmas.Pattern.Basic	String.Slice.Pattern.Model.LawfulBackwardPatternModel.rec	true
Init.Data.String.Defs	String.Slice.offset_startPos	false
Init.Data.String.Lemmas.Pattern.TakeDrop.Basic	String.Slice.Pattern.Model.dropEndWhile_eq_self_iff_or	true
Init.Data.String.Lemmas.Pattern.Basic	String.Slice.Pattern.Model.IsMatch.matches_copy	true
Init.Data.String.Defs	String.instLEPos	false
Init.Data.Char.Ordinal	Char.succMany?	true
Init.Data.String.Lemmas.Pattern.Basic	String.Slice.Pattern.Model.isMatch_ofSliceTo_iff	true
Init.Prelude	Char.ext	false
Init.Data.String.Basic	String.Pos.lt_next	true
Init.Data.String.Termination	String.Slice.Pos.Down.mk.sizeOf_spec	false
Init.Data.String.Lemmas.Pattern.Basic	String.Slice.Pattern.Model.isLongestMatch_iff_isMatch	true
Init.Data.String.Iterator	String.Legacy.Iterator.extract	true
Init.Data.String.Lemmas.Pattern.TakeDrop.String	String.Slice.skipPrefix?_slice_of_isEmpty	true
Init.Data.ByteArray.Lemmas	ByteArray.extract_add_left	true
Init.Core	ByteArray.mk.inj	false
Init.Data.String.Lemmas.Pattern.Pred	String.Slice.Pattern.Model.CharPred.Decidable.isMatch_iff	true
Init.Data.String.Defs	String.Slice.Pos.isAtEnd_iff	false
Init.Data.String.Basic	ByteArray.validateUTF8_eq_true_iff	true
Init.Data.String.PosRaw	String.Pos.Raw.ne_zero_of_lt	false
Init.Data.String.Slice	String.Slice.skipSuffixWhile	false
Init.Data.String.Lemmas.IsEmpty	String.Slice.copy_sliceTo_startPos	true
Init.Data.String.Basic	String.Slice.Pos.ofSlice	false
Init.Data.String.Lemmas.Pattern.String.Basic	String.Slice.Pattern.Model.ForwardStringSearcher.isLongestRevMatchAtChain_startPos_endPos_iff	true
Init.Data.String.Lemmas.Pattern.TakeDrop.Basic	String.Slice.skipSuffixWhile_copy	true
Init.Data.Char.Lemmas	Char.ltTrichotomous	false
Init.Data.String.Basic	String.Pos.Raw.isValid_ofList	true
Init.Data.String.Lemmas.Pattern.TakeDrop.Pred	String.Pos.skip?_bool_eq_none_iff	true
Init.Data.String.Slice	String.Slice.RevSplitIterator.operating.inj	false
Init.Data.String.Basic	String.Slice.Pos.copy	true
Init.Data.String.PosRaw	String.Pos.Raw.ext_iff	false
Init.Data.String.Lemmas.Pattern.Basic	String.Slice.Pattern.Model.LawfulToForwardSearcherModel	true
Init.Data.String.Lemmas.Iterate	String.Model.revPositionsFrom	true
Init.Data.String.Lemmas.Pattern.Split.Pred	String.toList_split_prop	true
Init.Data.String.Iterate	String.Slice.RevByteIterator.instIteratorUInt8OfPure.match_1	false
Init.Data.String.Lemmas.Pattern.Basic	String.Slice.Pattern.Model.isLongestMatch_of_ofSliceTo	true
Init.Data.String.Lemmas.Pattern.Split.Basic	String.Slice.toList_splitToSubslice_of_isEmpty	true
Init.Data.String.Lemmas.Order	String.Slice.Pos.not_lt_startPos	false
Init.Data.String.Lemmas.Pattern.TakeDrop.Basic	String.endsWith_eq_endsWith_toSlice	true
Init.Data.String.Lemmas.Pattern.Basic	String.Slice.Pattern.Model.isLongestRevMatch_cast_iff	true
Init.Data.String.Lemmas.Splits	String.Pos.Splits.exists_eq_append_singleton_of_ne_startPos	true
Init.Data.String.Lemmas.Order	String.Pos.get_sliceTo	true
Init.Data.Char.Ordinal	Char.ofOrdinal_ordinal	true
Init.Data.String.Lemmas.FindPos	String.posGT_eq_iff	true
Init.Data.String.Iterate	String.Slice.revPositions	false
Init.Data.String.Lemmas.Pattern.String.Basic	String.Slice.Pattern.Model.ForwardSliceSearcher.strictPatternModel	true
Init.Data.String.Basic	String.Pos.Raw.isValid_eq_true_iff	true
Init.Data.String.Subslice	String.Slice.toSubslice	false
Init.Data.String.Lemmas.Pattern.Pred	String.Slice.Pattern.Model.CharPred.isRevMatch_iff	true
Init.Data.String.Lemmas.Iterate	String.Slice.toList_positions	true
Init.Data.String.Lemmas.Pattern.Basic	String.Slice.Pattern.Model.RevMatchesAt.rec	true
Init.Data.String.Lemmas.Order	String.Slice.Pos.next_ne	true
Init.Data.ByteArray.Basic	ByteArray.instInhabitedIterator	false
Init.Data.String.Pattern.String	String.Slice.Pattern.ForwardSliceSearcher.rec	false
Init.Prelude	String.decEq.match_1	false
Init.Data.String.Basic	String.Slice.Pos.str_le_str_iff	false
Init.Data.String.Defs	List.utf8Encode_cons	false
Init.Data.String.OrderInstances	String.Pos.instLinearOrderPackage	true
Init.Data.String.Lemmas.FindPos	String.Slice.Pos.prev?_eq_dif	true
Init.Data.String.Lemmas.Pattern.Pred	String.Slice.dropEndWhile_prop_eq_dropEndWhile_decide	true
Init.Data.String.Length	String.length_append	true
Init.Data.String.Lemmas.Pattern.Find.Pred	String.contains_prop_eq_contains_decide	true
Init.Data.String.Lemmas.Pattern.TakeDrop.Char	String.Slice.startsWith_char_eq_head?	true
Init.Data.String.Iterator	String.Legacy.Iterator.toEnd	false
Init.Data.String.Lemmas.FindPos	String.Slice.Pos.prev_eq_iff	true
Init.Data.String.Lemmas.Pattern.TakeDrop.Pred	String.Slice.skipPrefix?_prop_eq_some_iff	true
Init.Data.String.Iterate	String.Slice.ByteIterator.casesOn	false
Init.Data.String.Lemmas.Splits	String.splits_startPos_iff	true
Init.Data.String.Basic	String.Pos.Raw.isValid_iff_exists_take_data	true
Init.Data.String.Lemmas.Pattern.TakeDrop.Pred	String.eq_append_of_dropPrefix?_prop_eq_some	true
Init.Data.String.Lemmas.Splits	String.Pos.Splits.exists_eq_singleton_append	true
Init.Data.String.Lemmas.Splits	String.Pos.Splits	false
Init.Data.String.Lemmas.Pattern.Char	String.Slice.find?_char_eq_find?_beq	true
Init.Data.String.Lemmas.FindPos	String.Pos.prevn_toSlice	true
Init.Data.String.Lemmas.FindPos	String.Pos.ofToSlice_prev	true
Init.Data.String.Termination	String.Slice.Pos.next_induction	true
Init.Data.String.Pattern.Basic	String.Slice.Pattern.StrictForwardPattern.ne_startPos	false
Init.Data.String.Subslice	String.Slice.startInclusive_toSubslice	false
Init.Data.String.Lemmas.Pattern.TakeDrop.Pred	String.endsWith_prop_eq_getLast?	true
Init.Data.String.Basic	String.isSome_utf8DecodeChar?_zero	true
Init.Data.String.Defs	List.utf8Encode_singleton	false
Init.Data.String.Lemmas.Pattern.Basic	String.Slice.Pattern.Model.isLongestMatchAt_startPos_iff	true
Init.Data.ByteArray.Basic	ByteArray.fastAppend_eq	true
Init.Data.String.Lemmas.Pattern.Find.Basic	String.Pos.find?_eq_find?_toSlice	true
Init.Data.String.Lemmas.Pattern.TakeDrop.Basic	String.isEmpty_takeWhile_eq_true	true
Init.Data.String.Lemmas.Slice	String.Slice.Pos.get?_eq_none	true
Init.Data.String.Lemmas.Pattern.Basic	String.Slice.Pattern.Model.NoPrefixPatternModel.recOn	false
Init.Data.String.Basic	String.Slice.endExclusive_sliceFrom	false
Init.Data.String.Lemmas.Splits	String.Pos.Splits.pos_eq	false
Init.Data.String.Lemmas.Order	String.Pos.ofSlice_next	true
Init.Data.String.Iterate	String.Slice.ByteIterator.noConfusion	false
Init.Data.String.Pattern.Basic	String.Slice.Pattern.SearchStep.startPos_rejected	false
Init.Data.String.Lemmas.Pattern.TakeDrop.Pred	String.Pos.apply_skipWhile_bool_eq_false	true
Init.Data.String.Decode	ByteArray.utf8DecodeChar?.FirstByte.casesOn	false
Init.Data.String.TakeDrop	String.Pos.Raw.nextUntil	true
Init.Data.String.Pattern.String	String.Slice.Pattern.ForwardSliceSearcher.instIteratorLoopIdSearchStep	true
Init.Data.String.Lemmas.Pattern.String.Basic	String.Slice.Pattern.Model.ForwardStringSearcher.isLongestRevMatchAtChain_iff_isLongestRevMatchAtChain_toSlice	true
Init.Data.String.Slice	String.Slice.SplitIterator.operating	false
Init.Data.String.Lemmas.Pattern.TakeDrop.Basic	String.Slice.Pos.skip?_eq_map_skipPrefix?	false
Init.Data.String.Pattern.String	String.Slice.Pattern.ForwardSliceSearcher.proper.inj	false
Init.Data.String.Lemmas.Pattern.TakeDrop.Char	String.Slice.endsWith_char_iff_get	true
Init.Data.String.Lemmas.Order	String.Slice.Pos.le_sliceTo_iff	true
Init.Data.String.Lemmas.Order	String.Pos.lt_sliceFrom_iff	true
Init.Data.String.Defs	String.Pos.Raw.offsetBy_rawEndPos_left	false
Init.Data.String.Defs	String.Slice.mk.noConfusion	false
Init.Data.String.Basic	ByteArray.validateUTF8_eq_false_iff	true
Init.Data.String.Basic	ByteArray.IsValidUTF8.isUTF8FirstByte_getElem_zero	true
Init.Data.String.Lemmas.Pattern.Basic	String.Slice.Pattern.Model.not_revMatchesAt_startPos	true
Init.Data.String.Iterate	String.Slice.revChars	true
Init.Data.String.Lemmas.Pattern.String.Basic	String.Slice.Pattern.Model.ForwardStringSearcher.revMatchesAt_iff_isLongestRevMatchAt	true
Init.Data.String.Search	String.lines	true
Init.Data.String.Decode	ByteArray.utf8DecodeChar?.assemble₄	false
Init.Data.String.Search	String.findLineStart	true
Init.Data.String.Lemmas.Pattern.TakeDrop.String	String.Slice.startsWith_string_empty	true
Init.Data.ByteArray.Basic	ByteArray.append_eq	false
Init.Data.String.Lemmas.TakeDrop	String.toList_copy_takeEnd	true
Init.Data.String.Slice	String.Slice.SplitInclusiveIterator.instIteratorId.match_1	false
Init.Data.String.Lemmas.Pattern.Pred	String.Slice.Pattern.Model.CharPred.instPatternModelForallCharBool	false
Init.Data.String.Lemmas.Pattern.TakeDrop.Basic	String.Slice.isEmpty_dropWhile_takeWhile	true
Init.Data.String.Lemmas.Splits	String.Slice.Pos.Splits.of_eq	true
Init.Data.String.Basic	String.Slice.Pos.next.congr_simp	true
Init.Data.Range.Polymorphic.Char	Char.pRangeSucc?_eq	true
Init.Data.String.Iterate	String.Slice.RevByteIterator.instForInCharOfMonad	true
Init.Data.String.Lemmas.Pattern.Basic	String.Slice.Pattern.Model.matchAt?_eq_some_iff	true
Init.Data.String.Lemmas.Pattern.TakeDrop.Char	String.Slice.get_skipPrefixWhile_char_ne	true
Init.Data.String.Basic	String.Pos.next_ne_startPos	true
Init.Data.String.Basic	String.offset_pos	true
Init.Data.String.Basic	String.Slice.Pos.slice!	true
Init.Data.String.OrderInstances	String.Pos.instLawfulOrderBEq	true
Init.Data.String.Slice	String.Slice.SplitIterator.instIteratorIdSubslice.match_5	false
Init.Data.String.Pattern.Basic	String.Slice.Pattern.ForwardPattern.recOn	false
Init.Data.String.Lemmas.Pattern.Char	String.Slice.Pattern.Model.Char.isLongestMatchAt_of_get_eq	true
Init.Data.String.Pattern.Basic	String.Slice.Pattern.ToBackwardSearcher.DefaultBackwardSearcher.instIteratorLoopIdSearchStep	true
Init.Data.String.Defs	String.Slice.endPos	false
Init.Data.String.Lemmas.Pattern.String.ForwardPattern	String.Slice.endsWith_string_eq_endsWith_toSlice	true
Init.Data.String.Slice	String.Slice.instHashable	true
Init.Data.String.Basic	String.Pos.ofSliceFrom_le_ofSliceFrom_iff	true
Init.Data.String.Basic	String.Slice.isUTF8FirstByte_utf8ByteAt_zero	true
Init.Data.String.Basic	String.rawEndPos_toSlice	true
Init.Data.String.Basic	String.isUTF8FirstByte_getUTF8Byte_zero	true
Init.Data.String.Lemmas.Pattern.Char	String.Slice.dropWhile_char_eq_dropWhile_beq	true
Init.Data.String.Lemmas.Pattern.Pred	String.Slice.skipSuffixWhile_prop_eq_skipSuffixWhile_decide	true
Init.Data.String.Lemmas.Pattern.Basic	String.Slice.Pattern.Model.IsLongestMatchAtChain.eq_of_isLongestMatchAt_self	true
Init.Data.String.Basic	String.Slice.Pos.byte_copy	true
Init.Data.String.Lemmas.Pattern.Basic	String.Slice.Pattern.Model.IsLongestRevMatchAtChain.below.casesOn	true
Init.Data.String.Lemmas.Basic	String.Slice.Pos.cast_toSlice_copy	true
Init.Data.String.Basic	String.Pos.str_toSlice	true
Init.Data.String.PosRaw	String.Pos.Raw.inc_le	false
Init.Data.String.Basic	String.Slice.offset_pos	false
Init.Data.String.Iterator	String.Legacy.Iterator.casesOn	false
Init.Data.String.Basic	String.Pos.Raw.utf8PrevAux.eq_2	false
Init.Data.String.Basic	String.next'_eq	true
Init.Data.String.Lemmas.Pattern.TakeDrop.Basic	String.Slice.Pos.skipWhile_congr	true
Init.Data.String.Lemmas.Pattern.Pred	String.Slice.Pattern.Model.CharPred.Decidable.instPatternModelForallCharPropOfDecidablePred	false
Init.Data.String.Lemmas.Pattern.Char	String.Slice.Pattern.Model.Char.isLongestRevMatchAtChain_iff_isLongestRevMatchAtChain_beq	true
Init.Data.String.Lemmas.Pattern.Basic	String.Slice.Pattern.Model.IsLongestMatchAtChain.rec	true
Init.Data.String.Basic	String.toList.eq_1	true
Init.Data.String.Termination	String.Pos.Down.rec	false
Init.Data.String.Lemmas.Pattern.Pred	String.Slice.Pattern.Model.CharPred.Decidable.skipPrefix?_eq_skipPrefix?_decide	true
Init.Data.String.Defs	String.append_assoc	false
Init.Data.String.Defs	String.instInhabitedSlice	false
Init.Data.String.Pattern.Basic	String.Slice.Pattern.SearchStep.cast.congr_simp	true
Init.Data.String.Lemmas.Pattern.TakeDrop.Pred	String.Slice.endsWith_prop_iff_get	true
Init.Data.String.Lemmas.Pattern.Basic	String.Slice.Pattern.Model.IsValidSearchFrom.casesOn	true
Init.Data.String.Lemmas.Pattern.Basic	String.Slice.Pattern.Model.IsValidRevSearchFrom.recOn	true
Init.Data.String.Lemmas.Basic	String.Slice.pos.congr_simp	false
Init.Data.String.Lemmas.Pattern.TakeDrop.Basic	String.dropEndWhile_eq_toSlice_iff	true
Init.Data.String.Pattern.Basic	String.Slice.Pattern.ToBackwardSearcher.DefaultBackwardSearcher.mk.sizeOf_spec	false
Init.Data.String.Lemmas.Pattern.Basic	String.Slice.Pattern.Model.NoSuffixPatternModel.casesOn	false
Init.Data.String.Lemmas.Splits	String.Slice.Pos.splits_next	true
Init.Data.String.Lemmas.FindPos	String.Pos.next_prev	true
Init.Data.String.Pattern.Basic	String.Slice.Pattern.StrictBackwardPattern.ne_endPos	false
Init.Data.String.Decode	ByteArray.utf8DecodeChar?.FirstByte.oneMore.elim	false
Init.Data.String.Lemmas.Order	String.Pos.ofSlice_le_iff	true
Init.Data.String.Lemmas.Splits	String.Slice.splits_nextn_startPos	true
Init.Data.String.Lemmas.Pattern.Basic	String.Slice.Pattern.Model.not_isLongestRevMatch_endPos	true
Init.Data.String.Pattern.Basic	String.Slice.Pattern.BackwardPattern.skipSuffix?	false
Init.Data.Range.Polymorphic.Char	Char.instLawfulHasSize	true
Init.Data.String.Basic	String.lt_iff	true
Init.Data.String.Lemmas.Pattern.Char	String.Slice.startsWith_char_eq_startsWith_beq	true
Init.Data.String.Basic	String.Slice.endPos_copy	true
Init.Data.String.Pattern.Basic	String.Slice.Pattern.LawfulBackwardPattern.recOn	false
Init.Data.String.Termination	String.Slice.Pos.lt_iff_remainingBytes_lt	true
Init.Data.String.Lemmas.Basic	String.Slice.sliceTo_eq_self_iff	true
Init.Data.String.Basic	String.Pos.Raw.get!_eq_get	true
Init.Data.String.Lemmas.Pattern.TakeDrop.Basic	String.dropPrefix?_eq_dropPrefix?_toSlice	true
Init.Data.String.Length	Char.length_toString	true
Init.Data.String.Lemmas.Slice	String.Slice.back.eq_1	true
Init.Data.String.Basic	String.Pos.toSlice_le_toSlice_iff	true
Init.Data.ByteArray.Basic	ByteArray.Iterator.toEnd	false
Init.Data.String.Defs	String.Pos.Raw.byteIdx_sub_slice	false
Init.Data.String.Pattern.Basic	String.Slice.Pattern.ToBackwardSearcher.DefaultBackwardSearcher	false
Init.Data.String.Lemmas.Pattern.TakeDrop.Basic	String.Pos.skip?_toSlice	true
Init.Data.String.Lemmas.Pattern.Pred	String.Slice.Pattern.Model.CharPred.isLongestRevMatchAtChain_iff	true
Init.Data.String.Basic	String.Pos.ofSliceFrom	true
Init.Data.String.Slice	String.Slice.SplitIterator.instIteratorIdSubslice.match_1	false
Init.Data.String.Pattern.Basic	String.Slice.Pattern.ToForwardSearcher.recOn	false
Init.Data.String.Lemmas.Pattern.Basic	String.Slice.Pattern.Model.IsLongestRevMatch.sliceFrom	true
Init.Data.String.Lemmas.Splits	String.Slice.Pos.Splits.exists_eq_append_singleton	true
Init.Data.String.Lemmas.FindPos	String.Slice.posGE.induct_unfolding	true
Init.Data.String.Lemmas.Iterate	String.forIn_eq_forIn_chars	true
Init.Data.String.Basic	String.Pos.ofSliceTo_sliceTo	true
Init.Data.String.Iterator	String.Legacy.Iterator.sizeOf_next_lt_of_hasNext	true
Init.Data.String.Decode	String.utf8EncodeCharFast.eq_1	false
Init.Data.String.Basic	String.Pos.ne_startPos_of_lt	false
Init.Data.String.Lemmas.Modify	String.mapAux.induct_unfolding	true
Init.Data.String.TakeDrop	String.trimAsciiStart	true
Init.Data.String.Lemmas.Basic	String.Slice.mk.congr_simp	false
Init.Data.String.Lemmas.Pattern.TakeDrop.Basic	String.Slice.takeWhile_append_dropWhile	true
Init.Data.String.Defs	String.toByteArray_inj	false
Init.Data.String.Lemmas.FindPos	String.Slice.posGT_eq_iff	true
Init.Data.String.Lemmas.Pattern.Basic	String.Slice.Pattern.Model.IsLongestRevMatchAtChain	true
Init.Data.String.Pattern.Char	String.Slice.Pattern.Char.instToBackwardSearcherCharDefaultBackwardSearcherForallBoolBeq	true
Init.Data.String.Lemmas.Slice	String.Pos.get?_endPos	true
Init.Data.String.Lemmas.FindPos	String.Slice.Pos.prev?_eq_none	true
Init.Data.String.Lemmas.Basic	String.Slice.sliceFrom_slice	true
Init.Data.String.Lemmas.Basic	String.Pos.toSlice_nextn	true
Init.Data.String.Decode	ByteArray.utf8DecodeChar?.verify₃.eq_1	false
Init.Data.String.Basic	String.Pos.ofSlice_slice	true
Init.Data.String.Basic	String.Pos.Raw.isValidForSlice_stringSlice	true
Init.Data.String.Lemmas.TakeDrop	String.takeEnd_toSlice	true
Init.Data.String.Lemmas.Pattern.Basic	String.Slice.Pattern.Model.IsMatch.casesOn	true
Init.Data.String.Defs	String.utf8ByteSize.eq_1	false
Init.Data.String.Basic	String.Slice.Pos.slice_inj	true
Init.Data.String.Pattern.Basic	String.Slice.Pattern.ToBackwardSearcher.DefaultBackwardSearcher.recOn	false
Init.Data.String.Subslice	String.Slice.Subslice.cast.congr_simp	true
Init.Data.String.Lemmas.Pattern.Char	String.Slice.Pattern.Model.Char.isValidRevSearchFrom_iff_isValidRevSearchFrom_beq	true
Init.Data.String.Pattern.Basic	String.Slice.Pattern.ToBackwardSearcher.DefaultBackwardSearcher.casesOn	false
Init.Data.String.Lemmas.Pattern.TakeDrop.Pred	String.eq_append_of_dropPrefix?_bool_eq_some	true
Init.Data.String.Iterate	String.Slice.RevByteIterator.noConfusion	false
Init.Data.String.PosRaw	String.Pos.Raw.lt_inc	false
Init.Data.String.Lemmas.Pattern.TakeDrop.Basic	String.Slice.takeWhile_eq_sliceTo_skipPrefixWhile	true
Init.Data.String.Decode	List.utf8DecodeChar?_utf8Encode_singleton_append	true
Init.Data.String.Lemmas.Pattern.Basic	String.Slice.Pattern.Model.IsRevMatch.exists_isLongestRevMatch	true
Init.Data.String.Lemmas.Pattern.String.ForwardPattern	String.Slice.all_string_eq_all_toSlice	true
Init.Data.String.Bootstrap	String.Internal.get	false
Init.Data.String.Lemmas.Iterate	String.Slice.Model.revPositionsFrom_eq_cons	true
Init.Data.String.Lemmas.Order	String.Pos.ofSlice_ne_endPos	true
Init.Data.String.Iterate	String.Slice.RevByteIterator.mk.sizeOf_spec	false
Init.Data.String.Lemmas.Pattern.Pred	String.Slice.Pattern.Model.CharPred.not_matchesAt_of_get	true
Init.Data.String.Basic	String.Internal.toArray.eq_1	true
Init.Data.String.Lemmas.FindPos	String.Slice.Pos.posGT_offset	true
Init.Data.String.Lemmas.Pattern.Char	String.Slice.Pattern.Model.Char.revMatchesAt_iff	true
Init.Data.String.TakeDrop	String.Pos.skipWhile	true
Init.Data.String.Iterator	String.Legacy.Iterator.prevn	true
Init.Data.String.Lemmas.Iterate	String.Slice.Model.map_get_revPositionsFrom_of_splits	true
Init.Data.String.Lemmas.Pattern.TakeDrop.Pred	String.Slice.all_prop_eq	true
Init.Data.String.Lemmas.Pattern.TakeDrop.String	String.Slice.eq_append_of_dropPrefix?_slice_eq_some	true
Init.Data.String.Subslice	String.Slice.Subslice.ctorIdx	false
Init.Data.String.PosRaw	String.Pos.Raw.byteIdx_offsetBy	false
Init.Data.String.Lemmas.Pattern.TakeDrop.Pred	String.revAll_bool_eq	true
Init.Data.String.Extra	String.removeLeadingSpaces	true
Init.Data.String.Defs	String.append_left_inj	false
Init.Data.String.Lemmas.Pattern.Split.Basic	String.Slice.Pattern.Model.split_endPos	true
Init.Data.String.Lemmas.Pattern.Pred	String.Slice.Pattern.Model.CharPred.Decidable.matchAt?_eq	true
Init.Data.String.Search	String.Pos.revFind?	true
Init.Data.String.Lemmas.Pattern.Basic	String.Slice.Pattern.Model.IsLongestMatchAtChain.below.casesOn	true
Init.Data.String.Defs	String.Pos.Raw.IsValidForSlice	false
Init.Data.String.Decode	ByteArray.utf8DecodeChar?.FirstByte.noConfusion	false
Init.Data.String.Lemmas.Pattern.Basic	String.Slice.Pattern.Model.IsLongestMatchAt.le	true
Init.Data.String.Pattern.String	String.Slice.Pattern.ForwardSliceSearcher.instIteratorIdSearchStep.match_5	false
Init.Data.String.Defs	String.append_singleton	false
Init.Data.String.Lemmas.Pattern.TakeDrop.Basic	String.takeWhile_eq_toSlice_iff	true
Init.Data.String.Lemmas.Pattern.TakeDrop.Basic	String.Slice.skipPrefix?_eq_forwardPatternSkipPrefix?	false
Init.Data.String.Lemmas.Splits	String.Slice.Pos.Splits.casesOn	true
Init.Data.String.Lemmas.Pattern.Basic	String.Slice.Pattern.Model.RevMatchesAt.exists_isLongestRevMatchAt	true
Init.Data.String.Defs	String.instHAddSliceRaw	false
Init.Data.String.Basic	String.Pos.ofSlice_le_ofSlice_iff	true
Init.Data.String.PosRaw	String.Pos.Raw.offsetBy_assoc	false
Init.Data.String.Lemmas.Pattern.Find.Pred	String.Pos.find?_bool_eq_some_iff	true
Init.Data.ByteArray.Basic	ByteArray.Iterator.prev	false
Init.Data.ByteArray.Lemmas	ByteArray.getElem!_set!_ne	false
Init.Data.ByteArray.Lemmas	ByteArray.copySlice_eq_append	false
Init.Data.String.Lemmas.Pattern.TakeDrop.Char	String.Slice.eq_append_of_dropSuffix?_char_eq_some	true
Init.Data.String.Slice	String.Slice.RevSplitIterator.instIteratorOfPure.eq_1	false
Init.Data.String.Lemmas.Pattern.Char	String.Slice.Pattern.Model.Char.instLawfulForwardPatternModelChar	true
Init.Data.String.Lemmas.Pattern.TakeDrop.String	String.Slice.startsWith_slice_iff	true
Init.Data.String.Lemmas.Pattern.Char	String.Slice.Pattern.Model.Char.toBackwardSearcher_eq	true
Init.Data.Char.Lemmas	Char.leRefl	false
Init.Data.String.Basic	String.data	true
Init.Data.String.Lemmas.FindPos	String.Pos.prev_ofToSlice	true
Init.Data.String.Defs	String.Slice.Pos.mk.inj	false
Init.Data.String.Lemmas.Pattern.TakeDrop.Basic	String.Slice.skipPrefix?_eq_none_iff	false
Init.Data.String.Lemmas.Pattern.TakeDrop.Basic	String.Slice.dropPrefix?_eq_none_iff	false
Init.Data.Char.Lemmas	Char.leTrans	false
Init.Data.String.PosRaw	String.Pos.Raw.byteIdx_sub_string	false
Init.Data.String.Modify	String.Pos.Raw.modify	true
Init.Data.String.Slice	String.Slice.instToString	true
Init.Data.String.TakeDrop	String.Internal.isPrefixOfImpl	true
Init.Data.String.Lemmas.Splits	String.Pos.Splits.splits_rotateRight	true
Init.Data.String.Basic	String.Pos.get.eq_1	true
Init.Data.String.Lemmas.Pattern.TakeDrop.Char	String.Slice.Pos.get_revSkipWhile_char_ne	true
Init.Data.String.Bootstrap	String.Internal.pushn	false
Init.Data.String.Lemmas.Pattern.TakeDrop.Pred	String.Slice.startsWith_bool_iff_get	true
Init.Data.String.Basic	String.pos?	true
Init.Data.String.Lemmas.Pattern.Pred	String.Slice.Pattern.Model.CharPred.instNoSuffixPatternModelForallCharBool	true
Init.Data.String.Slice	String.Slice.RevSplitIterator.noConfusion	false
Init.Data.String.Defs	String.Pos.Raw.offsetBy_sliceRawEndPos_left	false
Init.Data.String.Basic	String.lt_next'	true
Init.Data.String.Lemmas.Pattern.String.Basic	String.Slice.Pattern.Model.ForwardSliceSearcher.isRevMatch_iff	true
Init.Data.String.Lemmas.Order	String.Slice.Pos.ofSliceTo_ne_endPos	true
Init.Data.String.Lemmas.Order	String.Slice.Pos.ofSlice_ne_startPos	true
Init.Data.String.Basic	String.Slice.extract_eq_copy_slice	true
Init.Data.String.Lemmas.Pattern.TakeDrop.Basic	String.takeWhile_takeWhile	true
Init.Data.String.Basic	String.Pos.ofSliceTo_inj	true
Init.Data.String.Lemmas.Pattern.String.Basic	String.Slice.Pattern.Model.ForwardStringSearcher.matchesAt_iff_splits	true
Init.Data.String.Basic	String.Pos.cast_inj	false
Init.Data.String.Basic	String.ofList_injective	true
Init.Data.String.Lemmas.Order	String.Slice.Pos.lt_endPos_iff	true
Init.Data.String.PosRaw	String.Pos.Raw.offsetBy_unoffsetBy_of_le	false
Init.Data.String.Lemmas.IsEmpty	String.isEmpty_iff	false
Init.Data.String.Defs	List.utf8Encode_eq_empty	true
Init.Data.String.Slice	String.Slice.SplitInclusiveIterator.operating.noConfusion	false
Init.Data.String.Lemmas.Pattern.TakeDrop.Basic	String.skipSuffixWhile_eq_skipSuffixWhile_toSlice	true
Init.Data.String.Lemmas.Pattern.TakeDrop.Basic	String.Slice.dropSuffix?_eq_none_iff	false
Init.Data.String.Lemmas.FindPos	String.Slice.posGE_le_iff	true
Init.Data.String.Pattern.Basic	String.Slice.Pattern.ToBackwardSearcher.DefaultBackwardSearcher.ctorIdx	false
Init.Data.String.Lemmas.Pattern.TakeDrop.Char	String.skipSuffix?_char_eq_some_iff	true
Init.Data.String.Pattern.String	String.Slice.Pattern.ForwardSliceSearcher.emptyAt.injEq	false
Init.Data.ByteArray.Lemmas	ByteArray.extract_append_eq_right	true
Init.Prelude	String.ctorIdx	false
Init.Data.String.Iterator	String.Legacy.Iterator.sizeOf_eq	false
Init.Data.String.Basic	String.Slice.Pos.offset_cast	true
Init.Data.String.Bootstrap	String.push	false
Init.Data.String.Defs	String.Slice.casesOn	false
Init.Data.String.Lemmas.Pattern.String.Basic	String.Slice.Pattern.Model.ForwardSliceSearcher.isLongestMatchAtChain_startPos_endPos_iff	true
Init.Data.String.Slice	String.Slice.takeWhile	true
Init.Data.String.Lemmas.Pattern.Char	String.Slice.Pattern.Model.Char.isLongestRevMatchAtChain_iff_toList	true
Init.Data.String.Basic	String.Slice.Pos.byte_eq_byte_copy	true
Init.Data.String.Basic	String.Pos.ofSliceFrom_inj	true
Init.Data.String.Termination	String.Pos.Down.mk.inj	false
Init.Data.String.Lemmas.Pattern.TakeDrop.Basic	String.Slice.Pos.le_skipWhile	true
Init.Data.String.Lemmas.Pattern.Split.Basic	String.Slice.toList_split_of_isEmpty	true
Init.Data.String.OrderInstances	String.Pos.Raw.instLawfulOrderLT	false
Init.Data.String.Lemmas.Pattern.Char	String.Slice.Pattern.Model.Char.revMatchAt?_eq	true
Init.Data.Char.Basic	Char.isUpper	false
Init.Data.String.Lemmas.Order	String.Slice.Pos.slice_le_slice_iff	true
Init.Data.String.Lemmas.Pattern.Char	String.Slice.Pattern.Model.Char.instLawfulToForwardSearcherModelCharDefaultForwardSearcherForallBoolBeq	true
Init.Data.Char.Lemmas	Char.not_le	false
Init.Data.ByteArray.Lemmas	ByteArray.extract_add_one	true
Init.Data.String.Basic	String.Slice.Pos.cast_cast	true
Init.Data.String.Lemmas.Splits	String.Slice.Pos.splits_ofEqAppend	true
Init.Data.String.Basic	String.Slice.Pos.byte.congr_simp	false
Init.Data.String.Defs	String.Slice.startPos	false
Init.Data.String.Lemmas.Splits	String.Pos.splits_prev_right	true
Init.Data.String.Lemmas.Pattern.TakeDrop.Basic	String.takeWhile_append_dropWhile	true
Init.Data.String.Lemmas.Pattern.Split.Basic	String.Slice.Pattern.Model.split_eq_of_isLongestMatchAt	true
Init.Data.String.Basic	String.Slice.Pos.cast_rfl	true
Init.Data.String.Lemmas.Splits	String.Slice.Pos.Splits.prevn	true
Init.Data.String.Lemmas.Pattern.Find.String	String.contains_slice_iff	true
Init.Data.String.Lemmas.TakeDrop	String.toList_copy_drop	true
Init.Data.String.Lemmas.Pattern.Split.Basic	String.Slice.toList_split_eq_splitToSubslice	true
Init.Data.String.Defs	String.Pos.mk	false
Init.Data.String.Lemmas.Splits	String.Slice.copy_slice_eq_append_of_lt	true
Init.Data.String.Lemmas.Basic	String.Slice.sliceTo_slice	true
Init.Data.String.Lemmas.Iterate	String.Model.positionsFrom_eq_map	true
Init.Data.String.Basic	String.instLE	true
Init.Data.String.Lemmas.Pattern.Split.Basic	String.Slice.Pattern.Model.split	true
Init.Data.String.Subslice	String.Slice.subslice_endPos	false
Init.Data.String.Lemmas.Pattern.TakeDrop.Char	String.Slice.Pos.skipWhile_char_eq_self_iff_get	true
Init.Data.String.Basic	String.Pos.ofSliceTo_startPos	true
Init.Data.String.OrderInstances	String.Pos.Raw.instAntisymmLe	false
Init.Data.String.Lemmas.Pattern.Find.Char	String.find?_char_eq_find?_beq	true
Init.Data.String.Basic	String.Slice.Pos.slice	false
Init.Data.String.Defs	String.instDecidableEqPos.decEq	false
Init.Data.String.Slice	String.Slice.SplitIterator	false
Init.Data.String.Lemmas.Slice	String.Slice.front.eq_1	true
Init.Data.String.Lemmas.Pattern.String.ForwardPattern	String.Slice.Pattern.BackwardPattern.skipSuffix?_string_eq_skipSuffix?_toSlice	true
Init.Data.String.TakeDrop	String.isPrefixOf	true
Init.Data.String.Slice	String.Slice.isInt	true
Init.Data.String.Lemmas.Splits	String.Slice.Pos.Splits.exists_eq_append_singleton_of_ne_startPos	true
Init.Data.String.PosRaw	String.Pos.Raw.min	false
Init.Data.String.Basic	String.Slice.Pos.ofSlice!	true
Init.Data.String.Pattern.String	String.Slice.Pattern.BackwardSliceSearcher.skipSuffix?	true
Init.Data.String.Iterate	String.byteIterator	true
Init.Data.String.Lemmas.Pattern.Basic	String.Slice.Pattern.Model.IsLongestRevMatchAt.le	true
Init.Data.Char.Ordinal	Char.ofOrdinal	true
Init.Data.String.TakeDrop	String.takeEndWhile	true
Init.Data.String.Iterator	String.Iterator.curr	true
Init.Data.String.Decode	List.utf8DecodeChar_utf8Encode_cons	true
Init.Data.String.Lemmas.Pattern.TakeDrop.Pred	String.revAll_prop_eq	true
Init.Data.String.Lemmas.Pattern.TakeDrop.Basic	String.Slice.Pattern.Model.dropWhile_eq_self_iff_or	true
Init.Data.String.Lemmas.FindPos	String.Pos.posLE_offset	true
Init.Data.String.Decode	ByteArray.utf8DecodeChar_extract_congr	true
Init.Data.String.Basic	String.Pos.offset_next	true
Init.Data.String.Pattern.String	String.Slice.Pattern.ForwardSliceSearcher.instForwardPattern	true
Init.Data.String.Lemmas.Basic	String.pos.eq_1	true
Init.Data.String.PosRaw	String.Pos.Raw.offsetBy_zero_left	false
Init.Data.String.Basic	String.Pos.Raw.isValidForSlice_prevAux	true
Init.Data.String.Iterate	String.Slice.RevByteIterator.offset	false
Init.Data.String.Basic	String.Pos.offset_ofCopy	true
Init.Data.String.Lemmas.Pattern.String.Basic	String.Slice.Pattern.Model.ForwardSliceSearcher.isLongestMatchAtChain_iff	true
Init.Data.String.Lemmas.Pattern.String.Basic	String.Slice.Pattern.Model.ForwardSliceSearcher.isLongestMatchAt_iff	true
Init.Data.String.Iterate	String.Slice.ByteIterator.instIteratorUInt8OfPure.match_1	false
Init.Data.String.Lemmas.Pattern.TakeDrop.Basic	String.Slice.Pattern.Model.Pos.not_matchesAt_skipWhile	true
Init.Data.String.Lemmas.Pattern.Basic	String.Slice.Pattern.Model.StrictPatternModel	false
Init.Data.String.Defs	ByteArray.IsValidUTF8.append	false
Init.Data.String.Lemmas.Order	String.Slice.Pos.next_le_iff_lt	true
Init.Data.String.Basic	ByteArray.utf8Decode?.go.match_1.congr_eq_1	false
Init.Data.String.Bootstrap	String.Internal.any	false
Init.Data.String.Lemmas.Pattern.String.Basic	String.Slice.Pattern.Model.ForwardStringSearcher.exists_revMatchesAt_iff_eq_append	true
Init.Data.String.Subslice	String.Slice.Subslice.mk.injEq	false
Init.Data.String.Lemmas.Pattern.TakeDrop.Pred	String.Slice.apply_skipPrefixWhile_bool_eq_false	true
Init.Data.String.Lemmas.FindPos	String.posGE_inc	true
Init.Data.String.Lemmas.FindPos	String.posLT_eq_posLT_toSlice	true
Init.Data.String.Lemmas.Pattern.TakeDrop.Char	String.Slice.all_char_iff	true
Init.Data.String.Pattern.String	String.Slice.Pattern.ForwardSliceSearcher.instIteratorIdSearchStep.eq_1	true
Init.Data.String.Bootstrap	String.Internal.foldl	false
Init.Data.String.Lemmas.Pattern.Char	String.Slice.Pattern.BackwardPattern.skipSuffix?_char_eq_skipSuffix?_beq	true
Init.Data.String.Lemmas.Pattern.String.Basic	String.Slice.Pattern.Model.ForwardSliceSearcher.isLongestRevMatchAtChain_startPos_endPos_iff	true
Init.Data.String.Pattern.Basic	String.Slice.Pattern.ForwardPattern.skipPrefixOfNonempty?.congr_simp	false
Init.Data.ByteArray.Lemmas	ByteArray.getElem_extract	true
Init.Data.String.TakeDrop	String.Pos.Raw.nextWhile	true
Init.Data.String.Lemmas.Pattern.TakeDrop.Char	String.Slice.Pos.revSkipWhile_char_eq_self_iff_get	true
Init.Data.String.Lemmas.Pattern.Basic	String.Slice.Pattern.Model.revMatchAt?_eq_some_iff	true
Init.Data.String.Lemmas.Order	String.Slice.Pos.get_eq_get_ofSlice	true
Init.Data.String.Lemmas.Pattern.String.ForwardPattern	String.Slice.skipPrefixWhile_string_eq_skipPrefixWhile_toSlice	true
Init.Data.String.Basic	String.utf8GetAux?	false
Init.Data.String.Lemmas.Basic	String.sliceTo_slice	true
Init.Data.String.Lemmas.Slice	String.Slice.Pattern.Internal.memcmpSlice.congr_simp	false
Init.Data.String.Lemmas.Search	String.back_toSlice	true
Init.Data.String.Lemmas.Splits	String.copy_sliceTo_eq_iff_exists_splits	true
Init.Data.String.Iterate	String.Slice.instInhabitedByteIterator	false
Init.Data.String.Lemmas.Order	String.Pos.le_ofSlice_iff	true
Init.Data.String.Defs	String.endValidPos	true
Init.Data.String.Defs	String.Pos.ext	false
Init.Data.String.Lemmas.Pattern.TakeDrop.Pred	String.Slice.startsWith_bool_eq_head?	true
Init.Data.String.Iterator	String.Legacy.Iterator.hasNext	false
Init.Data.String.Slice	String.Slice.toNat!	true
Init.Data.Char.Basic	Char.isLower	false
Init.Data.String.Bootstrap	String.Internal.next	false
Init.Data.String.Lemmas.FindPos	String.Slice.Pos.prev?_startPos	true
Init.Data.String.Lemmas.Order	String.Pos.ofSliceFrom_next	true
Init.Data.String.Lemmas.Pattern.TakeDrop.Pred	String.Slice.startsWith_bool_eq_false_iff_get	true
Init.Data.String.Lemmas.Pattern.Basic	String.Slice.Pattern.Model.isLongestRevMatch_iff_isLongestRevMatchAt_ofSliceTo	true
Init.Data.String.Basic	String.slice_toSlice	true
Init.Data.String.Lemmas.Pattern.Find.Char	String.Slice.Pos.find?_char_eq_none_iff	true
Init.Data.String.Pattern.String	String.Slice.Pattern.ForwardSliceSearcher.instIteratorIdSearchStep.match_1	false
Init.Data.String.Lemmas.Pattern.Pred	String.Slice.revAll_prop_eq_revAll_decide	true
Init.Data.String.TakeDrop	String.startsWith	true
Init.Data.String.Pattern.String	String.Slice.Pattern.ForwardSliceSearcher.atEnd	false
Init.Data.String.Search	String.Slice.Pos.revFind?	false
Init.Data.Char.Ordinal	Char.ordinal_zero	true
Init.Core	String.ofByteArray.inj	false
Init.Data.String.Pattern.String	String.Slice.Pattern.ForwardSliceSearcher.noConfusionType	false
Init.Data.String.Lemmas.Order	String.Pos.ofSliceFrom_ne_startPos	true
Init.Data.String.Basic	String.Slice.Pos.slice_ofSlice	false
Init.Data.String.Lemmas.Pattern.Char	String.Slice.Pattern.Model.Char.isLongestMatchAtChain_iff_isLongestMatchAtChain_beq	true
Init.Data.String.Lemmas.Pattern.Pred	String.Slice.Pattern.Model.CharPred.Decidable.isLongestRevMatch_iff_isLongestRevMatch_decide	true
Init.Data.String.Subslice	String.Slice.endExclusive_subslice	false
Init.Data.String.Subslice	String.Slice.Subslice.startInclusive	false
Init.Data.String.Lemmas.IsEmpty	String.Slice.startPos_eq_endPos_iff	false
Init.Data.String.Lemmas.IsEmpty	String.Slice.isEmpty_iff	false
Init.Data.String.Slice	String.Slice.SplitIterator.PlausibleStep	false
Init.Data.String.Lemmas.StringOrder	String.not_le	true
Init.Data.String.Lemmas.Pattern.String.Basic	String.Slice.Pattern.Model.ForwardStringSearcher.matchesAt_iff_getElem	true
Init.Data.String.OrderInstances	String.Pos.Raw.instTotalLe	false
Init.Data.String.Lemmas.Pattern.TakeDrop.Basic	String.Slice.isEmpty_dropWhile_iff_takeWhile_eq_self	true
Init.Data.String.Lemmas.Basic	String.sliceFrom_eq_toSlice_iff	true
Init.Data.String.Lemmas.Basic	String.Slice.sliceTo_sliceTo	true
Init.Data.String.Basic	String.Slice.Pos.toSlice_ofToSlice	true
Init.Data.String.Slice	String.Slice.dropEnd	true
Init.Data.String.Basic	String.extract_eq_copy_slice	true
Init.Data.String.Lemmas.Pattern.Split.Char	String.Slice.toList_split_intercalate_beq	true
Init.Data.ByteArray.Basic	ByteArray.Iterator.forward.match_1	false
Init.Data.String.PosRaw	String.Pos.Raw.addChar_byteIdx	false
Init.Data.String.Iterator	String.Legacy.Iterator.toString	false
Init.Data.String.Basic	String.Pos.toSlice_le	true
Init.Data.String.Lemmas.FindPos	String.Pos.prev_ne_endPos	true
Init.Data.String.TakeDrop	String.all	true
Init.Data.String.Basic	String.get!	true
Init.Data.String.Lemmas.StringOrder	String.ne_of_lt	true
Init.Data.ByteArray.Lemmas	ByteArray.extract_append_size_add'	true
Init.Data.String.Basic	String.Slice.Pos.ofSliceFrom_le_ofSliceFrom_iff	false
Init.Data.String.Iterate	String.Slice.RevPosIterator.instIteratorSubtypePosNeEndPosOfPure.match_1	false
Init.Data.String.Basic	String.Slice.pos?	true
Init.Data.String.PosRaw	String.Pos.Internal.subImpl	false
Init.Data.String.Iterator	String.mkIterator	false
Init.Data.String.Slice	String.Slice.intercalate	true
Init.Data.String.Lemmas.Pattern.TakeDrop.Pred	String.Slice.Pos.skip?_prop_eq_some_iff	true
Init.Data.String.Basic	String.Pos.ofSliceTo_le	true
Init.Data.String.Lemmas.Pattern.String.Basic	String.Slice.Pattern.Model.ForwardSliceSearcher.matchesAt_iff_splits	true
Init.Data.String.Lemmas.Splits	String.Slice.Pos.Splits.eq_endPos_iff	true
Init.Data.String.Basic	String.ext_iff	true
Init.Data.String.Lemmas.Splits	String.copy_slice_eq_append_of_lt	true
Init.Data.String.Termination	String.Slice.Pos.instWellFoundedRelationDown	false
Init.Data.String.Lemmas.Pattern.TakeDrop.Pred	String.Slice.startsWith_prop_iff_get	true
Init.Data.String.Termination	String.Pos.Down.recOn	false
Init.Data.String.Lemmas.Pattern.TakeDrop.Basic	String.Slice.Pattern.Model.skipSuffixWhile_eq_endPos_iff_or	true
Init.Data.String.Lemmas.Splits	String.Slice.Pos.Splits.lt_iff_exists_eq_append	true
Init.Data.String.Defs	String.size_toByteArray	false
Init.Data.ByteArray.Basic	ByteArray.iter	false
Init.Data.String.Basic	String.Slice.utf8ByteSize_sliceFrom	false
Init.Data.String.Lemmas.Order	String.Slice.Pos.lt_ofSliceTo_iff	true
Init.Data.String.Slice	String.Slice.RevSplitIterator.instIteratorOfPure	false
Init.Data.String.Lemmas.Pattern.Basic	String.Slice.Pattern.Model.NoSuffixPatternModel.rec	false
Init.Data.String.Lemmas.Pattern.Basic	String.Slice.Pattern.Model.LawfulBackwardPatternModel.skipSuffix?_sliceTo_eq_none_iff	true
Init.Data.String.Slice	String.Slice.takeEnd	true
Init.Data.String.Defs	String.Slice.instDecidableEqPos.decEq	false
Init.Data.ByteArray.Lemmas	ByteArray.extract_append_extract	true
Init.Data.String.Lemmas.Order	String.Slice.Pos.sliceTo_le_sliceTo_iff	false
Init.Data.String.Basic	ByteArray.utf8Decode?	true
Init.Data.String.Lemmas.Order	String.Pos.sliceTo_le_sliceTo_iff	true
Init.Data.String.Search	String.revPosOfAux	true
Init.Data.String.Termination	String.Pos.Down.mk.injEq	false
Init.Data.String.Lemmas.Order	String.Slice.Pos.ne_endPos_of_slice_ne_endPos	true
Init.Data.String.Lemmas.Pattern.Split.Char	String.Slice.Pattern.Model.split_char_eq_split_beq	true
Init.Data.String.Lemmas.Pattern.TakeDrop.Basic	String.Slice.Pattern.Model.skipPrefix?_eq_none_iff	true
Init.Data.String.Iterate	String.Slice.PosIterator.instIteratorSubtypePosNeEndPosOfPure	true
Init.Data.String.Defs	String.Pos.Raw.byteIdx_slice_add	false
Init.Data.String.Basic	String.Pos.Raw.isValid_iff_isUTF8FirstByte	true
Init.Data.String.Lemmas.Pattern.Basic	String.Slice.Pattern.Model.NoPrefixPatternModel.mk	false
Init.Data.String.Defs	String.Slice.Pos.noConfusion	false
Init.Data.String.FindPos	String.posGT	true
Init.Data.String.Basic	String.Slice.Pos.cast_lt_cast_iff	true
Init.Data.String.Slice	String.Slice.SplitIterator.operating.sizeOf_spec	false
Init.Data.String.Lemmas.Pattern.Basic	String.Slice.Pattern.Model.LawfulForwardPatternModel.casesOn	true
Init.Data.ByteArray.Lemmas	ByteArray.toList.loop.eq_1	false
Init.Data.String.Slice	String.Slice.SplitIterator.ctorIdx	false
Init.Data.String.Basic	String.Slice.Pos.prevAux.go	true
Init.Data.String.Lemmas.Pattern.TakeDrop.Basic	String.Pos.skipWhile_eq_skipWhile_toSlice	true
Init.Data.String.Lemmas.Slice	String.Pos.get?_toSlice	true
Init.Data.String.Basic	String.Slice.Pos.cast_endPos	true
Init.Data.String.Lemmas.Pattern.String.ForwardSearcher	String.Slice.Pattern.Model.ForwardSliceSearcher.toSearcher_of_isEmpty	false
Init.Data.String.Lemmas.Pattern.TakeDrop.Pred	String.Slice.Pos.revSkipWhile_bool_eq_self_iff_get	true
Init.Data.String.Lemmas.Splits	String.Slice.Pos.Splits.of_next	true
Init.Data.String.Lemmas.Pattern.TakeDrop.Basic	String.Slice.Pos.revSkipWhile_copy	true
Init.Data.String.Lemmas.Pattern.Basic	String.Slice.Pattern.Model.isValidSearchFrom_cast_iff	true
Init.Data.String.Lemmas.Splits	String.Slice.splits_prevn_endPos	true
Init.Data.String.Lemmas.Pattern.Basic	String.Slice.Pattern.Model.LawfulToBackwardSearcherModel	true
Init.Data.String.Basic	ByteArray.IsValidUTF8.push	true
Init.Data.String.Lemmas.Order	String.Pos.next_ofSliceFrom	true
Init.Data.String.Lemmas.Pattern.Basic	String.Slice.Pattern.Model.LawfulBackwardPatternModel.recOn	true
Init.Data.String.Pattern.Basic	String.Slice.Pattern.ToBackwardSearcher.noConfusionType	false
Init.Data.String.Lemmas.Pattern.String.Basic	String.Slice.Pattern.Model.ForwardSliceSearcher.isLongestMatch_iff	true
Init.Data.String.Lemmas.TakeDrop	String.Slice.drop_eq_sliceFrom	true
Init.Data.String.Basic	String.Pos.Raw.isValidForSlice_toSlice_iff	true
Init.Data.String.Subslice	String.Slice.Subslice.endExclusive_toSlice	false
Init.Data.String.Lemmas.Pattern.Char	String.Slice.skipSuffixWhile_char_eq_skipSuffixWhile_beq	true
Init.Data.String.Lemmas.Iterate	String.Pos.Splits.mem_toList_right_iff	true
Init.Data.String.Basic	String.Pos.ofSlice!	true
Init.Data.String.Pattern.Basic	String.Slice.Pattern.SearchStep.cast_rfl	true
Init.Prelude	Char.valid	false
Init.Data.String.Slice	String.Slice.trimAsciiStart	true
Init.Data.String.Lemmas.Order	String.Slice.Pos.offset_le_rawEndPos	false
Init.Data.String.Lemmas.Pattern.Basic	String.Slice.Pattern.Model.IsRevMatch.matches_copy	true
Init.Data.String.Termination	String.Pos.lt_iff_remainingBytes_lt	true
Init.Data.String.Basic	String.Slice.getUTF8Byte.congr_simp	false
Init.Data.String.Lemmas.IsEmpty	String.Slice.toByteArray_copy_eq_empty_iff	true
Init.Data.String.Lemmas.IsEmpty	String.isEmpty_sliceTo	true
Init.Data.String.Lemmas.Pattern.String.Basic	String.Slice.Pattern.Model.ForwardSliceSearcher.isLongestRevMatchAt_iff_splits	true
Init.Data.String.Lemmas.Splits	String.Pos.sliceFrom_cast	true
Init.Data.String.Lemmas.FindPos	String.Slice.Pos.prev_eq_posLT	true
Init.Data.String.ToSlice	String.ToSlice.casesOn	false
Init.Data.String.Slice	String.Slice.SplitIterator.noConfusionType	false
Init.Data.String.PosRaw	String.Pos.Raw.byteIdx_decreaseBy	false
Init.Data.String.Defs	String.Slice.mk.inj	false
Init.Data.String.Lemmas.Pattern.Basic	String.Slice.Pattern.Model.IsLongestMatchAtChain.nil	false
Init.Data.Char.Lemmas	Char.ltAsymm	false
Init.Data.String.Lemmas.Pattern.TakeDrop.Basic	String.Slice.revSkip?_endPos	true
Init.Data.String.Termination	String.Pos.next?.eq_1	true
Init.Data.String.Basic	String.Slice.Pos.sliceTo	false
Init.Data.String.Extra	String.crlfToLf	true
Init.Data.String.Slice	String.Slice.front?	true
Init.Data.ByteArray.Basic	ByteArray.Iterator.hasNext.eq_1	false
Init.Data.String.Pattern.Basic	String.Slice.Pattern.ToForwardSearcher.DefaultForwardSearcher.mk.injEq	false
Init.Data.String.Lemmas.Order	String.Slice.Pos.ofSlice_ne_endPos	true
Init.Data.String.Basic	String.Pos.ofSliceFrom_lt_ofSliceFrom_iff	true
Init.Data.String.Lemmas.Splits	String.Slice.Pos.splits_empty_right_iff	true
Init.Data.String.Lemmas.Pattern.TakeDrop.Basic	String.skipPrefix?_toSlice	true
Init.Data.String.Slice	String.Slice.RevSplitIterator	false
Init.Data.String.Lemmas.Pattern.Basic	String.Slice.Pattern.Model.LawfulToBackwardSearcherModel.defaultImplementation	true
Init.Data.String.Lemmas.Pattern.Basic	String.Slice.Pattern.Model.isLongestRevMatchAt_iff	true
Init.Data.String.Defs	String.Pos.Raw.offsetBy_sliceRawEndPos_right	false
Init.Data.String.Lemmas.Pattern.TakeDrop.Basic	String.Slice.Pattern.Model.skipPrefixWhile_eq_iff	true
Init.Data.String.Basic	String.sliceFrom.eq_1	true
Init.Data.String.Slice	String.Slice.instLE	true
Init.Data.String.Termination	String.Pos.Down.noConfusion	false
Init.Data.String.Modify	String.decapitalize	true
Init.Data.String.Defs	String.instCoeSlice	true
Init.Data.String.Lemmas.Pattern.String.Basic	String.Slice.Pattern.Model.ForwardSliceSearcher.isLongestMatch_iff_splits	true
Init.Data.String.Lemmas.Pattern.Pred	String.Slice.Pattern.Model.CharPred.Decidable.isValidSearchFrom_iff_isValidSearchFrom_decide	true
Init.Data.String.Slice	String.Slice.SplitIterator.noConfusion	false
Init.Data.String.Modify	String.Pos.appendRight	true
Init.Data.String.Iterate	String.Slice.PosIterator.mk.sizeOf_spec	false
Init.Data.String.Lemmas.FindPos	String.Slice.Pos.prevn_zero	true
Init.Data.String.Iterate	String.Slice.chars.match_1	false
Init.Data.String.Basic	String.toList_inj	true
Init.Data.Char.Basic	Char.instDecidableLe	false
Init.Data.String.Pattern.Basic	String.Slice.Pattern.ForwardPattern.skipPrefixOfNonempty?	false
Init.Data.String.Lemmas.Pattern.Basic	String.Slice.Pattern.Model.not_isLongestMatch_startPos	true
Init.Data.String.Iterate	String.Slice.RevPosIterator.noConfusionType	false
Init.Data.String.Basic	String.Slice.replaceStart	false
Init.Data.Char.Basic	Char.isValidCharNat	false
Init.Data.String.Defs	String.instDecidableLePos	false
Init.Data.String.PosRaw	String.Pos.Raw.sub_byteIdx	false
Init.Data.String.Lemmas.Pattern.TakeDrop.Basic	String.Pos.revSkipWhile_le	true
Init.Data.String.Lemmas.Pattern.Pred	String.Slice.find?_prop_eq_find?_decide	true
Init.Data.String.Lemmas.Pattern.TakeDrop.Basic	String.Slice.Pattern.Model.Pos.skip?_eq_matchAt?	true
Init.Data.String.Basic	String.Pos.ofSlice_le	true
Init.Data.String.Pattern.Basic	String.Slice.Pattern.LawfulBackwardPattern.skipSuffixOfNonempty?_eq	false
Init.Data.String.Lemmas.Pattern.Basic	String.Slice.Pattern.Model.LawfulBackwardPatternModel.skipSuffix?_eq_some_iff	true
Init.Data.String.Lemmas.Pattern.Find.Pred	String.Slice.Pos.find?_bool_eq_none_iff_of_splits	true
Init.Data.String.Lemmas.Pattern.TakeDrop.Char	String.startsWith_char_eq_head?	true
Init.Data.ByteArray.Lemmas	ByteArray.size_extract	false
Init.Data.String.Lemmas.Pattern.Find.Pred	String.find?_bool_eq_some_iff	true
Init.Data.String.Slice	String.Slice.revSplit	false
Init.Data.String.Lemmas.Splits	String.Pos.Splits.eq_startPos_iff	true
Init.Data.String.OrderInstances	String.Pos.Raw.instLinearOrderPackage	true
Init.Data.String.Pattern.Basic	String.Slice.Pattern.ToBackwardSearcher.DefaultBackwardSearcher.instIteratorIdSearchStepOfBackwardPattern	true
Init.Data.String.Iterate	String.positionsFrom	true
Init.Data.ByteArray.Lemmas	ByteArray.getElem!_set!	false
Init.Data.String.Lemmas.Basic	String.Pos.byte_eq_byte_toSlice	true
Init.Data.String.Basic	String.Slice.Pos.offset_add_slice	false
Init.Data.String.Decode	Char.utf8Size_eq_three_iff	false
Init.Prelude	Char.ne_of_val_ne	false
Init.Data.String.Lemmas.Basic	String.sliceFrom_sliceFrom	true
Init.Data.ByteArray.Lemmas	ByteArray.getElem_eq_getElem_data	false
Init.Data.String.Lemmas.FindPos	String.Slice.Pos.prev_lt_iff_le	true
Init.Data.String.Lemmas.Pattern.Basic	String.Slice.Pattern.Model.IsLongestRevMatch.ne_endPos	true
Init.Data.String.Defs	String.rawStartPos	false
Init.Data.String.Basic	String.Slice.slice_eq_slice!	false
Init.Data.String.Slice	String.Slice.SplitInclusiveIterator.operating.elim	false
Init.Data.String.Decode	ByteArray.utf8DecodeChar?.FirstByte.ctorElim	false
Init.Data.String.Lemmas.FindPos	String.Slice.Pos.ofSliceFrom_prev	true
Init.Data.String.Lemmas.Search	String.Pos.le_find	true
Init.Data.String.Lemmas.Pattern.TakeDrop.Basic	String.dropWhile_dropWhile	true
Init.Data.String.Lemmas.Splits	String.Slice.Pos.Splits.eq_startPos_iff	true
Init.Data.ByteArray.Lemmas	ByteArray.extract_extract	true
Init.Data.String.Iterator	String.Legacy.Iterator.mk.sizeOf_spec	false
Init.Data.String.Lemmas.FindPos	String.Pos.ofSliceFrom_prev	true
Init.Data.String.Decode	ByteArray.utf8DecodeChar?.FirstByte.oneMore.sizeOf_spec	false
Init.Data.String.Lemmas.Pattern.String.Basic	String.Slice.Pattern.Model.ForwardSliceSearcher.isLongestMatchAt_iff_splits	true
Init.Data.String.Basic	String.replaceStartEnd!	true
Init.Data.String.Pattern.Pred	String.Slice.Pattern.CharPred.instLawfulForwardPatternForallCharBool	true
Init.Data.String.Termination	String.Slice.Pos.ne_startPos_of_prev?_eq_some	true
Init.Data.String.Decode	ByteArray.utf8DecodeChar?.assemble₁	true
Init.Data.String.Defs	String.Slice.Pos.isValidForSlice	false
Init.Data.String.Pattern.String	String.Slice.Pattern.ForwardSliceSearcher.instIteratorIdSearchStep.match_3	false
Init.Data.String.Lemmas.Iterate	String.Slice.Model.mem_positionsFrom_startPos	true
Init.Data.String.Lemmas.TakeDrop	String.Slice.toList_copy_take	true
Init.Data.String.Iterate	String.Slice.revBytes	false
Init.Data.String.Lemmas.Order	String.Slice.Pos.sliceFrom_lt_sliceFrom_iff	true
Init.Data.String.PosRaw	String.Pos.Raw.byteIdx_zero	false
Init.Data.String.Basic	String.ofList_eq_empty_iff	true
Init.Data.String.Lemmas.Pattern.String.Basic	String.Slice.Pattern.Model.ForwardSliceSearcher.isLongestRevMatchAt_iff_extract	true
Init.Data.Range.Polymorphic.Char	Char.instHasSize_1	true
Init.Data.String.Pattern.Basic	String.Slice.Pattern.SearchStep.endPos_rejected	false
Init.Data.String.Pattern.Basic	String.Slice.Pattern.SearchStep.startPos_matched	false
Init.Data.String.Defs	String.Slice.getUTF8Byte!	false
Init.Data.String.Modify	String.Pos.offset_toModifyOfLE	true
Init.Data.String.Decode	String.utf8EncodeCharFast.fun_cases_unfolding	false
Init.Data.String.Lemmas.Pattern.Basic	String.Slice.Pattern.Model.IsMatch	true
Init.Data.ByteArray.Basic	ByteArray.uget	false
Init.Data.String.Pattern.Basic	String.Slice.Pattern.ToForwardSearcher.rec	false
Init.Data.String.Lemmas.Pattern.Pred	String.Slice.Pattern.Model.CharPred.Decidable.matchAt?_eq_matchAt?_decide	true
Init.Data.String.Decode	Char.utf8Size_eq_one_iff	false
Init.Data.String.Basic	String.Pos.le_cast_iff	false
Init.Data.String.Lemmas.Pattern.Find.Pred	String.Slice.Pos.find?_prop_eq_none_iff_of_splits	true
Init.Data.ByteArray.Basic	ByteArray.Iterator.remainingBytes.match_1	false
Init.Data.String.Search	String.Internal.posOfImpl	true
Init.Data.String.Lemmas.Pattern.TakeDrop.Pred	String.Pos.apply_skipWhile_prop	true
Init.Data.String.Basic	String.Pos.Raw.isValid_iff_exists_append	true
Init.Data.String.Lemmas.Pattern.Pred	String.Slice.Pattern.Model.CharPred.Decidable.isLongestRevMatchAt_iff	true
Init.Data.String.Subslice	String.Slice.Subslice.endExclusive	false
Init.Data.String.PosRaw	String.Pos.Raw.addChar_right_comm	false
Init.Data.String.Lemmas.Pattern.TakeDrop.Basic	String.Slice.skipPrefixWhile_eq_startPos_iff	true
Init.Data.String.Lemmas.Splits	String.Slice.Pos.Splits.pos_eq_of_eq_right	true
Init.Data.String.Lemmas.Pattern.Char	String.Slice.Pattern.Model.Char.isLongestMatchAtChain_iff_toList	true
Init.Data.String.Lemmas.Order	String.Slice.Pos.sliceFrom_le_iff	true
Init.Data.String.Decode	ByteArray.utf8DecodeChar?.FirstByte.done.sizeOf_spec	false
Init.Data.String.Pattern.String	String.Slice.Pattern.ForwardSliceSearcher.instFiniteIdSearchStep	true
Init.Data.String.Lemmas.Splits	String.Slice.copy_sliceTo_cast	true
Init.Data.String.Basic	String.Pos.sliceTo	true
Init.Data.String.Iterator	String.Legacy.Iterator.sizeOf_next_lt_of_atEnd	true
Init.Data.String.Pattern.String	String.Slice.Pattern.BackwardSliceSearcher.endsWith	false
Init.Data.String.Lemmas.Pattern.Basic	String.Slice.Pattern.Model.IsLongestRevMatchAtChain.sliceFrom	true
Init.Data.String.Lemmas.Pattern.Basic	String.Slice.Pattern.Model.IsValidSearchFrom	true
Init.Data.String.Lemmas.FindPos	String.Slice.le_posLT_iff	true
Init.Data.Char.Lemmas	Char.toString_eq_singleton	false
Init.Data.String.Iterate	String.Slice.RevByteIterator.hinv	false
Init.Data.String.Search	String.posOfAux	true
Init.Data.String.Lemmas.FindPos	String.Pos.prev?_eq_none	true
Init.Data.String.Lemmas.Pattern.Char	String.Slice.dropPrefix_char_eq_dropPrefix_beq	true
Init.Data.String.Lemmas.Basic	String.Slice.Pos.nextn_zero	true
Init.Data.String.Lemmas.Order	String.Slice.Pos.get_sliceTo	true
Init.Data.String.Lemmas.Pattern.Basic	String.Slice.Pattern.Model.PatternModel.casesOn	false
Init.Data.String.Pattern.Basic	String.Slice.Pattern.ToBackwardSearcher.toSearcher	false
Init.Data.String.Lemmas.Basic	String.singleton_inj	true
Init.Data.String.PosRaw	String.Pos.Raw.inc	false
Init.Data.String.Basic	String.Slice.rawEndPos_sliceTo	false
Init.Data.String.Basic	String.Slice.replaceStartEnd	false
Init.Data.String.Lemmas.Pattern.TakeDrop.Pred	String.Slice.Pos.revSkip?_bool_eq_none_iff	true
Init.Data.String.Lemmas.Pattern.String.ForwardPattern	String.Slice.Pos.skipWhile_string_eq_skipWhile_toSlice	true
Init.Data.String.PosRaw	String.Pos.Raw.add_char_right_comm	false
Init.Data.String.Basic	String.Pos.next.eq_1	true
Init.Data.String.Search	String.toInt!	true
Init.Data.String.Pattern.Pred	String.Slice.Pattern.CharPred.Decidable.instLawfulBackwardPatternForallCharProp	true
Init.Data.String.Defs	String.Pos.isAtEnd_iff	true
Init.Data.String.Lemmas.TakeDrop	String.toList_copy_dropEnd	true
Init.Data.String.Subslice	String.Slice.Subslice.copy	true
Init.Data.String.Pattern.Basic	String.Slice.Pattern.SearchStep.matched.inj	false
Init.Data.String.Basic	String.Slice.Pos.ofReplaceStart	false
Init.Data.String.Lemmas.Pattern.Pred	String.Slice.Pos.skipWhile_prop_eq_skipWhile_decide	true
Init.Data.String.Basic	String.Slice.Pos.offset_le_offset_endExclusive	false
Init.Data.String.Lemmas.StringOrder	String.instIsLinearOrder	true
Init.Data.String.ToSlice	String.ToSlice.mk	false
Init.Data.String.Pattern.Basic	String.Slice.Pattern.StrictBackwardPattern.recOn	false
Init.Data.String.TakeDrop	String.drop	true
Init.Data.String.Defs	String.Pos.Raw.IsValidForSlice.le_utf8ByteSize	false
Init.Data.String.Lemmas.Pattern.TakeDrop.Basic	String.Slice.isEmpty_dropEndWhile_iff_takeEndWhile_eq_self	true
Init.Data.String.Lemmas.Pattern.TakeDrop.Basic	String.Slice.dropWhile_eq_sliceFrom_skipPrefixWhile	true
Init.Data.String.Lemmas.Pattern.TakeDrop.String	String.Slice.eq_append_of_dropSuffix?_slice_eq_some	true
Init.Data.String.Basic	String.Pos.Raw.isValidForSlice_iff_exists_append	true
Init.Data.String.Lemmas.Splits	String.Pos.Splits.ne_startPos_of_singleton	true
Init.Data.String.Lemmas.Order	String.Slice.Pos.ofSliceTo_le_iff	true
Init.Data.String.Lemmas.Pattern.TakeDrop.Basic	String.dropEndWhile_toSlice	true
Init.Data.String.Lemmas.Order	String.Pos.ne_next	true
Init.Data.String.Lemmas.Splits	String.Slice.Pos.Splits.rec	true
Init.Data.ByteArray.Lemmas	ByteArray.append_eq_append_iff_of_size_eq_left	true
Init.Data.String.PosRaw	String.Pos.Raw.byteIdx_dec	false
Init.Data.String.Iterate	String.Slice.ByteIterator.instFiniteUInt8	false
Init.Data.String.Basic	String.Pos.sliceFrom_ofSliceFrom	true
Init.Data.String.Defs	String.toByteArray_empty	false
Init.Data.String.Pattern.Basic	String.Slice.Pattern.ToBackwardSearcher.DefaultBackwardSearcher.instFiniteIdSearchStepOfStrictBackwardPattern	true
Init.Data.String.Lemmas.IsEmpty	String.isEmpty_sliceFrom	true
Init.Data.String.Lemmas.FindPos	String.Slice.posGT.congr_simp	true
Init.Data.String.Lemmas.Order	String.Slice.Pos.lt_ofSliceFrom_iff	true
Init.Data.String.Slice	String.Slice.SplitIterator.atEnd.sizeOf_spec	false
Init.Data.String.Lemmas.Pattern.TakeDrop.Basic	String.Slice.Pattern.Model.Pos.revSkipWhile_eq_self_iff_or	true
Init.Data.String.Lemmas.Pattern.TakeDrop.Pred	String.endsWith_bool_eq_false_iff_get	true
Init.Data.String.Lemmas.Splits	String.splits_singleton_iff	true
Init.Data.String.Lemmas.FindPos	String.Pos.posLT_offset	true
Init.Data.String.Basic	String.Pos.le_of_lt	false
Init.Data.String.Termination	String.Pos.next_induction	true
Init.Data.String.Defs	String.Slice.noConfusionType	false
Init.Data.String.Lemmas.Splits	String.Slice.splits_singleton_right_iff	true
Init.Data.Char.Ordinal	Char.ofOrdinal_injective	true
Init.Data.String.Lemmas.Pattern.TakeDrop.Basic	String.Slice.Pattern.Model.skipPrefixWhile_eq_startPos_iff_or	true
Init.Data.String.Pattern.Basic	String.Slice.Pattern.SearchStep.startPos_cast	true
Init.Data.String.Lemmas.Pattern.Split.Pred	String.Slice.Pattern.Model.split.induct_unfolding	true
Init.Data.String.Lemmas.Pattern.Basic	String.Slice.Pattern.Model.IsValidSearchFrom.below.mismatched	true
Init.Data.String.Basic	String.extract	true
Init.Data.String.Lemmas.Basic	String.copy_toByteArray_sliceTo	true
Init.Data.String.Defs	String.instInhabitedPos_1	false
Init.Data.String.Subslice	String.Slice.Subslice.extendLeft_extendLeft	false
Init.Data.String.Lemmas.Pattern.Basic	String.Slice.Pattern.Model.IsLongestRevMatchAt.matches_slice	true
Init.Data.String.Lemmas.Pattern.TakeDrop.Basic	String.dropEndWhile_eq_dropEndWhile_toSlice	true
Init.Data.String.Basic	String.Slice.extract	true
Init.Data.String.Slice	String.Slice.RevSplitIterator.atEnd	false
Init.Data.String.Lemmas.Splits	String.Pos.Splits.recOn	false
Init.Data.String.Lemmas.Pattern.Basic	String.Slice.Pattern.Model.PatternModel.recOn	false
Init.Data.String.Basic	String.Pos.Raw.utf8GetAux.match_1	false
Init.Data.String.Bootstrap	String.push.match_1	false
Init.Data.String.Lemmas.Pattern.Pred	String.Slice.Pattern.Model.CharPred.instNoPrefixPatternModelForallCharBool	true
Init.Data.Ord.String	String.instTransOrd	true
Init.Data.String.Pattern.Basic	String.Slice.Pattern.ToForwardSearcher.DefaultForwardSearcher.noConfusionType	false
Init.Data.String.Iterate	String.Slice.RevByteIterator.instIteratorLoopUInt8OfMonad	true
Init.Data.String.Lemmas.Pattern.Basic	String.Slice.Pattern.Model.NoPrefixPatternModel.of_length_toList_eq	true
Init.Data.String.Pattern.Char	String.Slice.Pattern.Char.instStrictForwardPatternChar	true
Init.Data.String.Lemmas.Pattern.TakeDrop.Char	String.Slice.startsWith_char_eq_false_iff_get	true
Init.Data.ByteArray.Basic	ByteArray.findFinIdx?.loop.eq_def	false
Init.Data.String.PosRaw	String.Pos.Raw.offsetBy_zero	false
Init.Data.String.Lemmas.Pattern.Pred	String.Slice.Pattern.Model.CharPred.revMatchesAt_iff	true
Init.Data.String.Lemmas.Splits	String.Pos.ofEqAppend	true
Init.Data.String.Lemmas.Basic	String.Slice.ext	false
Init.Data.String.Defs	String.instLTPos_1	false
Init.Data.String.Lemmas.Pattern.TakeDrop.Pred	String.Pos.skip?_prop_eq_none_iff	true
Init.Data.String.Pattern.Basic	String.Slice.Pattern.ToBackwardSearcher.DefaultBackwardSearcher.currPos	false
Init.Data.String.Lemmas.Splits	String.Pos.Splits.splits_rotateLeft	true
Init.Data.String.Slice	String.Slice.SplitIterator.instIteratorIdSubslice.eq_1	false
Init.Data.String.Basic	String.Pos.slice!	true
Init.Data.String.Lemmas.Pattern.String.Basic	String.Slice.Pattern.Model.ForwardStringSearcher.revMatchesAt_iff_splits	true
Init.Data.String.Slice	String.Slice.RevSplitIterator.instIteratorOfPure.match_1	false
Init.Core	Char.mk.injEq	false
Init.Data.String.Basic	String.Pos.Raw.IsValidForSlice.ofSlice	true
Init.Data.String.Pattern.Basic	String.Slice.Pattern.ForwardPattern.mk	false
Init.Data.String.Lemmas.Pattern.String.ForwardPattern	String.Slice.Pattern.Model.BackwardSliceSearcher.instLawfulBackwardPatternModel	true
Init.Data.String.Basic	String.Pos.sliceTo.congr_simp	true
Init.Data.String.Lemmas.Splits	String.splits_nextn_startPos	true
Init.Data.ByteArray.Lemmas	ByteArray.size_set!	false
Init.Data.String.Basic	String.Pos.Raw.extract.go₁.match_1	false
Init.Data.String.Defs	String.instHSubRawSlice	false
Init.Data.String.Pattern.Pred	String.Slice.Pattern.CharPred.instBackwardPatternForallCharBool	true
Init.Data.String.Lemmas.Pattern.String.ForwardPattern	String.Slice.Pattern.ForwardSliceSearcher.skipPrefix?_of_isEmpty	true
Init.Data.String.Decode	ByteArray.utf8DecodeChar?.match_1	false
Init.Data.String.Basic	String.head_data	true
Init.Data.String.Lemmas.Pattern.Basic	String.Slice.Pattern.Model.IsLongestMatch	true
Init.Data.String.Iterate	String.Slice.RevByteIterator.ctorIdx	false
Init.Data.String.Basic	String.decLE	true
Init.Data.String.Lemmas.Intercalate	String.appendSlice_eq	true
Init.Data.String.Lemmas.Pattern.Basic	String.Slice.Pattern.Model.RevMatchesAt.recOn	true
Init.Data.String.Decode	ByteArray.le_size_of_utf8DecodeChar?_eq_some	true
Init.Data.String.Termination	String.Slice.Pos.Down.ctorIdx	false
Init.Data.String.Termination	String.Slice.Pos.remainingBytes	false
Init.Data.String.PosRaw	String.instLERaw	false
Init.Data.String.Lemmas.Pattern.TakeDrop.Basic	String.dropSuffix?_toSlice	true
Init.Data.String.Defs	String.Slice.rec	false
Init.Data.String.Lemmas.Pattern.String.Basic	String.Slice.Pattern.Model.ForwardSliceSearcher.matchesAt_iff_getElem	true
Init.Data.String.Lemmas.Order	String.Pos.lt_sliceTo_iff	true
Init.Data.String.Basic	String.Pos.offset_ofSliceFrom	true
Init.Data.String.Lemmas.Basic	String.getUTF8Byte_eq_getUTF8Byte_toSlice	true
Init.Data.String.Search	String.toInt?	true
Init.Data.ByteArray.Basic	ByteArray.Iterator.mk.sizeOf_spec	false
Init.Data.String.Lemmas.Splits	String.Pos.Splits.eq	true
Init.Data.String.Lemmas.Pattern.TakeDrop.Pred	String.Slice.startsWith_prop_eq_head?	true
Init.Data.String.Lemmas.Splits	String.Pos.Splits.offset_eq_rawEndPos	false
Init.Data.String.Lemmas.Pattern.String.Basic	String.Slice.Pattern.Model.ForwardStringSearcher.isLongestRevMatchAt_iff	true
Init.Data.ByteArray.Lemmas	ByteArray.append_eq_empty_iff	false
Init.Data.String.Basic	String.Slice.Pos.ofSliceTo_sliceTo	false
Init.Data.String.Lemmas.Pattern.Basic	String.Slice.Pattern.Model.matchesAt_iff_exists_isLongestMatchAt	true
Init.Data.String.Iterator	String.Legacy.Iterator.noConfusion	false
Init.Data.String.Decode	ByteArray.utf8DecodeChar?.FirstByte.noConfusionType	false
Init.Data.String.PosRaw	String.Pos.Raw.mk_zero	false
Init.SizeOf	Char.mk.congr_simp	false
Init.Data.String.Basic	String.Pos.lt_of_le_of_ne	false
Init.Data.String.Lemmas.IsEmpty	String.Slice.toByteArray_copy_ne_empty_iff	true
Init.Data.String.PosRaw	String.Pos.Raw.byteIdx_inc	false
Init.Data.String.Basic	String.sliceTo_toSlice	true
Init.Data.String.Defs	String.singleton_eq_asString	false
Init.Data.String.Decode	ByteArray.utf8DecodeChar?.FirstByte.invalid.sizeOf_spec	false
Init.Data.String.Basic	String.Slice.toByteArray_str_eq	true
Init.Data.String.Modify	String.Pos.offset_toSetOfLE	true
Init.Data.String.Lemmas.Pattern.Pred	String.Slice.Pattern.Model.CharPred.Decidable.isLongestMatchAt_iff_isLongestMatchAt_decide	true
Init.Data.Char.Basic	Char.toNat	false
Init.Data.String.Modify	String.Pos.Raw.set	true
Init.Data.String.Basic	String.Pos.cast_lt_iff	false
Init.Data.String.Lemmas.Pattern.Basic	String.Slice.Pattern.Model.IsValidRevSearchFrom.brecOn	true
Init.Data.String.Pattern.String	String.Slice.Pattern.ForwardSliceSearcher.emptyBefore.sizeOf_spec	false
Init.Data.String.Basic	String.push_induction	false
Init.Data.String.Lemmas.FindPos	String.Slice.posGT_eq_next	true
Init.Data.String.Lemmas.Pattern.Basic	String.Slice.Pattern.Model.IsLongestRevMatchAtChain.below.nil	true
Init.Data.String.Lemmas.Pattern.Basic	String.Slice.Pattern.Model.IsLongestMatchAtChain.casesOn	true
Init.Data.String.Lemmas.Pattern.Char	String.Slice.Pattern.Model.Char.isLongestMatchAt_iff_isLongestMatchAt_beq	true
Init.Data.String.Lemmas.Pattern.Basic	String.Slice.Pattern.Model.IsLongestMatchAtChain.below.rec	true
Init.Data.ByteArray.Lemmas	ByteArray.append_right_inj	false
Init.Data.String.Lemmas.FindPos	String.Pos.prev?_startPos	true
Init.Data.String.Basic	String.Slice.Pos.prevAux_lt_self	true
Init.Data.String.Lemmas.FindPos	String.posLT_eq_prev	true
Init.Data.String.Decode	Char.utf8Size_pos	false
Init.Data.String.Lemmas.Pattern.Find.Char	String.Slice.find?_char_eq_some_iff_splits	true
Init.Data.ByteArray.Lemmas	ByteArray.extract_zero_max_size	true
Init.Data.String.Pattern.Basic	String.Slice.Pattern.LawfulForwardPattern.casesOn	false
Init.Data.String.Length	String.Internal.size_toArray	true
Init.Data.ByteArray.Basic	ByteArray.instEmptyCollection	false
Init.Data.String.Lemmas.Basic	String.cast_pos	true
Init.Data.String.Lemmas.Pattern.TakeDrop.Basic	String.Slice.dropWhile_dropWhile	true
Init.Data.String.Lemmas.Pattern.String.ForwardSearcher	String.Slice.Pos.find?_string_eq_find?_toSlice	true
Init.Data.String.Iterator	String.Legacy.iter	false
Init.Data.String.Basic	String.Slice.toByteArray_copy	true
Init.Data.String.Lemmas.Pattern.Find.Pred	String.find?_bool_eq_some_iff_splits	true
Init.Data.String.Pattern.Basic	String.Slice.Pattern.BackwardPattern.rec	false
Init.Data.String.Lemmas.Pattern.TakeDrop.Basic	String.Slice.isEmpty_takeEndWhile_dropEndWhile	true
Init.Data.String.Lemmas.Pattern.String.ForwardPattern	String.Slice.takeWhile_string_eq_takeWhile_toSlice	true
Init.Data.String.Lemmas.Pattern.Find.String	String.contains_string_iff	true
Init.Data.String.Basic	String.Pos.Raw.isValid.eq_def	false
Init.Data.String.Lemmas.Pattern.TakeDrop.Pred	String.all_prop_eq	true
Init.Data.String.Basic	String.Pos.le_ofToSlice_iff	true
Init.Data.String.Subslice	String.Slice.Subslice.mk.inj	false
Init.Data.String.Defs	String.pushn	false
Init.Data.String.Lemmas.Pattern.String.Basic	String.Slice.Pattern.Model.ForwardSliceSearcher.exists_matchesAt_iff_eq_append	true
Init.Data.String.Lemmas.Pattern.TakeDrop.Pred	String.Slice.apply_skipSuffixWhile_prop	true
Init.Data.String.Lemmas.Splits	String.copy_sliceFrom_cast	true
Init.Data.String.Lemmas.Basic	String.pos.congr_simp	true
Init.Data.String.Basic	String.Pos.get?	true
Init.Data.String.Pattern.Basic	String.Slice.Pattern.ToForwardSearcher	false
Init.Data.String.Basic	String.Slice.Pos.le_ofSlice	false
Init.Data.String.Lemmas.Basic	String.Pos.nextn_endPos	true
Init.Data.String.Lemmas.Pattern.TakeDrop.Basic	String.Slice.Pattern.Model.skipSuffixWhile_eq_iff	true
Init.Data.String.PosRaw	String.Pos.Raw.byteIdx_unoffsetBy	false
Init.Data.ByteArray.Bootstrap	ByteArray.ext	false
Init.Data.String.Lemmas.Pattern.TakeDrop.Pred	String.Slice.skipPrefix?_bool_eq_some_iff	true
Init.Data.String.Decode	Char.utf8Size.eq_def	false
Init.Data.String.Termination	String.Slice.Pos.Down.recOn	false
Init.Data.String.Basic	String.Pos.Raw.isValidForSlice_stringSliceFrom	true
Init.Data.String.Lemmas.Pattern.TakeDrop.Pred	String.Slice.apply_of_lt_skipPrefixWhile_prop	true
Init.Data.String.Lemmas.Pattern.TakeDrop.Char	String.endsWith_char_eq_getLast?	true
Init.Data.String.Lemmas.FindPos	String.Slice.Pos.ofSliceTo_prev	true
Init.Data.String.Termination	String.Pos.Down.mk	false
Init.Meta.Defs	String.toName	false
Init.Data.String.Slice	String.Slice.Pos.revSkip?	false
Init.Data.String.TakeDrop	String.dropPrefix	true
Init.Prelude	ByteArray.IsValidUTF8.casesOn	false
Init.Data.String.Bootstrap	String.Internal.contains	false
Init.Data.String.Decode	ByteArray.utf8DecodeChar?.FirstByte.threeMore.elim	false
Init.Data.String.Lemmas.Pattern.Char	String.Slice.Pattern.Model.Char.matchAt?_eq_matchAt?_beq	true
Init.Data.String.Lemmas.Splits	String.copy_sliceTo_eq_iff_splits	true
Init.Data.String.TakeDrop	String.Slice.takeRightWhile	true
Init.Data.String.Lemmas.Splits	String.Slice.copy_slice_eq_iff_splits	true
Init.Data.String.Lemmas.Iterate	String.Slice.Model.revPositionsFrom_startPos	true
Init.Data.String.Lemmas.Pattern.TakeDrop.Basic	String.isEmpty_dropWhile	true
Init.Data.String.Lemmas.Pattern.Basic	String.Slice.Pattern.Model.IsLongestMatchAt.recOn	true
Init.Data.String.Lemmas.Pattern.Find.Pred	String.Pos.find?_prop_eq_none_iff	true
Init.Data.String.Lemmas.FindPos	String.posGE_toSlice	true
Init.Data.String.Lemmas.Pattern.TakeDrop.Pred	String.Slice.Pos.skip?_prop_eq_none_iff	true
Init.Data.String.Search	String.Internal.anyImpl	true
Init.Data.String.FindPos	String.Pos.prev!	true
Init.Data.String.Lemmas.Pattern.Find.Pred	String.Pos.find?_bool_eq_none_iff_of_splits	true
Init.Data.String.Subslice	String.Slice.toSlice_subsliceFrom	false
Init.Data.String.Basic	String.size_bytes	false
Init.Data.String.Defs	String.Slice.endExclusive	false
Init.Data.String.Iterate	String.positions	true
Init.Data.String.Lemmas.Pattern.Pred	String.Slice.Pattern.Model.CharPred.instLawfulToBackwardSearcherModelForallCharBoolDefaultBackwardSearcher	true
Init.Data.String.TakeDrop	String.Internal.dropImpl	true
Init.Data.String.Basic	String.Slice.replaceStartEnd!	false
Init.Data.String.Pattern.String	String.Slice.Pattern.ForwardSliceSearcher.emptyAt.noConfusion	false
Init.Data.String.Basic	String.Pos.Raw.offsetOfPosAux	true
Init.Data.String.Modify	String.Pos.pastSet	true
Init.Data.String.Lemmas.Pattern.Basic	String.Slice.Pattern.Model.NoSuffixPatternModel.eq_empty	false
Init.Data.String.Termination	String.Slice.Pos.Splits.remainingBytes_eq	true
Init.Data.String.Subslice	String.Slice.subslice!	false
Init.Data.String.Lemmas.Iterate	String.toList_revChars	true
Init.Data.String.Lemmas.Pattern.Basic	String.Slice.Pattern.Model.lt_of_matchAt?_eq_some	true
Init.Data.String.Lemmas.Pattern.Char	String.Slice.dropEndWhile_char_eq_dropEndWhile_beq	true
Init.Data.String.Subslice	String.Slice.Subslice.toSlice.eq_1	false
Init.Data.String.Basic	ByteArray.utf8Decode?_empty	true
Init.Data.String.Lemmas.FindPos	String.posGT.congr_simp	true
Init.Data.String.ToSlice	String.instToSlice	true
Init.Data.String.Lemmas.IsEmpty	String.Slice.isEmpty_iff_forall_eq	false
Init.Data.String.Basic	ByteArray.isSome_utf8Decode?_iff	true
Init.Data.String.Lemmas.Pattern.TakeDrop.Basic	String.Slice.skipPrefixWhile_eq_skipWhile_startPos	true
Init.Prelude	String.rawEndPos	false
Init.Data.String.Lemmas.Pattern.Basic	String.Slice.Pattern.Model.PatternModel.mk	false
Init.Data.String.Lemmas.Pattern.TakeDrop.Basic	String.Slice.Pattern.Model.Pos.revSkipWhile_le_of_isLongestRevMatchAtChain	true
Init.Data.Char.Ordinal	Char.val_ofOrdinal	true
Init.Data.String.Lemmas.Order	String.Slice.Pos.next_ofSliceFrom	true
